{
  "Version": 3,
  "Meta": {
    "Duration": 8.0,
    "Fps": 30.0,
    "Loop": true,
    "CurveCount": 170,
    "TotalSegmentCount": 691,
    "TotalPointCount": 867,
    "UserDataCount": 1,
    "TotalUserDataSize": 0
  },
  "Curves": [
    {
      "Target": "Parameter",
      "Id": "zhuweibabianxing",
      "Segments": [
        0,
        0,
        0,
        2.033,
        -1,
        0,
        4.767,
        0.629,
        0,
        6.667,
        -1,
        0,
        8,
        0
      ]
    },
    {
      "Target": "Parameter",
      "Id": "zhupigushangxia",
      "Segments": [
        0,
        0,
        0,
        0.867,
        1,
        1,
        1.222,
        1,
        1.578,
        0.698,
        1.933,
        0,
        1,
        2.255,
        -0.632,
        2.578,
        -1,
        2.9,
        -1,
        1,
        3.256,
        -1,
        3.611,
        -0.708,
        3.967,
        0,
        1,
        4.278,
        0.619,
        4.589,
        1,
        4.9,
        1,
        1,
        5.256,
        1,
        5.611,
        0.687,
        5.967,
        0,
        1,
        6.3,
        -0.644,
        6.634,
        -1,
        6.967,
        -1,
        0,
        8,
        0
      ]
    },
    {
      "Target": "Parameter",
      "Id": "zhupiguzuoyou",
      "Segments": [
        0,
        -1,
        1,
        0.289,
        -1,
        0.578,
        -0.591,
        0.867,
        0,
        1,
        1.222,
        0.728,
        1.578,
        1,
        1.933,
        1,
        1,
        2.255,
        1,
        2.578,
        0.632,
        2.9,
        0,
        1,
        3.256,
        -0.698,
        3.611,
        -1,
        3.967,
        -1,
        1,
        4.278,
        -1,
        4.589,
        -0.619,
        4.9,
        0,
        1,
        5.256,
        0.708,
        5.611,
        1,
        5.967,
        1,
        1,
        6.3,
        1,
        6.634,
        0.656,
        6.967,
        0,
        1,
        7.311,
        -0.677,
        7.656,
        -1,
        8,
        -1
      ]
    },
    {
      "Target": "Parameter",
      "Id": "shubianhua",
      "Segments": [
        0,
        0,
        0,
        0.933,
        5,
        0,
        2,
        0,
        0,
        3.067,
        5,
        0,
        4.133,
        0,
        0,
        5.167,
        5,
        0,
        6.233,
        0,
        0,
        7.067,
        5,
        0,
        8,
        0
      ]
    },
    {
      "Target": "Parameter",
      "Id": "shumujiaodu",
      "Segments": [
        0,
        0,
        0,
        1.867,
        -0.065,
        0,
        3.133,
        0.074,
        0,
        4.733,
        -0.065,
        0,
        6.167,
        0,
        0,
        7.4,
        -0.11,
        0,
        8,
        0
      ]
    },
    {
      "Target": "Parameter",
      "Id": "sz1dyb",
      "Segments": [
        0,
        0,
        0,
        1.367,
        -0.5,
        0,
        3.267,
        0.707,
        0,
        5.6,
        -0.2,
        0,
        8,
        0
      ]
    },
    {
      "Target": "Parameter",
      "Id": "sz2dyb",
      "Segments": [
        0,
        0,
        0,
        2.667,
        -0.6,
        0,
        6.367,
        0.2,
        0,
        8,
        0
      ]
    },
    {
      "Target": "Parameter",
      "Id": "sz3dyb",
      "Segments": [
        0,
        0,
        0,
        3.7,
        -0.5,
        0,
        5.867,
        0.2,
        0,
        8,
        0
      ]
    },
    {
      "Target": "Parameter",
      "Id": "ParamEyeLOpen",
      "Segments": [
        0,
        1,
        0,
        0.167,
        0,
        0,
        0.5,
        1,
        2,
        1.433,
        1,
        0,
        2.2,
        0.7,
        0,
        2.6,
        1,
        0,
        2.8,
        0,
        0,
        3.267,
        1,
        2,
        4.233,
        1,
        0,
        4.533,
        0,
        0,
        5,
        1,
        1,
        5.4,
        1,
        5.8,
        0.984,
        6.2,
        0.9,
        1,
        6.333,
        0.872,
        6.467,
        0.7,
        6.6,
        0.7,
        2,
        7,
        0.7,
        0,
        8,
        1
      ]
    },
    {
      "Target": "Parameter",
      "Id": "ParamEyeLSmile",
      "Segments": [
        0,
        0,
        0,
        0.167,
        -1,
        2,
        2.6,
        -1,
        0,
        3.267,
        0,
        2,
        8,
        0
      ]
    },
    {
      "Target": "Parameter",
      "Id": "ParamEyeROpen",
      "Segments": [
        0,
        1,
        0,
        0.167,
        0,
        0,
        0.5,
        1,
        2,
        1.433,
        1,
        0,
        2.2,
        0.6,
        0,
        2.6,
        1,
        0,
        2.8,
        0,
        0,
        3.267,
        1,
        2,
        4.233,
        1,
        0,
        4.533,
        0,
        0,
        5,
        1,
        1,
        5.4,
        1,
        5.8,
        0.984,
        6.2,
        0.9,
        1,
        6.333,
        0.872,
        6.467,
        0.7,
        6.6,
        0.7,
        2,
        7,
        0.7,
        0,
        8,
        1
      ]
    },
    {
      "Target": "Parameter",
      "Id": "ParamEyeRSmile",
      "Segments": [
        0,
        0,
        0,
        0.167,
        -1,
        2,
        2.6,
        -1,
        0,
        3.267,
        0,
        2,
        8,
        0
      ]
    },
    {
      "Target": "Parameter",
      "Id": "gaoguangdonghua",
      "Segments": [
        0,
        0,
        2,
        2.8,
        0,
        0,
        3.167,
        1,
        0,
        3.567,
        0,
        0,
        3.933,
        0.5,
        0,
        4.167,
        0,
        2,
        4.667,
        0,
        0,
        5.033,
        1,
        0,
        5.433,
        0,
        0,
        5.8,
        0.5,
        0,
        6.033,
        0,
        2,
        6.167,
        0,
        0,
        6.533,
        1,
        0,
        6.933,
        0,
        0,
        7.3,
        0.5,
        0,
        7.533,
        0,
        2,
        8,
        0
      ]
    },
    {
      "Target": "Parameter",
      "Id": "tongkongdaxiao",
      "Segments": [
        0,
        0,
        2,
        2.8,
        0,
        0,
        3.167,
        -0.6,
        0,
        3.667,
        0.5,
        0,
        4.033,
        0,
        0,
        4.533,
        1,
        0,
        5,
        -0.5,
        0,
        5.433,
        0.3,
        0,
        5.8,
        0,
        0,
        6.633,
        0.8,
        0,
        7.167,
        -0.2,
        0,
        8,
        0
      ]
    },
    {
      "Target": "Parameter",
      "Id": "ParamBrowLY",
      "Segments": [
        0,
        0,
        0,
        0.167,
        -0.6,
        1,
        0.311,
        -0.6,
        0.456,
        -0.565,
        0.6,
        -0.52,
        1,
        0.878,
        -0.433,
        1.155,
        -0.4,
        1.433,
        -0.4,
        0,
        2.167,
        -0.7,
        0,
        2.6,
        -0.4,
        0,
        2.833,
        -0.6,
        0,
        3.3,
        0,
        2,
        4.233,
        0,
        0,
        4.533,
        -0.5,
        0,
        5,
        0,
        2,
        6.2,
        0,
        0,
        6.6,
        -0.3,
        0,
        7.167,
        0,
        2,
        8,
        0
      ]
    },
    {
      "Target": "Parameter",
      "Id": "ParamBrowRY",
      "Segments": [
        0,
        0,
        0,
        0.167,
        -0.6,
        1,
        0.311,
        -0.6,
        0.456,
        -0.418,
        0.6,
        -0.412,
        1,
        0.878,
        -0.4,
        1.155,
        -0.4,
        1.433,
        -0.4,
        0,
        2.167,
        -0.7,
        0,
        2.6,
        -0.412,
        0,
        2.833,
        -0.6,
        0,
        3.3,
        0,
        2,
        4.233,
        0,
        0,
        4.533,
        -0.5,
        0,
        5,
        0,
        2,
        6.2,
        0,
        0,
        6.6,
        -0.3,
        0,
        7.167,
        0,
        2,
        8,
        0
      ]
    },
    {
      "Target": "Parameter",
      "Id": "ParamBrowLX",
      "Segments": [
        0,
        0,
        0,
        0.6,
        -0.91,
        1,
        1.267,
        -0.91,
        1.933,
        -0.835,
        2.6,
        -0.5,
        1,
        2.833,
        -0.383,
        3.067,
        0,
        3.3,
        0,
        2,
        8,
        0
      ]
    },
    {
      "Target": "Parameter",
      "Id": "ParamBrowRX",
      "Segments": [
        0,
        0,
        0,
        0.6,
        0.6,
        2,
        2.6,
        0.6,
        0,
        3.3,
        0,
        2,
        8,
        0
      ]
    },
    {
      "Target": "Parameter",
      "Id": "ParamBrowLAngle",
      "Segments": [
        0,
        0,
        0,
        0.6,
        0.282,
        1,
        1.267,
        0.282,
        1.933,
        0.272,
        2.6,
        0.21,
        1,
        2.833,
        0.188,
        3.067,
        0,
        3.3,
        0,
        2,
        8,
        0
      ]
    },
    {
      "Target": "Parameter",
      "Id": "ParamBrowRAngle",
      "Segments": [
        0,
        0,
        0,
        0.6,
        0.378,
        2,
        2.6,
        0.378,
        0,
        3.3,
        0,
        2,
        8,
        0
      ]
    },
    {
      "Target": "Parameter",
      "Id": "ParamBrowLForm",
      "Segments": [
        0,
        0,
        0,
        0.6,
        -0.3,
        2,
        2.6,
        -0.3,
        0,
        3.3,
        0,
        2,
        8,
        0
      ]
    },
    {
      "Target": "Parameter",
      "Id": "ParamBrowRForm",
      "Segments": [
        0,
        0,
        0,
        0.6,
        -0.3,
        2,
        2.6,
        -0.3,
        0,
        3.3,
        0,
        2,
        8,
        0
      ]
    },
    {
      "Target": "Parameter",
      "Id": "ParamEyeBallX",
      "Segments": [
        0,
        0,
        0,
        0.6,
        -0.6,
        0,
        2.567,
        -0.3,
        0,
        3.867,
        -1,
        1,
        4.122,
        -1,
        4.378,
        -0.977,
        4.633,
        -0.8,
        1,
        4.722,
        -0.738,
        4.811,
        0.9,
        4.9,
        0.9,
        2,
        6.167,
        0.9,
        0,
        6.6,
        -1,
        0,
        8,
        0
      ]
    },
    {
      "Target": "Parameter",
      "Id": "ParamEyeBallY",
      "Segments": [
        0,
        0,
        2,
        0.6,
        0,
        0,
        2.567,
        -0.1,
        0,
        3.867,
        0,
        2,
        4.633,
        0,
        0,
        4.9,
        -0.1,
        0,
        6.167,
        0,
        0,
        6.6,
        -0.6,
        0,
        8,
        0
      ]
    },
    {
      "Target": "Parameter",
      "Id": "muyuqiehuan",
      "Segments": [
        0,
        0,
        2,
        0.067,
        0,
        0,
        0.167,
        1,
        2,
        2.667,
        1,
        0,
        2.8,
        0,
        2,
        8,
        0
      ]
    },
    {
      "Target": "Parameter",
      "Id": "gaoguangtoumingdu",
      "Segments": [
        0,
        0,
        2,
        0.067,
        0,
        0,
        0.167,
        1,
        2,
        2.667,
        1,
        0,
        2.8,
        0,
        2,
        8,
        0
      ]
    },
    {
      "Target": "Parameter",
      "Id": "liuhaigaoguang",
      "Segments": [
        0,
        0,
        0,
        1.933,
        -1,
        0,
        4.433,
        0.592,
        0,
        6.033,
        -1,
        0,
        7.1,
        0.986,
        0,
        8,
        0
      ]
    },
    {
      "Target": "Parameter",
      "Id": "ParamMouthForm",
      "Segments": [
        0,
        0,
        0,
        0.167,
        -1,
        2,
        2.6,
        -1,
        0,
        3.9,
        0,
        0,
        6.167,
        -0.3,
        0,
        8,
        0
      ]
    },
    {
      "Target": "Parameter",
      "Id": "dingjjj",
      "Segments": [
        0,
        0,
        1,
        0.056,
        0.333,
        0.111,
        0.667,
        0.167,
        1,
        1,
        0.534,
        1.667,
        0.9,
        2.333,
        1.267,
        3,
        1,
        1.522,
        3.333,
        1.778,
        3.667,
        2.033,
        4,
        3,
        2.067,
        0,
        2,
        8,
        0
      ]
    },
    {
      "Target": "Parameter",
      "Id": "zuoxiaotuixuanzhuan",
      "Segments": [
        0,
        0,
        2,
        6.1,
        0,
        0,
        7.167,
        -0.021,
        0,
        8,
        0
      ]
    },
    {
      "Target": "Parameter",
      "Id": "zuoxiaotuishensuo",
      "Segments": [
        0,
        0,
        0,
        0.533,
        -1,
        1,
        0.722,
        -1,
        0.911,
        -0.183,
        1.1,
        0.3,
        1,
        1.344,
        0.926,
        1.589,
        1,
        1.833,
        1,
        1,
        2.244,
        1,
        2.656,
        0.913,
        3.067,
        0.315,
        1,
        3.334,
        -0.073,
        3.6,
        -0.795,
        3.867,
        -0.795,
        1,
        4.1,
        -0.795,
        4.334,
        -0.786,
        4.567,
        -0.454,
        1,
        4.834,
        -0.074,
        5.1,
        0.5,
        5.367,
        0.5,
        1,
        5.634,
        0.5,
        5.9,
        0.47,
        6.167,
        0.3,
        1,
        6.534,
        0.066,
        6.9,
        -0.14,
        7.267,
        -0.14,
        0,
        8,
        0
      ]
    },
    {
      "Target": "Parameter",
      "Id": "zuobaijiao",
      "Segments": [
        0,
        -0.7,
        0,
        0.967,
        -1,
        1,
        1.156,
        -1,
        1.344,
        -1.057,
        1.533,
        -0.7,
        1,
        1.855,
        -0.09,
        2.178,
        1,
        2.5,
        1,
        1,
        2.689,
        1,
        2.878,
        0.304,
        3.067,
        0,
        1,
        3.567,
        -0.804,
        4.067,
        -1,
        4.567,
        -1,
        1,
        5.1,
        -1,
        5.634,
        -0.984,
        6.167,
        -0.869,
        1,
        6.5,
        -0.797,
        6.834,
        -0.65,
        7.167,
        -0.65,
        0,
        8,
        -0.7
      ]
    },
    {
      "Target": "Parameter",
      "Id": "youxiaotuixuanzhuan",
      "Segments": [
        0,
        0,
        0,
        0.567,
        -0.078,
        0,
        2.7,
        0.026,
        0,
        4.4,
        -0.04,
        1,
        4.967,
        -0.04,
        5.533,
        -0.024,
        6.1,
        0,
        1,
        6.456,
        0.015,
        6.811,
        0.02,
        7.167,
        0.02,
        0,
        8,
        0
      ]
    },
    {
      "Target": "Parameter",
      "Id": "youxiaotuishensuo",
      "Segments": [
        0,
        0,
        0,
        0.9,
        -1,
        1,
        1.089,
        -1,
        1.278,
        -0.183,
        1.467,
        0.3,
        1,
        1.711,
        0.926,
        1.956,
        1,
        2.2,
        1,
        1,
        2.611,
        1,
        3.022,
        0.944,
        3.433,
        0.4,
        1,
        3.7,
        0.047,
        3.966,
        -0.795,
        4.233,
        -0.795,
        1,
        4.466,
        -0.795,
        4.7,
        -0.797,
        4.933,
        -0.454,
        1,
        5.211,
        -0.045,
        5.489,
        0.613,
        5.767,
        0.613,
        1,
        6,
        0.613,
        6.234,
        0.62,
        6.467,
        0.443,
        1,
        6.734,
        0.239,
        7,
        -0.165,
        7.267,
        -0.165,
        0,
        8,
        0
      ]
    },
    {
      "Target": "Parameter",
      "Id": "youbaijiao",
      "Segments": [
        0,
        -0.7,
        0,
        1.333,
        -1,
        1,
        1.511,
        -1,
        1.689,
        -1.073,
        1.867,
        -0.8,
        1,
        2.178,
        -0.322,
        2.489,
        1,
        2.8,
        1,
        1,
        3.011,
        1,
        3.222,
        0.34,
        3.433,
        0,
        1,
        3.933,
        -0.805,
        4.433,
        -1,
        4.933,
        -1,
        1,
        5.344,
        -1,
        5.756,
        -0.978,
        6.167,
        -0.857,
        1,
        6.5,
        -0.759,
        6.834,
        -0.636,
        7.167,
        -0.636,
        0,
        8,
        -0.7
      ]
    },
    {
      "Target": "Parameter",
      "Id": "zuobixuanzhuan",
      "Segments": [
        0,
        0,
        0,
        0.567,
        -0.026,
        0,
        1.5,
        0.049,
        0,
        3.3,
        0,
        2,
        8,
        0
      ]
    },
    {
      "Target": "Parameter",
      "Id": "zuoxiabixuanzhuan",
      "Segments": [
        0,
        0,
        0,
        0.733,
        -0.036,
        0,
        2.2,
        0.106,
        0,
        2.967,
        -0.058,
        0,
        3.3,
        0,
        2,
        8,
        0
      ]
    },
    {
      "Target": "Parameter",
      "Id": "zuoshouxuanzhuan",
      "Segments": [
        0,
        0,
        2,
        0.567,
        0,
        0,
        2.533,
        0.5,
        0,
        2.933,
        -0.4,
        0,
        3.3,
        0,
        2,
        8,
        0
      ]
    },
    {
      "Target": "Parameter",
      "Id": "zuozishousuo",
      "Segments": [
        0,
        0,
        0,
        0.3,
        1,
        2,
        0.733,
        1,
        2,
        2.5,
        1,
        0,
        3.3,
        0,
        2,
        8,
        0
      ]
    },
    {
      "Target": "Parameter",
      "Id": "zuoshoufanzhuan",
      "Segments": [
        0,
        0,
        2,
        0.3,
        0,
        0,
        0.733,
        1,
        2,
        2.667,
        1,
        0,
        2.967,
        0,
        2,
        8,
        0
      ]
    },
    {
      "Target": "Parameter",
      "Id": "youbixuanzhuan",
      "Segments": [
        0,
        0,
        0,
        0.733,
        -0.5,
        1,
        1.222,
        -0.5,
        1.711,
        -0.39,
        2.2,
        -0.2,
        1,
        2.567,
        -0.058,
        2.933,
        0,
        3.3,
        0,
        2,
        8,
        0
      ]
    },
    {
      "Target": "Parameter",
      "Id": "youxiabixuanzhuan",
      "Segments": [
        0,
        0,
        1,
        0.244,
        0,
        0.489,
        0.743,
        0.733,
        0.794,
        1,
        1.222,
        0.897,
        1.711,
        0.9,
        2.2,
        0.9,
        0,
        3.3,
        0,
        2,
        8,
        0
      ]
    },
    {
      "Target": "Parameter",
      "Id": "youxiabishensuo",
      "Segments": [
        0,
        0,
        0,
        0.3,
        -0.615,
        0,
        0.733,
        -0.227,
        1,
        1.222,
        -0.227,
        1.711,
        -0.273,
        2.2,
        -0.5,
        1,
        2.356,
        -0.572,
        2.511,
        -1,
        2.667,
        -1,
        0,
        3.3,
        0,
        2,
        8,
        0
      ]
    },
    {
      "Target": "Parameter",
      "Id": "youshouxuanzhuan",
      "Segments": [
        0,
        0,
        0,
        0.333,
        1,
        0,
        0.733,
        0,
        1,
        0.878,
        0,
        1.022,
        0.151,
        1.167,
        0.215,
        1,
        1.511,
        0.367,
        1.856,
        0.4,
        2.2,
        0.4,
        0,
        3.3,
        0,
        2,
        8,
        0
      ]
    },
    {
      "Target": "Parameter",
      "Id": "youshoufanzhuan",
      "Segments": [
        0,
        0,
        1,
        0.278,
        0,
        0.555,
        0.729,
        0.833,
        1,
        1,
        1.278,
        1.434,
        1.722,
        1.475,
        2.167,
        1.475,
        0,
        3.3,
        0,
        2,
        8,
        0
      ]
    },
    {
      "Target": "Parameter",
      "Id": "paotaijiaodu",
      "Segments": [
        0,
        0,
        0,
        0.867,
        1,
        0,
        1.967,
        -0.8,
        0,
        3.533,
        0.5,
        0,
        5.233,
        -0.5,
        0,
        6.767,
        0.3,
        0,
        8,
        0
      ]
    },
    {
      "Target": "Parameter",
      "Id": "paoguangxuanzhuang",
      "Segments": [
        0,
        0,
        0,
        0.533,
        -0.5,
        0,
        1.4,
        1,
        2,
        2.3,
        1,
        0,
        3.833,
        -1,
        0,
        5.633,
        0.38,
        0,
        7.3,
        -0.255,
        0,
        8,
        0
      ]
    },
    {
      "Target": "Parameter",
      "Id": "paotaixuanzhuang",
      "Segments": [
        0,
        0,
        0,
        1.967,
        1,
        0,
        3.2,
        -0.3,
        0,
        4.767,
        0.2,
        0,
        8,
        0
      ]
    },
    {
      "Target": "Parameter",
      "Id": "yuleijiaodu1",
      "Segments": [
        0,
        0,
        0,
        1,
        -0.3,
        0,
        2.867,
        0.873,
        0,
        7.033,
        -0.217,
        0,
        8,
        0
      ]
    },
    {
      "Target": "Parameter",
      "Id": "yuleijiaodu2",
      "Segments": [
        0,
        0,
        0,
        1.133,
        -0.3,
        0,
        3,
        0.873,
        0,
        7.067,
        -0.217,
        0,
        8,
        0
      ]
    },
    {
      "Target": "Parameter",
      "Id": "yuleijiaodu3",
      "Segments": [
        0,
        0,
        0,
        1.267,
        -0.3,
        0,
        3.133,
        0.873,
        0,
        7.133,
        -0.217,
        0,
        8,
        0
      ]
    },
    {
      "Target": "Parameter",
      "Id": "yuleijiaodu4",
      "Segments": [
        0,
        0,
        0,
        1.4,
        -0.3,
        0,
        3.267,
        0.873,
        0,
        7.2,
        -0.217,
        0,
        8,
        0
      ]
    },
    {
      "Target": "Parameter",
      "Id": "yuleijiaodu5",
      "Segments": [
        0,
        0,
        0,
        1.533,
        -0.3,
        0,
        3.4,
        0.873,
        0,
        7.267,
        -0.217,
        0,
        8,
        0
      ]
    },
    {
      "Target": "Parameter",
      "Id": "jianzhuanjiaodu",
      "Segments": [
        0,
        0,
        2,
        6.467,
        0,
        0,
        7.1,
        0.053,
        0,
        7.933,
        -0.015,
        0,
        8,
        0
      ]
    },
    {
      "Target": "Parameter",
      "Id": "jianzhuanshangxia",
      "Segments": [
        0,
        0,
        0,
        1.733,
        0.142,
        0,
        5.467,
        -0.115,
        0,
        8,
        0
      ]
    },
    {
      "Target": "Parameter",
      "Id": "jianzhuangqumian",
      "Segments": [
        0,
        0,
        0,
        1.367,
        1,
        0,
        3.767,
        -0.261,
        0,
        5.9,
        0.3,
        0,
        8,
        0
      ]
    },
    {
      "Target": "Parameter",
      "Id": "shoudongwuli",
      "Segments": [
        0,
        0,
        0,
        0.5,
        1,
        2,
        7.5,
        1,
        0,
        8,
        0
      ]
    },
    {
      "Target": "Parameter",
      "Id": "mwzy",
      "Segments": [
        0,
        0,
        2,
        0.6,
        0,
        0,
        1.767,
        1,
        0,
        3.067,
        0,
        0,
        4.2,
        1,
        0,
        5.633,
        0,
        0,
        6.767,
        1,
        0,
        8,
        0
      ]
    },
    {
      "Target": "Parameter",
      "Id": "mwbx",
      "Segments": [
        0,
        0,
        0,
        1.133,
        -1,
        0,
        2.3,
        1,
        0,
        3.6,
        -1,
        0,
        4.7,
        1,
        0,
        6.167,
        -1,
        0,
        7.333,
        1,
        0,
        8,
        0
      ]
    },
    {
      "Target": "Parameter",
      "Id": "youtuoxietuer",
      "Segments": [
        0,
        0,
        0,
        0.567,
        -0.628,
        0,
        1.4,
        0.472,
        0,
        1.967,
        -0.528,
        0,
        2.567,
        0.472,
        0,
        3.267,
        -0.628,
        0,
        3.867,
        0.472,
        0,
        4.633,
        -0.528,
        0,
        5.467,
        0.472,
        0,
        6.3,
        -0.528,
        0,
        7.2,
        0.6,
        0,
        8,
        0
      ]
    },
    {
      "Target": "Parameter",
      "Id": "zuotuoxietuer",
      "Segments": [
        0,
        0,
        0,
        0.567,
        -0.528,
        0,
        1.4,
        0.372,
        0,
        1.967,
        -0.428,
        0,
        2.567,
        0.472,
        0,
        3.267,
        -0.528,
        0,
        3.867,
        0.472,
        0,
        4.633,
        -0.728,
        0,
        5.467,
        0.572,
        0,
        6.3,
        -0.728,
        0,
        7.2,
        0.5,
        0,
        8,
        0
      ]
    },
    {
      "Target": "Parameter",
      "Id": "sdztryb",
      "Segments": [
        0,
        0,
        0,
        1.4,
        -0.8,
        0,
        2.233,
        0.303,
        0,
        3.867,
        -0.26,
        1,
        4.078,
        -0.26,
        4.289,
        -0.186,
        4.5,
        0,
        1,
        5.089,
        0.519,
        5.678,
        0.8,
        6.267,
        0.8,
        0,
        6.867,
        -1,
        0,
        8,
        0
      ]
    },
    {
      "Target": "Parameter",
      "Id": "sdzebx",
      "Segments": [
        0,
        0,
        0,
        0.933,
        0.756,
        0,
        1.8,
        -0.787,
        0,
        2.667,
        0.23,
        0,
        3.533,
        -0.437,
        0,
        4.5,
        -0.002,
        0,
        5.567,
        -0.26,
        0,
        6.433,
        0.778,
        0,
        7.233,
        -0.766,
        0,
        8,
        0
      ]
    },
    {
      "Target": "Parameter",
      "Id": "sdyeyb",
      "Segments": [
        0,
        0,
        0,
        1.333,
        -0.8,
        0,
        2.233,
        0.5,
        0,
        3.8,
        -0.4,
        0,
        6.367,
        0.7,
        0,
        6.867,
        -0.8,
        0,
        8,
        0
      ]
    },
    {
      "Target": "Parameter",
      "Id": "sdyebx",
      "Segments": [
        0,
        0,
        0,
        0.9,
        0.5,
        0,
        1.8,
        -0.5,
        0,
        2.667,
        0.1,
        0,
        3.567,
        -0.4,
        0,
        4.5,
        0,
        0,
        5.5,
        -0.169,
        0,
        6.433,
        0.6,
        0,
        7.2,
        -0.5,
        0,
        8,
        0
      ]
    },
    {
      "Target": "Parameter",
      "Id": "sdjzjd",
      "Segments": [
        0,
        0,
        0,
        1.067,
        0.3,
        0,
        2.833,
        -0.3,
        0,
        4.7,
        0.2,
        0,
        8,
        0
      ]
    },
    {
      "Target": "Parameter",
      "Id": "zuotueryaobai",
      "Segments": [
        0,
        0,
        2,
        0.933,
        0,
        0,
        1.433,
        -0.062,
        0,
        1.567,
        -0.061,
        0,
        2.7,
        -0.101,
        0,
        6.167,
        0.045,
        0,
        6.933,
        -0.195,
        0,
        7.767,
        0,
        2,
        8,
        0
      ]
    },
    {
      "Target": "Parameter",
      "Id": "ztebx",
      "Segments": [
        0,
        0,
        2,
        0.933,
        0,
        0,
        1.433,
        -0.165,
        0,
        1.567,
        -0.162,
        0,
        2.7,
        -0.269,
        0,
        6.167,
        0.12,
        0,
        6.933,
        -0.519,
        0,
        7.767,
        0,
        2,
        8,
        0
      ]
    },
    {
      "Target": "Parameter",
      "Id": "youtueryaobai",
      "Segments": [
        0,
        0,
        2,
        0.933,
        0,
        0,
        1.433,
        -0.062,
        0,
        1.567,
        -0.061,
        0,
        2.7,
        -0.101,
        0,
        6.167,
        0.045,
        0,
        6.933,
        -0.195,
        0,
        7.767,
        0,
        2,
        8,
        0
      ]
    },
    {
      "Target": "Parameter",
      "Id": "ytebx",
      "Segments": [
        0,
        0,
        2,
        0.933,
        0,
        0,
        1.433,
        -0.165,
        0,
        1.567,
        -0.162,
        0,
        2.7,
        -0.269,
        0,
        6.167,
        0.12,
        0,
        6.933,
        -0.519,
        0,
        7.767,
        0,
        2,
        8,
        0
      ]
    },
    {
      "Target": "Parameter",
      "Id": "ParamHairFront",
      "Segments": [
        0,
        0,
        2,
        0.933,
        0,
        0,
        1.433,
        -0.103,
        0,
        1.567,
        -0.101,
        0,
        2.7,
        -0.168,
        0,
        6.167,
        0.075,
        0,
        6.933,
        -0.325,
        0,
        7.767,
        0,
        2,
        8,
        0
      ]
    },
    {
      "Target": "Parameter",
      "Id": "qianfashensuo",
      "Segments": [
        0,
        0,
        2,
        0.933,
        0,
        0,
        1.433,
        -0.062,
        0,
        1.567,
        -0.061,
        0,
        2.7,
        -0.101,
        0,
        6.167,
        0.045,
        0,
        6.933,
        -0.195,
        0,
        7.767,
        0,
        2,
        8,
        0
      ]
    },
    {
      "Target": "Parameter",
      "Id": "ParamHairSide",
      "Segments": [
        0,
        0,
        2,
        0.633,
        0,
        0,
        2.667,
        -0.334,
        0,
        6.167,
        0.147,
        0,
        7,
        -0.578,
        0,
        8,
        0
      ]
    },
    {
      "Target": "Parameter",
      "Id": "ParamHairBack",
      "Segments": [
        0,
        0,
        2,
        0.633,
        0,
        0,
        2.667,
        -0.267,
        0,
        6.167,
        0.117,
        0,
        7,
        -0.462,
        0,
        8,
        0
      ]
    },
    {
      "Target": "Parameter",
      "Id": "lingdangyaobai",
      "Segments": [
        0,
        0,
        2,
        0.867,
        0,
        0,
        1.067,
        -0.056,
        2,
        1.133,
        -0.056,
        0,
        2.7,
        -0.166,
        0,
        4.933,
        0,
        2,
        5.367,
        0,
        0,
        5.567,
        0.053,
        0,
        5.667,
        0.051,
        0,
        6.167,
        0.073,
        0,
        7,
        -0.281,
        0,
        7.867,
        0,
        2,
        8,
        0
      ]
    },
    {
      "Target": "Parameter",
      "Id": "zuoshuxiujiaodu",
      "Segments": [
        0,
        0,
        0,
        1.267,
        -0.589,
        0,
        2.6,
        0.564,
        0,
        3.9,
        -0.486,
        0,
        5.3,
        0.373,
        0,
        6.967,
        -0.369,
        0,
        8,
        0
      ]
    },
    {
      "Target": "Parameter",
      "Id": "zuoshuxiuyaobai",
      "Segments": [
        0,
        0,
        0,
        0.7,
        0.484,
        0,
        2,
        -0.541,
        0,
        3.467,
        0.394,
        0,
        5.067,
        -0.427,
        0,
        6.733,
        0.308,
        0,
        8,
        0
      ]
    },
    {
      "Target": "Parameter",
      "Id": "youshuxiujiaodu",
      "Segments": [
        0,
        0,
        0,
        1.167,
        -0.622,
        0,
        2.5,
        0.671,
        0,
        3.8,
        -0.622,
        0,
        5.167,
        0.671,
        0,
        6.2,
        -0.622,
        0,
        8,
        0
      ]
    },
    {
      "Target": "Parameter",
      "Id": "youshuxiudaiyaobai",
      "Segments": [
        0,
        0,
        0,
        0.6,
        0.698,
        0,
        1.8,
        -0.606,
        0,
        3.133,
        0.698,
        0,
        4.533,
        -0.606,
        0,
        5.967,
        0.698,
        0,
        6.967,
        -0.5,
        0,
        8,
        0
      ]
    },
    {
      "Target": "Parameter",
      "Id": "zldbx",
      "Segments": [
        0,
        0,
        0,
        1,
        -0.5,
        0,
        2.967,
        0.5,
        0,
        4.8,
        -0.4,
        0,
        6.7,
        1,
        0,
        8,
        0
      ]
    },
    {
      "Target": "Parameter",
      "Id": "yldbx",
      "Segments": [
        0,
        0,
        0,
        0.5,
        -0.5,
        0,
        2.467,
        0.5,
        0,
        4.333,
        -0.5,
        0,
        6,
        1,
        0,
        8,
        0
      ]
    },
    {
      "Target": "Parameter",
      "Id": "youopdaibianxing",
      "Segments": [
        0,
        0,
        0,
        0.967,
        1,
        0,
        2.233,
        -1,
        0,
        4.2,
        0.772,
        0,
        5.6,
        -0.6,
        0,
        7.033,
        0.457,
        0,
        8,
        0
      ]
    },
    {
      "Target": "Parameter",
      "Id": "zxdyb",
      "Segments": [
        0,
        0,
        0,
        1.233,
        -1,
        0,
        2.9,
        1,
        0,
        4.7,
        -1,
        0,
        6.767,
        1,
        0,
        8,
        0
      ]
    },
    {
      "Target": "Parameter",
      "Id": "youxiongdaijiaodu",
      "Segments": [
        0,
        0,
        0,
        0.933,
        -1,
        0,
        2.033,
        1,
        0,
        3.1,
        -1,
        0,
        4.267,
        0.818,
        0,
        5.633,
        -0.728,
        0,
        6.867,
        0.625,
        0,
        8,
        0
      ]
    },
    {
      "Target": "Parameter",
      "Id": "yxdyb",
      "Segments": [
        0,
        0,
        0,
        0.467,
        0.7,
        0,
        1.467,
        -0.6,
        0,
        2.567,
        0.5,
        0,
        3.733,
        -0.5,
        0,
        4.967,
        0.404,
        0,
        6.3,
        -0.45,
        0,
        7.533,
        0.334,
        0,
        8,
        0
      ]
    },
    {
      "Target": "Parameter",
      "Id": "ParamAngleY",
      "Segments": [
        0,
        0,
        2,
        3.867,
        0,
        0,
        4.9,
        -30,
        0,
        5.733,
        0,
        2,
        7,
        0,
        2,
        8,
        0
      ]
    },
    {
      "Target": "Parameter",
      "Id": "shouZ",
      "Segments": [
        0,
        0,
        2,
        0.167,
        0,
        0,
        2.533,
        -8,
        0,
        4.7,
        6,
        1,
        5.256,
        6,
        5.811,
        5.128,
        6.367,
        0,
        1,
        6.567,
        -1.846,
        6.767,
        -20.58,
        6.967,
        -20.58,
        0,
        8,
        0
      ]
    },
    {
      "Target": "Parameter",
      "Id": "ParamBodyAngleXX",
      "Segments": [
        0,
        0,
        0,
        1.133,
        -0.5,
        0,
        4.533,
        0.4,
        1,
        4.944,
        0.4,
        5.356,
        0.354,
        5.767,
        0,
        1,
        6.034,
        -0.23,
        6.3,
        -0.7,
        6.567,
        -0.7,
        0,
        8,
        0
      ]
    },
    {
      "Target": "Parameter",
      "Id": "ParamBodyAngleZ",
      "Segments": [
        0,
        0,
        0,
        4.9,
        -1.394,
        0,
        8,
        0
      ]
    },
    {
      "Target": "Parameter",
      "Id": "jblsbx",
      "Segments": [
        0,
        0.5,
        0,
        0.733,
        0,
        2,
        1.733,
        0,
        0,
        3.333,
        0.5,
        2,
        8,
        0.5
      ]
    },
    {
      "Target": "Parameter",
      "Id": "slszy",
      "Segments": [
        0,
        -1.24,
        0,
        0.333,
        0.124,
        1,
        0.466,
        0.124,
        0.6,
        -0.036,
        0.733,
        -0.1,
        1,
        0.989,
        -0.222,
        1.244,
        -0.307,
        1.5,
        -0.383,
        1,
        1.833,
        -0.482,
        2.167,
        -0.505,
        2.5,
        -0.643,
        1,
        2.778,
        -0.758,
        3.055,
        -1.24,
        3.333,
        -1.24,
        2,
        8,
        -1.24
      ]
    },
    {
      "Target": "Parameter",
      "Id": "szlssx",
      "Segments": [
        0,
        0,
        1,
        0.111,
        0,
        0.222,
        0.839,
        0.333,
        0.936,
        1,
        0.466,
        1.052,
        0.6,
        1.14,
        0.733,
        1.14,
        1,
        0.989,
        1.141,
        1.244,
        1.14,
        1.5,
        1.141,
        1,
        1.833,
        1.142,
        2.167,
        1.208,
        2.5,
        1.273,
        1,
        2.667,
        1.305,
        2.833,
        2,
        3,
        2,
        0,
        3.333,
        0,
        2,
        8,
        0
      ]
    },
    {
      "Target": "Parameter",
      "Id": "slsjd",
      "Segments": [
        0,
        0,
        0,
        0.167,
        -0.225,
        0,
        0.333,
        0.321,
        0,
        0.733,
        -0.6,
        0,
        3.333,
        0,
        2,
        8,
        0
      ]
    },
    {
      "Target": "Parameter",
      "Id": "szlsbx",
      "Segments": [
        0,
        0,
        0,
        0.333,
        -1,
        0,
        0.5,
        0.708,
        0,
        0.867,
        -0.726,
        0,
        1.333,
        0.5,
        0,
        1.867,
        -0.8,
        0,
        2.667,
        1,
        1,
        2.889,
        1,
        3.111,
        0.683,
        3.333,
        0,
        1,
        3.544,
        -0.649,
        3.756,
        -1,
        3.967,
        -1,
        0,
        4.867,
        0.4,
        0,
        5.867,
        -0.4,
        0,
        6.933,
        0.2,
        0,
        8,
        0
      ]
    },
    {
      "Target": "Parameter",
      "Id": "szlstc",
      "Segments": [
        0,
        0,
        0,
        0.167,
        1,
        2,
        0.733,
        1,
        2,
        3,
        1,
        0,
        3.333,
        0,
        2,
        8,
        0
      ]
    },
    {
      "Target": "Parameter",
      "Id": "ParamBreath",
      "Segments": [
        0,
        0,
        0,
        1.233,
        1,
        0,
        3.967,
        0,
        0,
        5.3,
        1,
        0,
        8,
        0
      ]
    },
    {
      "Target": "Parameter",
      "Id": "yifuzuoyou",
      "Segments": [
        0,
        0,
        0,
        1.3,
        1,
        0,
        3,
        -1,
        0,
        4.967,
        1,
        0,
        6.8,
        -1,
        0,
        8,
        0
      ]
    },
    {
      "Target": "Parameter",
      "Id": "yifubianxing",
      "Segments": [
        0,
        0,
        0,
        0.667,
        -30,
        0,
        2.067,
        30,
        0,
        3.767,
        -30,
        0,
        5.833,
        30,
        0,
        7.567,
        -30,
        0,
        8,
        0
      ]
    },
    {
      "Target": "Parameter",
      "Id": "baozhaguodu",
      "Segments": [
        0,
        0,
        0,
        8,
        0
      ]
    },
    {
      "Target": "Parameter",
      "Id": "baimaotmd",
      "Segments": [
        0,
        0,
        0,
        8,
        0
      ]
    },
    {
      "Target": "Parameter",
      "Id": "baimaoshensuo",
      "Segments": [
        0,
        0,
        0,
        8,
        0
      ]
    },
    {
      "Target": "Parameter",
      "Id": "baimaojiya",
      "Segments": [
        0,
        0,
        0,
        8,
        0
      ]
    },
    {
      "Target": "Parameter",
      "Id": "maozuoyou",
      "Segments": [
        0,
        0,
        0,
        8,
        0
      ]
    },
    {
      "Target": "Parameter",
      "Id": "maoshangxia",
      "Segments": [
        0,
        0,
        0,
        8,
        0
      ]
    },
    {
      "Target": "Parameter",
      "Id": "maojiaodu",
      "Segments": [
        0,
        0,
        0,
        8,
        0
      ]
    },
    {
      "Target": "Parameter",
      "Id": "maoliandai",
      "Segments": [
        0,
        0,
        0,
        8,
        0
      ]
    },
    {
      "Target": "Parameter",
      "Id": "maoerduo",
      "Segments": [
        0,
        0,
        0,
        8,
        0
      ]
    },
    {
      "Target": "Parameter",
      "Id": "maozhayan",
      "Segments": [
        0,
        0,
        0,
        8,
        0
      ]
    },
    {
      "Target": "Parameter",
      "Id": "maogaoguang",
      "Segments": [
        0,
        0,
        0,
        8,
        0
      ]
    },
    {
      "Target": "Parameter",
      "Id": "maozui",
      "Segments": [
        0,
        0,
        0,
        8,
        0
      ]
    },
    {
      "Target": "Parameter",
      "Id": "maozuishetou",
      "Segments": [
        0,
        0,
        0,
        8,
        0
      ]
    },
    {
      "Target": "Parameter",
      "Id": "maohongyun",
      "Segments": [
        0,
        0,
        0,
        8,
        0
      ]
    },
    {
      "Target": "Parameter",
      "Id": "maozishensuo",
      "Segments": [
        0,
        0,
        0,
        8,
        0
      ]
    },
    {
      "Target": "Parameter",
      "Id": "maoshou",
      "Segments": [
        0,
        -1,
        0,
        8,
        -1
      ]
    },
    {
      "Target": "Parameter",
      "Id": "maoweibajiaodu",
      "Segments": [
        0,
        0,
        0,
        8,
        0
      ]
    },
    {
      "Target": "Parameter",
      "Id": "maoweibabianxing",
      "Segments": [
        0,
        0,
        0,
        8,
        0
      ]
    },
    {
      "Target": "Parameter",
      "Id": "maozuojiao",
      "Segments": [
        0,
        0,
        0,
        8,
        0
      ]
    },
    {
      "Target": "Parameter",
      "Id": "maoyoujiao",
      "Segments": [
        0,
        0,
        0,
        8,
        0
      ]
    },
    {
      "Target": "Parameter",
      "Id": "muyudaxiao",
      "Segments": [
        0,
        0,
        0,
        8,
        0
      ]
    },
    {
      "Target": "Parameter",
      "Id": "ParamMouthOpenY",
      "Segments": [
        0,
        0,
        0,
        8,
        0
      ]
    },
    {
      "Target": "Parameter",
      "Id": "ParamCheek",
      "Segments": [
        0,
        0,
        0,
        8,
        0
      ]
    },
    {
      "Target": "Parameter",
      "Id": "yunbianxing",
      "Segments": [
        0,
        -1,
        0,
        8,
        -1
      ]
    },
    {
      "Target": "Parameter",
      "Id": "expyun1",
      "Segments": [
        0,
        0,
        0,
        8,
        0
      ]
    },
    {
      "Target": "Parameter",
      "Id": "yunjiaodu",
      "Segments": [
        0,
        0,
        0,
        8,
        0
      ]
    },
    {
      "Target": "Parameter",
      "Id": "shuijiaozzz",
      "Segments": [
        0,
        0,
        0,
        8,
        0
      ]
    },
    {
      "Target": "Parameter",
      "Id": "shuijiaozzztmd",
      "Segments": [
        0,
        0,
        0,
        8,
        0
      ]
    },
    {
      "Target": "Parameter",
      "Id": "shuijiaoyidong",
      "Segments": [
        0,
        0,
        0,
        8,
        0
      ]
    },
    {
      "Target": "Parameter",
      "Id": "youshoutui",
      "Segments": [
        0,
        0,
        0,
        8,
        0
      ]
    },
    {
      "Target": "Parameter",
      "Id": "youtuiqiehuan",
      "Segments": [
        0,
        1,
        0,
        8,
        1
      ]
    },
    {
      "Target": "Parameter",
      "Id": "zuoshoutui",
      "Segments": [
        0,
        0,
        0,
        8,
        0
      ]
    },
    {
      "Target": "Parameter",
      "Id": "zuotuiqiehuan",
      "Segments": [
        0,
        1,
        0,
        8,
        1
      ]
    },
    {
      "Target": "Parameter",
      "Id": "zuotuixuanzhuan",
      "Segments": [
        0,
        0,
        0,
        8,
        0
      ]
    },
    {
      "Target": "Parameter",
      "Id": "zuotuizuoyou",
      "Segments": [
        0,
        0,
        0,
        8,
        0
      ]
    },
    {
      "Target": "Parameter",
      "Id": "zuotuishangxia",
      "Segments": [
        0,
        0,
        0,
        8,
        0
      ]
    },
    {
      "Target": "Parameter",
      "Id": "zuotuidaxiao",
      "Segments": [
        0,
        0,
        0,
        8,
        0
      ]
    },
    {
      "Target": "Parameter",
      "Id": "youtuixuanzhuan",
      "Segments": [
        0,
        0,
        0,
        8,
        0
      ]
    },
    {
      "Target": "Parameter",
      "Id": "youtuizuoyou",
      "Segments": [
        0,
        0,
        0,
        8,
        0
      ]
    },
    {
      "Target": "Parameter",
      "Id": "youtuishangxia",
      "Segments": [
        0,
        0,
        0,
        8,
        0
      ]
    },
    {
      "Target": "Parameter",
      "Id": "youtuidaxiao",
      "Segments": [
        0,
        0,
        0,
        8,
        0
      ]
    },
    {
      "Target": "Parameter",
      "Id": "zuojiaoxuanzhuan",
      "Segments": [
        0,
        0,
        0,
        8,
        0
      ]
    },
    {
      "Target": "Parameter",
      "Id": "youjiaoxuanzhuan",
      "Segments": [
        0,
        0,
        0,
        8,
        0
      ]
    },
    {
      "Target": "Parameter",
      "Id": "zuobishensuo",
      "Segments": [
        0,
        0,
        0,
        8,
        0
      ]
    },
    {
      "Target": "Parameter",
      "Id": "zuoxiabishensuo",
      "Segments": [
        0,
        0,
        0,
        8,
        0
      ]
    },
    {
      "Target": "Parameter",
      "Id": "xingfengtmd",
      "Segments": [
        0,
        0,
        0,
        8,
        0
      ]
    },
    {
      "Target": "Parameter",
      "Id": "xingfengjiaodu",
      "Segments": [
        0,
        0,
        0,
        8,
        0
      ]
    },
    {
      "Target": "Parameter",
      "Id": "youbishensuo",
      "Segments": [
        0,
        0,
        0,
        8,
        0
      ]
    },
    {
      "Target": "Parameter",
      "Id": "youbijiya",
      "Segments": [
        0,
        0,
        0,
        8,
        0
      ]
    },
    {
      "Target": "Parameter",
      "Id": "shangzimianx",
      "Segments": [
        0,
        0,
        0,
        8,
        0
      ]
    },
    {
      "Target": "Parameter",
      "Id": "yssztmd",
      "Segments": [
        0,
        0,
        0,
        8,
        0
      ]
    },
    {
      "Target": "Parameter",
      "Id": "yousizi",
      "Segments": [
        0,
        -1,
        0,
        8,
        -1
      ]
    },
    {
      "Target": "Parameter",
      "Id": "paotaichanrao",
      "Segments": [
        0,
        4,
        0,
        8,
        4
      ]
    },
    {
      "Target": "Parameter",
      "Id": "paodishenchu",
      "Segments": [
        0,
        1,
        0,
        8,
        1
      ]
    },
    {
      "Target": "Parameter",
      "Id": "yuleichangrao",
      "Segments": [
        0,
        6,
        0,
        8,
        6
      ]
    },
    {
      "Target": "Parameter",
      "Id": "paotaishensuo",
      "Segments": [
        0,
        0,
        0,
        8,
        0
      ]
    },
    {
      "Target": "Parameter",
      "Id": "yuleiweiyi1",
      "Segments": [
        0,
        0,
        0,
        8,
        0
      ]
    },
    {
      "Target": "Parameter",
      "Id": "yuleiweiyi2",
      "Segments": [
        0,
        0,
        0,
        8,
        0
      ]
    },
    {
      "Target": "Parameter",
      "Id": "yuleiweiyi3",
      "Segments": [
        0,
        0,
        0,
        8,
        0
      ]
    },
    {
      "Target": "Parameter",
      "Id": "yuleiweiyi5",
      "Segments": [
        0,
        0,
        0,
        8,
        0
      ]
    },
    {
      "Target": "Parameter",
      "Id": "yuleiweiyi4",
      "Segments": [
        0,
        0,
        0,
        8,
        0
      ]
    },
    {
      "Target": "Parameter",
      "Id": "liuhaiyaobai",
      "Segments": [
        0,
        0,
        0,
        8,
        0
      ]
    },
    {
      "Target": "Parameter",
      "Id": "ParamAngleX",
      "Segments": [
        0,
        0,
        0,
        8,
        0
      ]
    },
    {
      "Target": "Parameter",
      "Id": "zuocefatuceng",
      "Segments": [
        0,
        0,
        0,
        8,
        0
      ]
    },
    {
      "Target": "Parameter",
      "Id": "ParamBodyAngleY",
      "Segments": [
        0,
        0,
        0,
        8,
        0
      ]
    },
    {
      "Target": "Parameter",
      "Id": "yifuxingtai",
      "Segments": [
        0,
        0,
        0,
        8,
        0
      ]
    },
    {
      "Target": "Parameter",
      "Id": "yifuyaobai",
      "Segments": [
        0,
        0,
        0,
        8,
        0
      ]
    },
    {
      "Target": "Parameter",
      "Id": "xiashujiaodu",
      "Segments": [
        0,
        0,
        0,
        8,
        0
      ]
    },
    {
      "Target": "Parameter",
      "Id": "shentishangxia",
      "Segments": [
        0,
        0,
        0,
        8,
        0
      ]
    },
    {
      "Target": "Parameter",
      "Id": "shentidaxiao",
      "Segments": [
        0,
        0,
        0,
        8,
        0
      ]
    },
    {
      "Target": "Parameter",
      "Id": "shangshenshangxia",
      "Segments": [
        0,
        0,
        0,
        8,
        0
      ]
    },
    {
      "Target": "Parameter",
      "Id": "shangshenjiaodu",
      "Segments": [
        0,
        0,
        0,
        8,
        0
      ]
    }
  ],
  "UserData": [
    {
      "Time": 7.5,
      "Value": ""
    }
  ]
}