{
  "Version": 3,
  "Meta": {
    "Duration": 12.6,
    "Fps": 30.0,
    "Loop": true,
    "CurveCount": 171,
    "TotalSegmentCount": 1032,
    "TotalPointCount": 1308,
    "UserDataCount": 1,
    "TotalUserDataSize": 0
  },
  "Curves": [
    {
      "Target": "Parameter",
      "Id": "zhuweibabianxing",
      "Segments": [
        0,
        0,
        0,
        1.567,
        -1,
        0,
        3.633,
        0.629,
        0,
        5.067,
        -1,
        0,
        6,
        0,
        0,
        7.567,
        -1,
        0,
        9.633,
        0.629,
        0,
        11.067,
        -1,
        0,
        12.5,
        1,
        0,
        12.6,
        0
      ]
    },
    {
      "Target": "Parameter",
      "Id": "zhupigushangxia",
      "Segments": [
        0,
        0,
        0,
        0.733,
        1,
        1,
        0.989,
        1,
        1.244,
        0.681,
        1.5,
        0,
        1,
        1.744,
        -0.652,
        1.989,
        -1,
        2.233,
        -1,
        1,
        2.489,
        -1,
        2.744,
        -0.681,
        3,
        0,
        1,
        3.244,
        0.652,
        3.489,
        1,
        3.733,
        1,
        1,
        3.989,
        1,
        4.244,
        0.681,
        4.5,
        0,
        1,
        4.744,
        -0.652,
        4.989,
        -1,
        5.233,
        -1,
        1,
        5.489,
        -1,
        5.744,
        -0.681,
        6,
        0,
        1,
        6.244,
        0.652,
        6.489,
        1,
        6.733,
        1,
        1,
        6.989,
        1,
        7.244,
        0.681,
        7.5,
        0,
        1,
        7.744,
        -0.652,
        7.989,
        -1,
        8.233,
        -1,
        1,
        8.489,
        -1,
        8.744,
        -0.681,
        9,
        0,
        1,
        9.244,
        0.652,
        9.489,
        1,
        9.733,
        1,
        1,
        9.989,
        1,
        10.244,
        0.681,
        10.5,
        0,
        1,
        10.744,
        -0.652,
        10.989,
        -1,
        11.233,
        -1,
        0,
        12,
        0,
        2,
        12.6,
        0
      ]
    },
    {
      "Target": "Parameter",
      "Id": "zhupiguzuoyou",
      "Segments": [
        0,
        -1,
        1,
        0.244,
        -1,
        0.489,
        -0.652,
        0.733,
        0,
        1,
        0.989,
        0.681,
        1.244,
        1,
        1.5,
        1,
        1,
        1.744,
        1,
        1.989,
        0.652,
        2.233,
        0,
        1,
        2.489,
        -0.681,
        2.744,
        -1,
        3,
        -1,
        1,
        3.244,
        -1,
        3.489,
        -0.652,
        3.733,
        0,
        1,
        3.989,
        0.681,
        4.244,
        1,
        4.5,
        1,
        1,
        4.744,
        1,
        4.989,
        0.652,
        5.233,
        0,
        1,
        5.489,
        -0.681,
        5.744,
        -1,
        6,
        -1,
        1,
        6.244,
        -1,
        6.489,
        -0.652,
        6.733,
        0,
        1,
        6.989,
        0.681,
        7.244,
        1,
        7.5,
        1,
        1,
        7.744,
        1,
        7.989,
        0.652,
        8.233,
        0,
        1,
        8.489,
        -0.681,
        8.744,
        -1,
        9,
        -1,
        1,
        9.244,
        -1,
        9.489,
        -0.652,
        9.733,
        0,
        1,
        9.989,
        0.681,
        10.244,
        1,
        10.5,
        1,
        1,
        10.744,
        1,
        10.989,
        0.652,
        11.233,
        0,
        1,
        11.489,
        -0.681,
        11.744,
        -1,
        12,
        -1,
        2,
        12.6,
        -1
      ]
    },
    {
      "Target": "Parameter",
      "Id": "shubianhua",
      "Segments": [
        0,
        -12,
        0,
        5,
        5,
        0,
        6,
        0,
        0,
        7,
        5,
        0,
        8,
        0,
        0,
        9,
        5,
        0,
        10,
        0,
        0,
        11,
        5,
        0,
        12,
        0,
        2,
        12.6,
        0
      ]
    },
    {
      "Target": "Parameter",
      "Id": "shumujiaodu",
      "Segments": [
        0,
        0,
        2,
        0.867,
        0,
        0,
        1.533,
        -0.4,
        0,
        3.5,
        0.127,
        0,
        5.1,
        -0.056,
        0,
        6,
        0,
        0,
        10,
        -0.056,
        0,
        12.6,
        0
      ]
    },
    {
      "Target": "Parameter",
      "Id": "sz1dyb",
      "Segments": [
        0,
        0,
        0,
        2.5,
        0.707,
        0,
        6,
        0,
        0,
        8.5,
        0.707,
        0,
        12.133,
        -0.605,
        0,
        12.6,
        0
      ]
    },
    {
      "Target": "Parameter",
      "Id": "sz2dyb",
      "Segments": [
        0,
        0,
        0,
        2.067,
        -0.6,
        0,
        6,
        0,
        0,
        8.067,
        -0.6,
        0,
        10.933,
        0.465,
        0,
        12.6,
        0
      ]
    },
    {
      "Target": "Parameter",
      "Id": "sz3dyb",
      "Segments": [
        0,
        0,
        0,
        2.8,
        -0.5,
        0,
        6,
        0,
        0,
        8.8,
        -0.5,
        0,
        12.6,
        0
      ]
    },
    {
      "Target": "Parameter",
      "Id": "ParamEyeLOpen",
      "Segments": [
        0,
        1,
        0,
        0.5,
        0,
        0,
        1.5,
        1,
        2,
        3.5,
        1,
        1,
        3.744,
        1,
        3.989,
        0.984,
        4.233,
        0.8,
        1,
        4.344,
        0.716,
        4.456,
        0,
        4.567,
        0,
        0,
        5,
        1,
        2,
        6,
        1,
        1,
        6.344,
        1,
        6.689,
        0.854,
        7.033,
        0.792,
        1,
        7.7,
        0.673,
        8.366,
        0.654,
        9.033,
        0.654,
        1,
        9.222,
        0.654,
        9.411,
        0.894,
        9.6,
        0.931,
        1,
        9.933,
        0.998,
        10.267,
        1,
        10.6,
        1,
        0,
        11,
        0,
        0,
        11.533,
        1,
        2,
        12.6,
        1
      ]
    },
    {
      "Target": "Parameter",
      "Id": "ParamEyeROpen",
      "Segments": [
        0,
        1,
        0,
        0.5,
        0,
        0,
        1.5,
        1,
        2,
        3.5,
        1,
        1,
        3.744,
        1,
        3.989,
        0.984,
        4.233,
        0.8,
        1,
        4.344,
        0.716,
        4.456,
        0,
        4.567,
        0,
        0,
        5,
        1,
        2,
        6,
        1,
        1,
        6.344,
        1,
        6.689,
        0.854,
        7.033,
        0.792,
        1,
        7.7,
        0.673,
        8.366,
        0.654,
        9.033,
        0.654,
        1,
        9.222,
        0.654,
        9.411,
        0.894,
        9.6,
        0.931,
        1,
        9.933,
        0.998,
        10.267,
        1,
        10.6,
        1,
        0,
        11,
        0,
        0,
        11.533,
        1,
        2,
        12.6,
        1
      ]
    },
    {
      "Target": "Parameter",
      "Id": "gaoguangdonghua",
      "Segments": [
        0,
        0,
        2,
        1.5,
        0,
        0,
        1.9,
        1,
        0,
        2.3,
        0,
        0,
        2.7,
        1,
        0,
        3.133,
        0,
        0,
        3.567,
        1,
        0,
        3.9,
        0,
        0,
        4.333,
        1,
        0,
        4.667,
        0,
        0,
        4.867,
        1,
        0,
        5.1,
        0,
        0,
        5.5,
        1,
        0,
        6,
        0,
        0,
        6.7,
        1,
        0,
        7.767,
        0,
        0,
        9.333,
        1,
        0,
        10.633,
        0,
        0,
        11.8,
        1,
        0,
        12.6,
        0
      ]
    },
    {
      "Target": "Parameter",
      "Id": "tongkongdaxiao",
      "Segments": [
        0,
        0,
        0,
        0.5,
        1,
        0,
        1.5,
        -1,
        0,
        2,
        0.6,
        0,
        2.467,
        0,
        2,
        4.233,
        0,
        0,
        4.567,
        1,
        0,
        5,
        -1,
        0,
        5.267,
        0.4,
        0,
        5.4,
        0,
        2,
        6,
        0,
        0,
        6.9,
        0.9,
        0,
        8.367,
        -0.3,
        0,
        9.533,
        0.3,
        0,
        10.6,
        0,
        0,
        11,
        1,
        0,
        11.533,
        -0.589,
        0,
        11.9,
        0.4,
        0,
        12.6,
        0
      ]
    },
    {
      "Target": "Parameter",
      "Id": "ParamBrowLY",
      "Segments": [
        0,
        0,
        0,
        0.5,
        -0.6,
        0,
        1.5,
        0,
        2,
        4.233,
        0,
        0,
        4.567,
        -0.5,
        0,
        5,
        0,
        2,
        6,
        0,
        1,
        6.344,
        0,
        6.689,
        -0.235,
        7.033,
        -0.4,
        1,
        7.7,
        -0.719,
        8.366,
        -0.8,
        9.033,
        -0.8,
        1,
        9.222,
        -0.8,
        9.411,
        -0.356,
        9.6,
        -0.3,
        1,
        9.933,
        -0.202,
        10.267,
        -0.2,
        10.6,
        -0.2,
        0,
        11,
        -1,
        0,
        11.533,
        0,
        2,
        12.6,
        0
      ]
    },
    {
      "Target": "Parameter",
      "Id": "ParamBrowRY",
      "Segments": [
        0,
        0,
        0,
        0.5,
        -0.6,
        0,
        1.5,
        0,
        2,
        4.233,
        0,
        0,
        4.567,
        -0.5,
        0,
        5,
        0,
        2,
        6,
        0,
        1,
        6.344,
        0,
        6.689,
        -0.235,
        7.033,
        -0.4,
        1,
        7.7,
        -0.719,
        8.366,
        -0.8,
        9.033,
        -0.8,
        1,
        9.222,
        -0.8,
        9.411,
        -0.356,
        9.6,
        -0.3,
        1,
        9.933,
        -0.202,
        10.267,
        -0.2,
        10.6,
        -0.2,
        0,
        11,
        -1,
        0,
        11.533,
        0,
        2,
        12.6,
        0
      ]
    },
    {
      "Target": "Parameter",
      "Id": "ParamBrowLForm",
      "Segments": [
        0,
        0,
        2,
        6,
        0,
        0,
        10.6,
        -0.3,
        0,
        12.6,
        0
      ]
    },
    {
      "Target": "Parameter",
      "Id": "ParamBrowRForm",
      "Segments": [
        0,
        0,
        2,
        6,
        0,
        0,
        10.6,
        -0.2,
        0,
        12.6,
        0
      ]
    },
    {
      "Target": "Parameter",
      "Id": "ParamEyeBallX",
      "Segments": [
        0,
        0,
        2,
        6,
        0,
        0,
        8.667,
        -0.1,
        0,
        9.833,
        0.4,
        0,
        11.567,
        -0.5,
        0,
        12.6,
        0
      ]
    },
    {
      "Target": "Parameter",
      "Id": "ParamEyeBallY",
      "Segments": [
        0,
        0,
        2,
        6,
        0,
        0,
        8.667,
        -1,
        0,
        9.833,
        -0.8,
        0,
        11.567,
        -0.9,
        0,
        12.6,
        0
      ]
    },
    {
      "Target": "Parameter",
      "Id": "muyudaxiao",
      "Segments": [
        0,
        0,
        2,
        6,
        0,
        0,
        7.067,
        0.2,
        0,
        7.767,
        0,
        0,
        9.3,
        0.4,
        0,
        10.333,
        0,
        2,
        12.6,
        0
      ]
    },
    {
      "Target": "Parameter",
      "Id": "liuhaigaoguang",
      "Segments": [
        0,
        0,
        0,
        1.067,
        -1,
        0,
        1.933,
        1,
        0,
        3.067,
        -0.776,
        0,
        4.533,
        0.784,
        1,
        5.022,
        0.784,
        5.511,
        0.614,
        6,
        0,
        1,
        6.422,
        -0.531,
        6.845,
        -1,
        7.267,
        -1,
        0,
        10.233,
        0.217,
        0,
        12.6,
        0
      ]
    },
    {
      "Target": "Parameter",
      "Id": "ParamMouthForm",
      "Segments": [
        0,
        0,
        0,
        1.2,
        -0.4,
        0,
        2.133,
        0,
        0,
        4.667,
        -0.3,
        0,
        6,
        0,
        0,
        7.2,
        -0.4,
        0,
        8.133,
        0,
        0,
        10.667,
        -0.3,
        0,
        12.6,
        0
      ]
    },
    {
      "Target": "Parameter",
      "Id": "youshoutui",
      "Segments": [
        0,
        0,
        0,
        0.433,
        1,
        0,
        0.733,
        0,
        2,
        6,
        0,
        2,
        12.6,
        0
      ]
    },
    {
      "Target": "Parameter",
      "Id": "youtuiqiehuan",
      "Segments": [
        0,
        0,
        2,
        0.733,
        0,
        0,
        1.1,
        1,
        2,
        6,
        1,
        2,
        12.6,
        1
      ]
    },
    {
      "Target": "Parameter",
      "Id": "zuoshoutui",
      "Segments": [
        0,
        0,
        0,
        0.433,
        1,
        0,
        0.733,
        0,
        2,
        6,
        0,
        2,
        12.6,
        0
      ]
    },
    {
      "Target": "Parameter",
      "Id": "zuotuiqiehuan",
      "Segments": [
        0,
        0,
        2,
        0.733,
        0,
        0,
        1.1,
        1,
        2,
        6,
        1,
        2,
        12.6,
        1
      ]
    },
    {
      "Target": "Parameter",
      "Id": "zuotuizuoyou",
      "Segments": [
        0,
        0,
        0,
        0.433,
        0.4,
        1,
        0.533,
        0.4,
        0.633,
        0.181,
        0.733,
        0.1,
        1,
        0.855,
        0.001,
        0.978,
        0,
        1.1,
        0,
        2,
        6,
        0,
        2,
        12.6,
        0
      ]
    },
    {
      "Target": "Parameter",
      "Id": "youtuizuoyou",
      "Segments": [
        0,
        -0.4,
        0,
        0.433,
        -0.9,
        1,
        0.533,
        -0.9,
        0.633,
        -0.366,
        0.733,
        -0.2,
        1,
        0.855,
        0.003,
        0.978,
        0,
        1.1,
        0,
        2,
        6,
        0,
        2,
        12.6,
        0
      ]
    },
    {
      "Target": "Parameter",
      "Id": "zuoxiaotuixuanzhuan",
      "Segments": [
        0,
        0,
        2,
        1.233,
        0,
        0,
        2,
        0.126,
        0,
        3.767,
        -0.072,
        0,
        5.167,
        0,
        2,
        6,
        0,
        0,
        8.467,
        -0.028,
        0,
        12.533,
        0,
        2,
        12.6,
        0
      ]
    },
    {
      "Target": "Parameter",
      "Id": "zuoxiaotuishensuo",
      "Segments": [
        0,
        0,
        2,
        1.1,
        0,
        0,
        1.467,
        1,
        0,
        2.9,
        -1,
        0,
        3.733,
        1,
        0,
        6,
        0,
        2,
        12.6,
        0
      ]
    },
    {
      "Target": "Parameter",
      "Id": "zuobaijiao",
      "Segments": [
        0,
        -0.7,
        1,
        0.367,
        -0.7,
        0.733,
        -0.597,
        1.1,
        0,
        1,
        1.311,
        0.344,
        1.522,
        1,
        1.733,
        1,
        0,
        2.467,
        -1,
        1,
        2.845,
        -1,
        3.222,
        -0.985,
        3.6,
        -0.7,
        1,
        3.811,
        -0.541,
        4.022,
        0.3,
        4.233,
        0.3,
        0,
        5.133,
        -1,
        1,
        5.422,
        -1,
        5.711,
        -0.736,
        6,
        -0.7,
        1,
        7.178,
        -0.554,
        8.355,
        -0.518,
        9.533,
        -0.518,
        0,
        12.6,
        -0.7
      ]
    },
    {
      "Target": "Parameter",
      "Id": "youxiaotuixuanzhuan",
      "Segments": [
        0,
        0,
        2,
        1.233,
        0,
        0,
        2,
        0.176,
        0,
        3.767,
        -0.105,
        0,
        5.167,
        0,
        2,
        6,
        0,
        0,
        8.433,
        0.038,
        0,
        12.533,
        0,
        2,
        12.6,
        0
      ]
    },
    {
      "Target": "Parameter",
      "Id": "youxiaotuishensuo",
      "Segments": [
        0,
        0,
        2,
        1.233,
        0,
        0,
        1.6,
        1,
        0,
        3.033,
        -1,
        0,
        3.867,
        1,
        0,
        6,
        0,
        2,
        12.6,
        0
      ]
    },
    {
      "Target": "Parameter",
      "Id": "youbaijiao",
      "Segments": [
        0,
        -0.7,
        1,
        0.411,
        -0.7,
        0.822,
        -0.596,
        1.233,
        0,
        1,
        1.444,
        0.306,
        1.656,
        1,
        1.867,
        1,
        0,
        2.6,
        -1,
        2,
        3.6,
        -1,
        0,
        4.367,
        0.3,
        0,
        5.267,
        -0.9,
        0,
        6,
        -0.7,
        0,
        9.533,
        -0.8,
        0,
        12.6,
        -0.7
      ]
    },
    {
      "Target": "Parameter",
      "Id": "shangzimianx",
      "Segments": [
        0,
        0,
        0,
        3.1,
        -0.472,
        0,
        6,
        0,
        0,
        9.1,
        -0.472,
        0,
        12.6,
        0
      ]
    },
    {
      "Target": "Parameter",
      "Id": "paotaichanrao",
      "Segments": [
        0,
        0,
        2,
        1.533,
        0,
        0,
        3.833,
        4,
        2,
        6,
        4,
        2,
        12.6,
        4
      ]
    },
    {
      "Target": "Parameter",
      "Id": "paodishenchu",
      "Segments": [
        0,
        0,
        2,
        1.833,
        0,
        0,
        3.833,
        1,
        2,
        6,
        1,
        2,
        12.6,
        1
      ]
    },
    {
      "Target": "Parameter",
      "Id": "yuleichangrao",
      "Segments": [
        0,
        0,
        2,
        2.133,
        0,
        1,
        2.155,
        0,
        2.178,
        0.947,
        2.2,
        1.1,
        1,
        2.267,
        1.559,
        2.333,
        1.76,
        2.4,
        2.2,
        1,
        2.444,
        2.493,
        2.489,
        3.004,
        2.533,
        3.458,
        1,
        2.589,
        4.026,
        2.644,
        5.189,
        2.7,
        5.282,
        1,
        2.767,
        5.393,
        2.833,
        5.455,
        2.9,
        5.478,
        1,
        3.933,
        5.84,
        4.967,
        6,
        6,
        6,
        2,
        12.6,
        6
      ]
    },
    {
      "Target": "Parameter",
      "Id": "paotaijiaodu",
      "Segments": [
        0,
        0,
        0,
        0.367,
        1,
        0,
        1.1,
        -1,
        0,
        1.833,
        1,
        0,
        2.867,
        -0.6,
        0,
        4.033,
        0.7,
        0,
        5.167,
        -0.4,
        0,
        6,
        0,
        0,
        8.033,
        -0.489,
        0,
        11.267,
        0.532,
        0,
        12.6,
        0
      ]
    },
    {
      "Target": "Parameter",
      "Id": "paoguangxuanzhuang",
      "Segments": [
        0,
        0,
        0,
        0.633,
        -1,
        0,
        1.167,
        1,
        0,
        1.9,
        -1,
        0,
        3.3,
        1,
        0,
        4.533,
        -0.9,
        0,
        6,
        0,
        0,
        8.833,
        -1,
        0,
        12.6,
        0
      ]
    },
    {
      "Target": "Parameter",
      "Id": "paotaixuanzhuang",
      "Segments": [
        0,
        0,
        0,
        0.6,
        1,
        0,
        1.867,
        -1,
        0,
        3.567,
        1,
        0,
        6,
        0,
        0,
        6.5,
        0.008,
        0,
        6.933,
        -0.003,
        0,
        7.4,
        0.038,
        0,
        8,
        -0.038,
        0,
        8.567,
        0.012,
        0,
        9.033,
        0.001,
        0,
        9.633,
        0.052,
        0,
        10.567,
        -0.066,
        0,
        11.7,
        0.031,
        0,
        12.367,
        -0.013,
        0,
        12.6,
        0
      ]
    },
    {
      "Target": "Parameter",
      "Id": "yuleijiaodu1",
      "Segments": [
        0,
        0,
        0,
        0.633,
        1,
        0,
        3.833,
        -0.6,
        0,
        6,
        0,
        0,
        6.5,
        -0.004,
        0,
        6.933,
        0.001,
        0,
        7.4,
        -0.019,
        0,
        8,
        0.019,
        0,
        8.567,
        -0.006,
        0,
        9.033,
        -0.001,
        0,
        9.633,
        -0.026,
        0,
        10.567,
        0.033,
        0,
        11.7,
        -0.016,
        0,
        12.367,
        0.007,
        0,
        12.6,
        0
      ]
    },
    {
      "Target": "Parameter",
      "Id": "yuleijiaodu2",
      "Segments": [
        0,
        0,
        0,
        0.733,
        1,
        0,
        3.967,
        -0.6,
        0,
        6,
        0,
        0,
        6.5,
        -0.003,
        0,
        6.933,
        0.001,
        0,
        7.4,
        -0.015,
        0,
        8,
        0.015,
        0,
        8.567,
        -0.005,
        0,
        9.033,
        -0.001,
        0,
        9.633,
        -0.021,
        0,
        10.567,
        0.026,
        0,
        11.7,
        -0.012,
        0,
        12.367,
        0.005,
        0,
        12.6,
        0
      ]
    },
    {
      "Target": "Parameter",
      "Id": "yuleijiaodu3",
      "Segments": [
        0,
        0,
        0,
        0.833,
        1,
        0,
        4.1,
        -0.6,
        0,
        6,
        0,
        0,
        6.5,
        -0.002,
        0,
        6.933,
        0.001,
        0,
        7.4,
        -0.011,
        0,
        8,
        0.011,
        0,
        8.567,
        -0.004,
        0,
        9.033,
        0,
        0,
        9.633,
        -0.016,
        0,
        10.567,
        0.02,
        0,
        11.7,
        -0.009,
        0,
        12.367,
        0.004,
        0,
        12.6,
        0
      ]
    },
    {
      "Target": "Parameter",
      "Id": "yuleijiaodu4",
      "Segments": [
        0,
        0,
        0,
        0.967,
        1,
        0,
        4.233,
        -0.6,
        0,
        6,
        0,
        0,
        6.5,
        -0.002,
        0,
        6.933,
        0.001,
        0,
        7.4,
        -0.008,
        0,
        8,
        0.008,
        0,
        8.567,
        -0.002,
        0,
        9.033,
        0,
        0,
        9.633,
        -0.01,
        0,
        10.567,
        0.013,
        0,
        11.7,
        -0.006,
        0,
        12.367,
        0.003,
        0,
        12.6,
        0
      ]
    },
    {
      "Target": "Parameter",
      "Id": "yuleijiaodu5",
      "Segments": [
        0,
        0,
        0,
        1.133,
        1,
        0,
        4.367,
        -0.6,
        0,
        6,
        0,
        0,
        6.5,
        -0.001,
        0,
        6.933,
        0,
        0,
        7.4,
        -0.004,
        0,
        8,
        0.004,
        0,
        8.567,
        -0.001,
        0,
        9.033,
        0,
        0,
        9.633,
        -0.005,
        0,
        10.567,
        0.007,
        0,
        11.7,
        -0.003,
        0,
        12.367,
        0.001,
        0,
        12.6,
        0
      ]
    },
    {
      "Target": "Parameter",
      "Id": "yuleiweiyi1",
      "Segments": [
        0,
        -1,
        2,
        1.833,
        -1,
        1,
        1.844,
        -1,
        1.856,
        -0.818,
        1.867,
        -0.8,
        1,
        2.2,
        -0.251,
        2.534,
        0,
        2.867,
        0,
        2,
        6,
        0,
        2,
        12.6,
        0
      ]
    },
    {
      "Target": "Parameter",
      "Id": "yuleiweiyi2",
      "Segments": [
        0,
        -1,
        2,
        1.667,
        -1,
        1,
        1.678,
        -1,
        1.689,
        -0.818,
        1.7,
        -0.8,
        1,
        2.033,
        -0.251,
        2.367,
        0,
        2.7,
        0,
        2,
        6,
        0,
        2,
        12.6,
        0
      ]
    },
    {
      "Target": "Parameter",
      "Id": "yuleiweiyi3",
      "Segments": [
        0,
        -1,
        2,
        1.5,
        -1,
        1,
        1.511,
        -1,
        1.522,
        -0.821,
        1.533,
        -0.802,
        1,
        1.866,
        -0.252,
        2.2,
        0,
        2.533,
        0,
        2,
        6,
        0,
        2,
        12.6,
        0
      ]
    },
    {
      "Target": "Parameter",
      "Id": "yuleiweiyi5",
      "Segments": [
        0,
        -1,
        2,
        1.167,
        -1,
        1,
        1.178,
        -1,
        1.189,
        -0.818,
        1.2,
        -0.8,
        1,
        1.533,
        -0.251,
        1.867,
        0,
        2.2,
        0,
        2,
        6,
        0,
        2,
        12.6,
        0
      ]
    },
    {
      "Target": "Parameter",
      "Id": "yuleiweiyi4",
      "Segments": [
        0,
        -1,
        2,
        1.333,
        -1,
        1,
        1.344,
        -1,
        1.356,
        -0.818,
        1.367,
        -0.8,
        1,
        1.7,
        -0.251,
        2.034,
        0,
        2.367,
        0,
        2,
        6,
        0,
        2,
        12.6,
        0
      ]
    },
    {
      "Target": "Parameter",
      "Id": "jianzhuanjiaodu",
      "Segments": [
        0,
        0,
        2,
        6,
        0,
        2,
        6.033,
        0,
        0,
        6.8,
        -0.007,
        0,
        7.333,
        0.023,
        0,
        8.033,
        -0.008,
        0,
        8.533,
        -0.001,
        0,
        9.133,
        -0.006,
        0,
        9.633,
        -0.001,
        0,
        10.833,
        -0.032,
        0,
        11.9,
        -0.015,
        2,
        12.2,
        -0.015,
        0,
        12.6,
        0
      ]
    },
    {
      "Target": "Parameter",
      "Id": "jianzhuanshangxia",
      "Segments": [
        0,
        0,
        0,
        0.4,
        1,
        0,
        0.967,
        -1,
        0,
        2,
        1,
        0,
        3.1,
        -0.5,
        0,
        4.067,
        0.2,
        0,
        6,
        0,
        2,
        6.033,
        0,
        0,
        6.567,
        0.003,
        0,
        7.233,
        -0.016,
        0,
        8,
        0.013,
        0,
        8.5,
        0.01,
        0,
        9.067,
        0.013,
        0,
        9.8,
        -0.004,
        0,
        10.667,
        0.019,
        0,
        11.833,
        0.006,
        0,
        12.4,
        0.008,
        0,
        12.6,
        0
      ]
    },
    {
      "Target": "Parameter",
      "Id": "jianzhuangqumian",
      "Segments": [
        0,
        0,
        0,
        0.467,
        -1,
        0,
        1.5,
        1,
        0,
        3,
        -0.64,
        0,
        4.9,
        0.457,
        0,
        6,
        0,
        2,
        6.033,
        0,
        0,
        6.567,
        0.014,
        0,
        7.233,
        -0.063,
        0,
        8,
        0.052,
        0,
        8.5,
        0.039,
        0,
        9.067,
        0.053,
        0,
        9.8,
        -0.017,
        0,
        10.667,
        0.078,
        0,
        11.833,
        0.023,
        0,
        12.4,
        0.031,
        0,
        12.6,
        0
      ]
    },
    {
      "Target": "Parameter",
      "Id": "shoudongwuli",
      "Segments": [
        0,
        0,
        0,
        0.067,
        1,
        2,
        11.3,
        1,
        0,
        12,
        0,
        2,
        12.6,
        0
      ]
    },
    {
      "Target": "Parameter",
      "Id": "mwzy",
      "Segments": [
        0,
        0,
        2,
        0.4,
        0,
        0,
        1.3,
        1,
        0,
        2.267,
        0,
        0,
        3.133,
        1,
        0,
        4.233,
        0,
        0,
        5.067,
        1,
        0,
        6,
        0,
        2,
        6.833,
        0,
        0,
        8.567,
        0.37,
        0,
        10.567,
        0,
        0,
        12.3,
        0.37,
        0,
        12.6,
        0
      ]
    },
    {
      "Target": "Parameter",
      "Id": "mwbx",
      "Segments": [
        0,
        0,
        0,
        0.8,
        -1,
        0,
        1.667,
        1,
        0,
        2.733,
        -1,
        0,
        3.533,
        1,
        0,
        4.633,
        -1,
        0,
        5.533,
        1,
        1,
        5.689,
        1,
        5.844,
        0.097,
        6,
        0,
        1,
        6.544,
        -0.34,
        7.089,
        -0.41,
        7.633,
        -0.41,
        0,
        9.367,
        0.339,
        0,
        11.333,
        -0.41,
        0,
        12.6,
        0
      ]
    },
    {
      "Target": "Parameter",
      "Id": "youtuoxietuer",
      "Segments": [
        0,
        0,
        0,
        0.367,
        -0.628,
        0,
        0.967,
        0.472,
        0,
        1.433,
        -0.528,
        0,
        1.9,
        0.472,
        0,
        2.467,
        -1,
        0,
        2.867,
        1,
        0,
        3.467,
        -1,
        0,
        4.067,
        1,
        0,
        4.733,
        -0.647,
        0,
        5.4,
        0.6,
        1,
        5.6,
        0.6,
        5.8,
        0.255,
        6,
        0,
        1,
        6.389,
        -0.497,
        6.778,
        -0.628,
        7.167,
        -0.628,
        0,
        8.467,
        0.472,
        0,
        9.7,
        -0.528,
        0,
        10.9,
        0.472,
        0,
        12.1,
        -0.628,
        0,
        12.6,
        0
      ]
    },
    {
      "Target": "Parameter",
      "Id": "zuotuoxietuer",
      "Segments": [
        0,
        0,
        0,
        0.367,
        -0.528,
        0,
        0.967,
        0.372,
        0,
        1.433,
        -0.428,
        0,
        1.9,
        0.472,
        0,
        2.467,
        -1,
        0,
        2.867,
        1,
        0,
        3.467,
        -1,
        0,
        4.067,
        1,
        0,
        4.733,
        -1,
        0,
        5.4,
        0.5,
        1,
        5.6,
        0.5,
        5.8,
        0.214,
        6,
        0,
        1,
        6.389,
        -0.417,
        6.778,
        -0.528,
        7.167,
        -0.528,
        0,
        8.467,
        0.372,
        0,
        9.7,
        -0.428,
        0,
        10.9,
        0.472,
        0,
        12.1,
        -0.528,
        0,
        12.6,
        0
      ]
    },
    {
      "Target": "Parameter",
      "Id": "sdztryb",
      "Segments": [
        0,
        0,
        0,
        0.967,
        -0.8,
        0,
        1.833,
        0.612,
        0,
        3.367,
        -1,
        0,
        4.167,
        0.786,
        0,
        4.933,
        -0.987,
        0,
        6,
        0,
        0,
        7,
        -0.66,
        0,
        8,
        0.142,
        0,
        9,
        -0.114,
        0,
        10,
        0.142,
        0,
        11.033,
        -0.114,
        0,
        12.033,
        0.142,
        0,
        12.6,
        0
      ]
    },
    {
      "Target": "Parameter",
      "Id": "sdzebx",
      "Segments": [
        0,
        0,
        0,
        0.2,
        0.6,
        1,
        0.3,
        0.6,
        0.4,
        0.606,
        0.5,
        0.368,
        1,
        0.756,
        -0.239,
        1.011,
        -0.787,
        1.267,
        -0.787,
        0,
        1.967,
        0.539,
        0,
        2.567,
        -0.598,
        1,
        2.934,
        -0.598,
        3.3,
        -0.606,
        3.667,
        -0.3,
        1,
        3.978,
        -0.04,
        4.289,
        0.791,
        4.6,
        0.791,
        0,
        5.533,
        -0.779,
        1,
        5.689,
        -0.779,
        5.844,
        -0.314,
        6,
        0,
        1,
        6.178,
        0.359,
        6.355,
        0.4,
        6.533,
        0.4,
        0,
        7.467,
        -0.347,
        0,
        8.533,
        0.177,
        0,
        9.467,
        -0.188,
        0,
        10.567,
        0.177,
        0,
        11.5,
        -0.188,
        0,
        12.6,
        0
      ]
    },
    {
      "Target": "Parameter",
      "Id": "sdyeyb",
      "Segments": [
        0,
        0,
        0,
        0.933,
        -0.8,
        0,
        1.833,
        0.809,
        0,
        3.3,
        -1,
        0,
        4.2,
        0.686,
        0,
        4.933,
        -0.787,
        0,
        6,
        0,
        0,
        7,
        -0.512,
        0,
        8,
        0.142,
        0,
        9,
        -0.078,
        0,
        10,
        0.142,
        0,
        11.033,
        -0.078,
        0,
        12.033,
        0.142,
        0,
        12.6,
        0
      ]
    },
    {
      "Target": "Parameter",
      "Id": "sdyebx",
      "Segments": [
        0,
        0,
        0,
        0.2,
        0.6,
        1,
        0.289,
        0.6,
        0.378,
        0.424,
        0.467,
        0.245,
        1,
        0.734,
        -0.292,
        1,
        -0.5,
        1.267,
        -0.5,
        0,
        1.967,
        0.438,
        0,
        2.567,
        -0.569,
        1,
        2.967,
        -0.569,
        3.367,
        -0.533,
        3.767,
        -0.174,
        1,
        4.045,
        0.076,
        4.322,
        0.613,
        4.6,
        0.613,
        0,
        5.5,
        -0.513,
        1,
        5.667,
        -0.513,
        5.833,
        -0.287,
        6,
        0,
        1,
        6.178,
        0.307,
        6.355,
        0.4,
        6.533,
        0.4,
        0,
        7.467,
        -0.292,
        0,
        8.533,
        0.177,
        0,
        9.467,
        -0.151,
        0,
        10.567,
        0.177,
        0,
        11.5,
        -0.151,
        0,
        12.6,
        0
      ]
    },
    {
      "Target": "Parameter",
      "Id": "sdjzjd",
      "Segments": [
        0,
        0,
        0,
        0.467,
        -0.284,
        0,
        1.4,
        0.6,
        0,
        2,
        -0.398,
        0,
        3.5,
        0.2,
        0,
        5.033,
        -0.4,
        0,
        6,
        0,
        2,
        12.6,
        0
      ]
    },
    {
      "Target": "Parameter",
      "Id": "zuotueryaobai",
      "Segments": [
        0,
        0,
        2,
        0.367,
        0,
        0,
        0.8,
        -0.071,
        0,
        2.067,
        0.038,
        0,
        3.567,
        -0.058,
        0,
        4.933,
        0.012,
        0,
        5.733,
        0,
        2,
        6,
        0,
        2,
        12.6,
        0
      ]
    },
    {
      "Target": "Parameter",
      "Id": "ztebx",
      "Segments": [
        0,
        0,
        2,
        0.367,
        0,
        0,
        0.8,
        -0.19,
        0,
        2.067,
        0.102,
        0,
        3.567,
        -0.154,
        0,
        4.933,
        0.032,
        0,
        5.733,
        0,
        2,
        6,
        0,
        2,
        12.6,
        0
      ]
    },
    {
      "Target": "Parameter",
      "Id": "youtueryaobai",
      "Segments": [
        0,
        0,
        2,
        0.367,
        0,
        0,
        0.8,
        -0.071,
        0,
        2.067,
        0.038,
        0,
        3.567,
        -0.058,
        0,
        4.933,
        0.012,
        0,
        5.733,
        0,
        2,
        6,
        0,
        2,
        12.6,
        0
      ]
    },
    {
      "Target": "Parameter",
      "Id": "ytebx",
      "Segments": [
        0,
        0,
        2,
        0.367,
        0,
        0,
        0.8,
        -0.19,
        0,
        2.067,
        0.102,
        0,
        3.567,
        -0.154,
        0,
        4.933,
        0.032,
        0,
        5.733,
        0,
        2,
        6,
        0,
        2,
        12.6,
        0
      ]
    },
    {
      "Target": "Parameter",
      "Id": "ParamHairFront",
      "Segments": [
        0,
        0,
        2,
        0.367,
        0,
        0,
        0.8,
        -0.119,
        0,
        2.067,
        0.064,
        0,
        3.567,
        -0.096,
        0,
        4.933,
        0.02,
        0,
        5.733,
        0,
        2,
        6,
        0,
        2,
        6.033,
        0,
        0,
        6.3,
        0.011,
        0,
        6.933,
        -0.131,
        0,
        7.067,
        -0.13,
        2,
        7.133,
        -0.13,
        0,
        7.633,
        0.042,
        0,
        7.967,
        -0.012,
        0,
        8.433,
        0.044,
        0,
        8.667,
        0.037,
        0,
        9.133,
        0.06,
        0,
        9.333,
        0.054,
        0,
        10.633,
        0.144,
        0,
        11.667,
        0.115,
        0,
        11.933,
        0.123,
        0,
        12.6,
        0
      ]
    },
    {
      "Target": "Parameter",
      "Id": "qianfashensuo",
      "Segments": [
        0,
        0,
        2,
        0.367,
        0,
        0,
        0.8,
        -0.071,
        0,
        2.067,
        0.038,
        0,
        3.567,
        -0.058,
        0,
        4.933,
        0.012,
        0,
        5.733,
        0,
        2,
        6,
        0,
        2,
        6.033,
        0,
        0,
        6.3,
        0.007,
        0,
        6.933,
        -0.079,
        0,
        7.067,
        -0.078,
        2,
        7.133,
        -0.078,
        0,
        7.633,
        0.025,
        0,
        7.967,
        -0.007,
        0,
        8.433,
        0.026,
        0,
        8.667,
        0.022,
        0,
        9.133,
        0.036,
        0,
        9.333,
        0.032,
        0,
        10.633,
        0.087,
        0,
        11.667,
        0.069,
        0,
        11.933,
        0.074,
        0,
        12.6,
        0
      ]
    },
    {
      "Target": "Parameter",
      "Id": "ParamHairSide",
      "Segments": [
        0,
        0,
        2,
        0.233,
        0,
        0,
        0.867,
        -0.181,
        0,
        2.1,
        0.112,
        0,
        3.6,
        -0.181,
        0,
        5.167,
        0.037,
        0,
        5.767,
        0,
        2,
        6,
        0,
        2,
        6.033,
        0,
        0,
        6.2,
        0.009,
        0,
        7.1,
        -0.256,
        0,
        7.567,
        0.001,
        0,
        7.733,
        -0.032,
        0,
        11.033,
        0.275,
        0,
        11.2,
        0.273,
        0,
        11.267,
        0.276,
        0,
        11.633,
        0.248,
        0,
        11.767,
        0.253,
        0,
        12.6,
        0
      ]
    },
    {
      "Target": "Parameter",
      "Id": "ParamHairBack",
      "Segments": [
        0,
        0,
        2,
        0.233,
        0,
        0,
        0.867,
        -0.145,
        0,
        2.1,
        0.09,
        0,
        3.6,
        -0.145,
        0,
        5.167,
        0.03,
        0,
        5.767,
        0,
        2,
        6,
        0,
        2,
        6.033,
        0,
        0,
        6.2,
        0.007,
        0,
        7.1,
        -0.205,
        0,
        7.567,
        0.001,
        0,
        7.733,
        -0.026,
        0,
        11.033,
        0.22,
        0,
        11.2,
        0.219,
        0,
        11.267,
        0.221,
        0,
        11.633,
        0.198,
        0,
        11.767,
        0.202,
        0,
        12.6,
        0
      ]
    },
    {
      "Target": "Parameter",
      "Id": "lingdangyaobai",
      "Segments": [
        0,
        0,
        2,
        0.333,
        0,
        0,
        0.867,
        -0.089,
        0,
        1.533,
        0,
        2,
        1.8,
        0,
        0,
        2,
        0.058,
        0,
        2.667,
        0,
        2,
        2.933,
        0,
        0,
        3.6,
        -0.089,
        0,
        4.633,
        0,
        2,
        6,
        0,
        2,
        6.033,
        0,
        0,
        6.233,
        0.02,
        0,
        7.133,
        -0.13,
        0,
        7.533,
        -0.01,
        0,
        7.667,
        -0.016,
        0,
        9.1,
        0.056,
        0,
        9.2,
        0.053,
        0,
        9.533,
        0.07,
        0,
        9.6,
        0.065,
        0,
        11,
        0.143,
        0,
        11.633,
        0.123,
        0,
        11.767,
        0.127,
        0,
        12.6,
        0
      ]
    },
    {
      "Target": "Parameter",
      "Id": "zuoshuxiujiaodu",
      "Segments": [
        0,
        0,
        0,
        0.933,
        -0.589,
        0,
        1.933,
        0.564,
        0,
        2.933,
        -0.486,
        0,
        4,
        0.373,
        0,
        5.3,
        -0.369,
        0,
        6,
        0,
        0,
        8.233,
        -0.589,
        0,
        10.2,
        0.564,
        0,
        12.1,
        -0.486,
        0,
        12.6,
        0
      ]
    },
    {
      "Target": "Parameter",
      "Id": "zuoshuxiuyaobai",
      "Segments": [
        0,
        0,
        0,
        0.467,
        0.484,
        0,
        1.5,
        -0.541,
        0,
        2.567,
        0.394,
        0,
        3.8,
        -0.427,
        0,
        5.067,
        0.308,
        0,
        6,
        0,
        0,
        7.433,
        0.484,
        0,
        9.333,
        -0.541,
        0,
        11.467,
        0.394,
        0,
        12.6,
        0
      ]
    },
    {
      "Target": "Parameter",
      "Id": "youshuxiujiaodu",
      "Segments": [
        0,
        0,
        0,
        0.833,
        -0.622,
        0,
        1.867,
        0.671,
        0,
        2.833,
        -0.622,
        0,
        3.9,
        0.671,
        0,
        4.7,
        -0.622,
        0,
        6,
        0,
        0,
        8.1,
        -0.622,
        0,
        10.067,
        0.671,
        0,
        11.967,
        -0.622,
        0,
        12.6,
        0
      ]
    },
    {
      "Target": "Parameter",
      "Id": "youshuxiudaiyaobai",
      "Segments": [
        0,
        0,
        0,
        0.4,
        0.698,
        0,
        1.3,
        -0.606,
        0,
        2.333,
        0.698,
        0,
        3.4,
        -0.606,
        0,
        4.5,
        0.698,
        0,
        5.3,
        -0.5,
        1,
        5.533,
        -0.5,
        5.767,
        -0.28,
        6,
        0,
        1,
        6.422,
        0.507,
        6.845,
        0.698,
        7.267,
        0.698,
        0,
        9.033,
        -0.606,
        0,
        11,
        0.698,
        0,
        12.6,
        0
      ]
    },
    {
      "Target": "Parameter",
      "Id": "zldbx",
      "Segments": [
        0,
        0,
        0,
        0.733,
        -0.5,
        0,
        2.233,
        0.5,
        0,
        3.633,
        -0.4,
        0,
        5.067,
        1,
        1,
        5.378,
        1,
        5.689,
        0.222,
        6,
        0,
        1,
        6.622,
        -0.444,
        7.245,
        -0.5,
        7.867,
        -0.5,
        0,
        10.7,
        0.5,
        0,
        12.6,
        0
      ]
    },
    {
      "Target": "Parameter",
      "Id": "yldbx",
      "Segments": [
        0,
        0,
        0,
        0.3,
        -0.5,
        0,
        1.833,
        0.5,
        0,
        3.267,
        -0.5,
        0,
        4.533,
        1,
        1,
        5.022,
        1,
        5.511,
        0.549,
        6,
        0,
        1,
        6.367,
        -0.412,
        6.733,
        -0.5,
        7.1,
        -0.5,
        0,
        10,
        0.5,
        0,
        12.6,
        0
      ]
    },
    {
      "Target": "Parameter",
      "Id": "youopdaibianxing",
      "Segments": [
        0,
        0,
        0,
        0.7,
        1,
        0,
        1.667,
        -1,
        0,
        3.133,
        0.772,
        0,
        4.233,
        -0.6,
        0,
        5.333,
        0.457,
        0,
        6,
        0,
        0,
        7.8,
        0.515,
        0,
        9.667,
        -0.385,
        0,
        12.533,
        0.415,
        0,
        12.6,
        0
      ]
    },
    {
      "Target": "Parameter",
      "Id": "zxdyb",
      "Segments": [
        0,
        0,
        0,
        0.9,
        -1,
        0,
        2.2,
        1,
        0,
        3.533,
        -1,
        0,
        5.1,
        1,
        1,
        5.4,
        1,
        5.7,
        0.329,
        6,
        0,
        1,
        6.733,
        -0.805,
        7.467,
        -1,
        8.2,
        -1,
        0,
        10.633,
        1,
        0,
        12.6,
        0
      ]
    },
    {
      "Target": "Parameter",
      "Id": "youxiongdaijiaodu",
      "Segments": [
        0,
        0,
        0,
        0.633,
        -1,
        0,
        1.5,
        1,
        0,
        2.3,
        -1,
        0,
        3.2,
        0.818,
        0,
        4.267,
        -0.728,
        0,
        5.2,
        0.625,
        1,
        5.467,
        0.625,
        5.733,
        0.33,
        6,
        0,
        1,
        6.589,
        -0.729,
        7.178,
        -1,
        7.767,
        -1,
        0,
        9.4,
        1,
        0,
        10.967,
        -1,
        0,
        12.6,
        0
      ]
    },
    {
      "Target": "Parameter",
      "Id": "yxdyb",
      "Segments": [
        0,
        0,
        0,
        0.3,
        0.7,
        0,
        1.067,
        -0.6,
        0,
        1.9,
        0.5,
        0,
        2.833,
        -0.5,
        0,
        3.767,
        0.404,
        0,
        4.767,
        -0.45,
        0,
        5.7,
        0.334,
        0,
        6,
        0,
        0,
        7.067,
        0.7,
        0,
        8.533,
        -0.6,
        0,
        10.167,
        0.5,
        0,
        11.867,
        -0.5,
        0,
        12.6,
        0
      ]
    },
    {
      "Target": "Parameter",
      "Id": "ParamAngleX",
      "Segments": [
        0,
        0,
        0,
        2.7,
        -7.284,
        0,
        4.5,
        2,
        1,
        5,
        2,
        5.5,
        1.155,
        6,
        0,
        1,
        6.344,
        -0.796,
        6.689,
        -1,
        7.033,
        -1,
        0,
        7.467,
        0,
        0,
        9.033,
        -2,
        0,
        10.2,
        1.425,
        0,
        11.567,
        -3,
        0,
        12.6,
        0
      ]
    },
    {
      "Target": "Parameter",
      "Id": "ParamAngleY",
      "Segments": [
        0,
        0,
        0,
        0.4,
        -30,
        0,
        0.867,
        11,
        0,
        1.133,
        -30,
        2,
        1.367,
        -30,
        0,
        1.833,
        0,
        0,
        2.367,
        -30,
        2,
        3.533,
        -30,
        0,
        5.067,
        11,
        1,
        5.378,
        11,
        5.689,
        7.513,
        6,
        0,
        1,
        6.622,
        -15.026,
        7.245,
        -22.821,
        7.867,
        -22.821,
        1,
        9.1,
        -22.821,
        10.334,
        -11.46,
        11.567,
        -1.903,
        1,
        11.911,
        0.766,
        12.256,
        0,
        12.6,
        0
      ]
    },
    {
      "Target": "Parameter",
      "Id": "shouZ",
      "Segments": [
        0,
        0,
        0,
        0.8,
        -4.654,
        0,
        2.133,
        4.721,
        0,
        3.3,
        -8.638,
        0,
        4,
        12,
        1,
        4.322,
        12,
        4.645,
        3.194,
        4.967,
        2.062,
        1,
        5.311,
        0.853,
        5.656,
        1.169,
        6,
        0,
        1,
        6.344,
        -1.169,
        6.689,
        -6,
        7.033,
        -6,
        1,
        7.178,
        -6,
        7.322,
        -0.934,
        7.467,
        0,
        1,
        8.178,
        4.598,
        8.889,
        6,
        9.6,
        6,
        0,
        12.6,
        0
      ]
    },
    {
      "Target": "Parameter",
      "Id": "ParamBodyAngleYY",
      "Segments": [
        0,
        0,
        0,
        0.367,
        3,
        0,
        0.9,
        0,
        0,
        1.167,
        2.08,
        0,
        1.433,
        0,
        2,
        12.6,
        0
      ]
    },
    {
      "Target": "Parameter",
      "Id": "ParamBodyAngleY",
      "Segments": [
        0,
        0,
        0,
        0.633,
        5,
        0,
        1.6,
        -7.25,
        0,
        2.133,
        0,
        0,
        2.7,
        -3,
        0,
        3.033,
        1.111,
        0,
        4.067,
        -0.051,
        0,
        6,
        0,
        2,
        9,
        0,
        2,
        12.6,
        0
      ]
    },
    {
      "Target": "Parameter",
      "Id": "ParamBodyAngleXX",
      "Segments": [
        0,
        0,
        0,
        0.267,
        -0.7,
        1,
        0.434,
        -0.7,
        0.6,
        -0.742,
        0.767,
        -0.6,
        1,
        1,
        -0.401,
        1.234,
        1,
        1.467,
        1,
        0,
        2.5,
        -0.9,
        0,
        3.9,
        0.349,
        0,
        5.167,
        -0.4,
        0,
        6,
        0,
        2,
        12.6,
        0
      ]
    },
    {
      "Target": "Parameter",
      "Id": "ParamBodyAngleZ",
      "Segments": [
        0,
        0,
        0,
        3.733,
        -1.394,
        0,
        6,
        0,
        0,
        8.567,
        -1.394,
        0,
        11.333,
        1.17,
        0,
        12.6,
        0
      ]
    },
    {
      "Target": "Parameter",
      "Id": "jblsbx",
      "Segments": [
        0,
        0,
        0,
        6,
        0.5,
        2,
        12.6,
        0.5
      ]
    },
    {
      "Target": "Parameter",
      "Id": "slszy",
      "Segments": [
        0,
        0,
        0,
        6,
        -1.24,
        2,
        12.6,
        -1.24
      ]
    },
    {
      "Target": "Parameter",
      "Id": "ParamBreath",
      "Segments": [
        0,
        0,
        0,
        1,
        1,
        0,
        3,
        0,
        0,
        4,
        1,
        0,
        6,
        0,
        0,
        7,
        1,
        0,
        9,
        0,
        0,
        10,
        1,
        0,
        12,
        0,
        2,
        12.6,
        0
      ]
    },
    {
      "Target": "Parameter",
      "Id": "yifuzuoyou",
      "Segments": [
        0,
        0,
        0,
        0.6,
        1,
        0,
        1.533,
        -1,
        0,
        2.633,
        1,
        0,
        3.6,
        -1,
        0,
        4.767,
        1,
        0,
        6,
        0,
        0,
        7.3,
        1,
        0,
        9,
        -1,
        0,
        10.967,
        1,
        0,
        12.6,
        0
      ]
    },
    {
      "Target": "Parameter",
      "Id": "yifubianxing",
      "Segments": [
        0,
        0,
        0,
        0.3,
        -30,
        0,
        1.067,
        30,
        0,
        2,
        -30,
        0,
        3.1,
        30,
        0,
        4.067,
        -30,
        0,
        5.367,
        30,
        1,
        5.578,
        30,
        5.789,
        19.473,
        6,
        0,
        1,
        6.222,
        -20.497,
        6.445,
        -30,
        6.667,
        -30,
        0,
        8.067,
        30,
        0,
        9.767,
        -30,
        0,
        11.833,
        30,
        0,
        12.6,
        0
      ]
    },
    {
      "Target": "Parameter",
      "Id": "yifuxingtai",
      "Segments": [
        0,
        1,
        2,
        0.467,
        1,
        1,
        0.611,
        1,
        0.756,
        0.991,
        0.9,
        0.8,
        1,
        0.978,
        0.697,
        1.055,
        0,
        1.133,
        0,
        2,
        6,
        0,
        2,
        12.6,
        0
      ]
    },
    {
      "Target": "Parameter",
      "Id": "yifuyaobai",
      "Segments": [
        0,
        0,
        0,
        0.333,
        -0.6,
        0,
        0.6,
        0.5,
        0,
        0.8,
        -0.4,
        0,
        6,
        0,
        2,
        12.6,
        0
      ]
    },
    {
      "Target": "Parameter",
      "Id": "xiashujiaodu",
      "Segments": [
        0,
        -0.497,
        1,
        0.056,
        -0.497,
        0.111,
        -0.541,
        0.167,
        -0.619,
        1,
        0.189,
        -0.65,
        0.211,
        -0.657,
        0.233,
        -0.703,
        1,
        0.311,
        -0.864,
        0.389,
        -1,
        0.467,
        -1,
        1,
        0.511,
        -1,
        0.556,
        -0.947,
        0.6,
        -0.8,
        1,
        0.622,
        -0.727,
        0.645,
        -0.642,
        0.667,
        -0.525,
        1,
        0.689,
        -0.408,
        0.711,
        -0.298,
        0.733,
        -0.042,
        1,
        0.755,
        0.214,
        0.778,
        1,
        0.8,
        1,
        0,
        1.133,
        0,
        2,
        6,
        0,
        2,
        12.6,
        0
      ]
    },
    {
      "Target": "Parameter",
      "Id": "shentishangxia",
      "Segments": [
        0,
        -1,
        2,
        0.467,
        -1,
        0,
        0.8,
        0,
        2,
        1.067,
        0,
        0,
        1.233,
        -0.027,
        0,
        1.433,
        0,
        2,
        6,
        0,
        2,
        12.6,
        0
      ]
    },
    {
      "Target": "Parameter",
      "Id": "shentidaxiao",
      "Segments": [
        0,
        0.5,
        1,
        0.156,
        0.5,
        0.311,
        0.503,
        0.467,
        0.476,
        1,
        0.578,
        0.457,
        0.689,
        -0.34,
        0.8,
        -0.34,
        0,
        1.5,
        0.3,
        0,
        6,
        0,
        2,
        12.6,
        0
      ]
    },
    {
      "Target": "Parameter",
      "Id": "shangshenshangxia",
      "Segments": [
        0,
        0,
        0,
        0.467,
        -1,
        1,
        0.534,
        -1,
        0.6,
        -0.979,
        0.667,
        -0.501,
        1,
        0.711,
        -0.182,
        0.756,
        1,
        0.8,
        1,
        1,
        0.911,
        1,
        1.022,
        0.042,
        1.133,
        0,
        1,
        1.189,
        -0.021,
        1.244,
        -0.011,
        1.3,
        -0.011,
        0,
        1.5,
        0,
        2,
        6,
        0,
        2,
        12.6,
        0
      ]
    },
    {
      "Target": "Parameter",
      "Id": "baozhaguodu",
      "Segments": [
        0,
        0,
        0,
        12.6,
        0
      ]
    },
    {
      "Target": "Parameter",
      "Id": "baimaotmd",
      "Segments": [
        0,
        0,
        0,
        12.6,
        0
      ]
    },
    {
      "Target": "Parameter",
      "Id": "baimaoshensuo",
      "Segments": [
        0,
        0,
        0,
        12.6,
        0
      ]
    },
    {
      "Target": "Parameter",
      "Id": "baimaojiya",
      "Segments": [
        0,
        0,
        0,
        12.6,
        0
      ]
    },
    {
      "Target": "Parameter",
      "Id": "maozuoyou",
      "Segments": [
        0,
        0,
        0,
        12.6,
        0
      ]
    },
    {
      "Target": "Parameter",
      "Id": "maoshangxia",
      "Segments": [
        0,
        0,
        0,
        12.6,
        0
      ]
    },
    {
      "Target": "Parameter",
      "Id": "maojiaodu",
      "Segments": [
        0,
        0,
        0,
        12.6,
        0
      ]
    },
    {
      "Target": "Parameter",
      "Id": "maoliandai",
      "Segments": [
        0,
        0,
        0,
        12.6,
        0
      ]
    },
    {
      "Target": "Parameter",
      "Id": "maoerduo",
      "Segments": [
        0,
        0,
        0,
        12.6,
        0
      ]
    },
    {
      "Target": "Parameter",
      "Id": "maozhayan",
      "Segments": [
        0,
        0,
        0,
        12.6,
        0
      ]
    },
    {
      "Target": "Parameter",
      "Id": "maogaoguang",
      "Segments": [
        0,
        0,
        0,
        12.6,
        0
      ]
    },
    {
      "Target": "Parameter",
      "Id": "maozui",
      "Segments": [
        0,
        0,
        0,
        12.6,
        0
      ]
    },
    {
      "Target": "Parameter",
      "Id": "maozuishetou",
      "Segments": [
        0,
        0,
        0,
        12.6,
        0
      ]
    },
    {
      "Target": "Parameter",
      "Id": "maohongyun",
      "Segments": [
        0,
        0,
        0,
        12.6,
        0
      ]
    },
    {
      "Target": "Parameter",
      "Id": "maozishensuo",
      "Segments": [
        0,
        0,
        0,
        12.6,
        0
      ]
    },
    {
      "Target": "Parameter",
      "Id": "maoshou",
      "Segments": [
        0,
        -1,
        0,
        12.6,
        -1
      ]
    },
    {
      "Target": "Parameter",
      "Id": "maoweibajiaodu",
      "Segments": [
        0,
        0,
        0,
        12.6,
        0
      ]
    },
    {
      "Target": "Parameter",
      "Id": "maoweibabianxing",
      "Segments": [
        0,
        0,
        0,
        12.6,
        0
      ]
    },
    {
      "Target": "Parameter",
      "Id": "maozuojiao",
      "Segments": [
        0,
        0,
        0,
        12.6,
        0
      ]
    },
    {
      "Target": "Parameter",
      "Id": "maoyoujiao",
      "Segments": [
        0,
        0,
        0,
        12.6,
        0
      ]
    },
    {
      "Target": "Parameter",
      "Id": "ParamEyeLSmile",
      "Segments": [
        0,
        0,
        0,
        12.6,
        0
      ]
    },
    {
      "Target": "Parameter",
      "Id": "ParamEyeRSmile",
      "Segments": [
        0,
        0,
        0,
        12.6,
        0
      ]
    },
    {
      "Target": "Parameter",
      "Id": "ParamBrowLX",
      "Segments": [
        0,
        0,
        0,
        12.6,
        0
      ]
    },
    {
      "Target": "Parameter",
      "Id": "ParamBrowRX",
      "Segments": [
        0,
        0,
        0,
        12.6,
        0
      ]
    },
    {
      "Target": "Parameter",
      "Id": "ParamBrowLAngle",
      "Segments": [
        0,
        0,
        0,
        12.6,
        0
      ]
    },
    {
      "Target": "Parameter",
      "Id": "ParamBrowRAngle",
      "Segments": [
        0,
        0,
        0,
        12.6,
        0
      ]
    },
    {
      "Target": "Parameter",
      "Id": "muyuqiehuan",
      "Segments": [
        0,
        0,
        0,
        12.6,
        0
      ]
    },
    {
      "Target": "Parameter",
      "Id": "gaoguangtoumingdu",
      "Segments": [
        0,
        0,
        0,
        12.6,
        0
      ]
    },
    {
      "Target": "Parameter",
      "Id": "ParamMouthOpenY",
      "Segments": [
        0,
        0,
        0,
        12.6,
        0
      ]
    },
    {
      "Target": "Parameter",
      "Id": "ParamCheek",
      "Segments": [
        0,
        0,
        0,
        12.6,
        0
      ]
    },
    {
      "Target": "Parameter",
      "Id": "yunbianxing",
      "Segments": [
        0,
        -1,
        0,
        12.6,
        -1
      ]
    },
    {
      "Target": "Parameter",
      "Id": "expyun1",
      "Segments": [
        0,
        0,
        0,
        12.6,
        0
      ]
    },
    {
      "Target": "Parameter",
      "Id": "yunjiaodu",
      "Segments": [
        0,
        0,
        0,
        12.6,
        0
      ]
    },
    {
      "Target": "Parameter",
      "Id": "shuijiaozzz",
      "Segments": [
        0,
        0,
        0,
        12.6,
        0
      ]
    },
    {
      "Target": "Parameter",
      "Id": "shuijiaozzztmd",
      "Segments": [
        0,
        0,
        0,
        12.6,
        0
      ]
    },
    {
      "Target": "Parameter",
      "Id": "shuijiaoyidong",
      "Segments": [
        0,
        0,
        0,
        12.6,
        0
      ]
    },
    {
      "Target": "Parameter",
      "Id": "dingjjj",
      "Segments": [
        0,
        0,
        0,
        12.6,
        0
      ]
    },
    {
      "Target": "Parameter",
      "Id": "zuotuixuanzhuan",
      "Segments": [
        0,
        0,
        0,
        12.6,
        0
      ]
    },
    {
      "Target": "Parameter",
      "Id": "zuotuishangxia",
      "Segments": [
        0,
        0,
        0,
        12.6,
        0
      ]
    },
    {
      "Target": "Parameter",
      "Id": "zuotuidaxiao",
      "Segments": [
        0,
        0,
        0,
        12.6,
        0
      ]
    },
    {
      "Target": "Parameter",
      "Id": "youtuixuanzhuan",
      "Segments": [
        0,
        0,
        0,
        12.6,
        0
      ]
    },
    {
      "Target": "Parameter",
      "Id": "youtuishangxia",
      "Segments": [
        0,
        0,
        0,
        12.6,
        0
      ]
    },
    {
      "Target": "Parameter",
      "Id": "youtuidaxiao",
      "Segments": [
        0,
        0,
        0,
        12.6,
        0
      ]
    },
    {
      "Target": "Parameter",
      "Id": "zuojiaoxuanzhuan",
      "Segments": [
        0,
        0,
        0,
        12.6,
        0
      ]
    },
    {
      "Target": "Parameter",
      "Id": "youjiaoxuanzhuan",
      "Segments": [
        0,
        0,
        0,
        12.6,
        0
      ]
    },
    {
      "Target": "Parameter",
      "Id": "zuobixuanzhuan",
      "Segments": [
        0,
        0,
        0,
        12.6,
        0
      ]
    },
    {
      "Target": "Parameter",
      "Id": "zuobishensuo",
      "Segments": [
        0,
        0,
        0,
        12.6,
        0
      ]
    },
    {
      "Target": "Parameter",
      "Id": "zuoxiabixuanzhuan",
      "Segments": [
        0,
        0,
        0,
        12.6,
        0
      ]
    },
    {
      "Target": "Parameter",
      "Id": "zuoxiabishensuo",
      "Segments": [
        0,
        0,
        0,
        12.6,
        0
      ]
    },
    {
      "Target": "Parameter",
      "Id": "zuoshouxuanzhuan",
      "Segments": [
        0,
        0,
        0,
        12.6,
        0
      ]
    },
    {
      "Target": "Parameter",
      "Id": "zuozishousuo",
      "Segments": [
        0,
        0,
        0,
        12.6,
        0
      ]
    },
    {
      "Target": "Parameter",
      "Id": "zuoshoufanzhuan",
      "Segments": [
        0,
        0,
        0,
        12.6,
        0
      ]
    },
    {
      "Target": "Parameter",
      "Id": "xingfengtmd",
      "Segments": [
        0,
        0,
        0,
        12.6,
        0
      ]
    },
    {
      "Target": "Parameter",
      "Id": "xingfengjiaodu",
      "Segments": [
        0,
        0,
        0,
        12.6,
        0
      ]
    },
    {
      "Target": "Parameter",
      "Id": "youbixuanzhuan",
      "Segments": [
        0,
        0,
        0,
        12.6,
        0
      ]
    },
    {
      "Target": "Parameter",
      "Id": "youbishensuo",
      "Segments": [
        0,
        0,
        0,
        12.6,
        0
      ]
    },
    {
      "Target": "Parameter",
      "Id": "youbijiya",
      "Segments": [
        0,
        0,
        0,
        12.6,
        0
      ]
    },
    {
      "Target": "Parameter",
      "Id": "youxiabixuanzhuan",
      "Segments": [
        0,
        0,
        0,
        12.6,
        0
      ]
    },
    {
      "Target": "Parameter",
      "Id": "youxiabishensuo",
      "Segments": [
        0,
        0,
        0,
        12.6,
        0
      ]
    },
    {
      "Target": "Parameter",
      "Id": "youshouxuanzhuan",
      "Segments": [
        0,
        0,
        0,
        12.6,
        0
      ]
    },
    {
      "Target": "Parameter",
      "Id": "yssztmd",
      "Segments": [
        0,
        0,
        0,
        12.6,
        0
      ]
    },
    {
      "Target": "Parameter",
      "Id": "youshoufanzhuan",
      "Segments": [
        0,
        0,
        0,
        12.6,
        0
      ]
    },
    {
      "Target": "Parameter",
      "Id": "yousizi",
      "Segments": [
        0,
        -1,
        0,
        12.6,
        -1
      ]
    },
    {
      "Target": "Parameter",
      "Id": "paotaishensuo",
      "Segments": [
        0,
        0,
        0,
        12.6,
        0
      ]
    },
    {
      "Target": "Parameter",
      "Id": "liuhaiyaobai",
      "Segments": [
        0,
        0,
        0,
        12.6,
        0
      ]
    },
    {
      "Target": "Parameter",
      "Id": "zuocefatuceng",
      "Segments": [
        0,
        0,
        0,
        12.6,
        0
      ]
    },
    {
      "Target": "Parameter",
      "Id": "szlssx",
      "Segments": [
        0,
        0,
        0,
        12.6,
        0
      ]
    },
    {
      "Target": "Parameter",
      "Id": "slsjd",
      "Segments": [
        0,
        0,
        0,
        12.6,
        0
      ]
    },
    {
      "Target": "Parameter",
      "Id": "szlsbx",
      "Segments": [
        0,
        0,
        0,
        12.6,
        0
      ]
    },
    {
      "Target": "Parameter",
      "Id": "szlstc",
      "Segments": [
        0,
        0,
        0,
        12.6,
        0
      ]
    },
    {
      "Target": "Parameter",
      "Id": "shangshenjiaodu",
      "Segments": [
        0,
        0,
        0,
        12.6,
        0
      ]
    }
  ],
  "UserData": [
    {
      "Time": 12.1,
      "Value": ""
    }
  ]
}