{
  "Version": 3,
  "Meta": {
    "Duration": 11.967,
    "Fps": 30.0,
    "Loop": true,
    "CurveCount": 170,
    "TotalSegmentCount": 794,
    "TotalPointCount": 1056,
    "UserDataCount": 0,
    "TotalUserDataSize": 0
  },
  "Curves": [
    {
      "Target": "Parameter",
      "Id": "zhuweibabianxing",
      "Segments": [
        0,
        0,
        0,
        1.567,
        -1,
        0,
        3.633,
        0.629,
        0,
        5.067,
        -1,
        0,
        6.5,
        1,
        0,
        8.033,
        -0.636,
        0,
        9.333,
        0.629,
        0,
        10.9,
        -1,
        1,
        11.256,
        -1,
        11.611,
        -0.06,
        11.967,
        -0.003
      ]
    },
    {
      "Target": "Parameter",
      "Id": "zhupigushangxia",
      "Segments": [
        0,
        0,
        1,
        0.244,
        0.652,
        0.489,
        1,
        0.733,
        1,
        1,
        0.989,
        1,
        1.244,
        0.681,
        1.5,
        0,
        1,
        1.744,
        -0.652,
        1.989,
        -1,
        2.233,
        -1,
        1,
        2.489,
        -1,
        2.744,
        -0.681,
        3,
        0,
        1,
        3.244,
        0.652,
        3.489,
        1,
        3.733,
        1,
        1,
        3.989,
        1,
        4.244,
        0.681,
        4.5,
        0,
        1,
        4.744,
        -0.652,
        4.989,
        -1,
        5.233,
        -1,
        1,
        5.489,
        -1,
        5.744,
        -0.681,
        6,
        0,
        1,
        6.244,
        0.652,
        6.489,
        1,
        6.733,
        1,
        1,
        6.989,
        1,
        7.244,
        0.681,
        7.5,
        0,
        1,
        7.744,
        -0.652,
        7.989,
        -1,
        8.233,
        -1,
        1,
        8.489,
        -1,
        8.744,
        -0.681,
        9,
        0,
        1,
        9.244,
        0.652,
        9.489,
        1,
        9.733,
        1,
        1,
        9.989,
        1,
        10.244,
        0.681,
        10.5,
        0,
        1,
        10.744,
        -0.652,
        10.989,
        -1,
        11.233,
        -1,
        1,
        11.478,
        -1,
        11.722,
        -0.708,
        11.967,
        -0.087
      ]
    },
    {
      "Target": "Parameter",
      "Id": "zhupiguzuoyou",
      "Segments": [
        0,
        -1,
        1,
        0.244,
        -1,
        0.489,
        -0.652,
        0.733,
        0,
        1,
        0.989,
        0.681,
        1.244,
        1,
        1.5,
        1,
        1,
        1.744,
        1,
        1.989,
        0.652,
        2.233,
        0,
        1,
        2.489,
        -0.681,
        2.744,
        -1,
        3,
        -1,
        1,
        3.244,
        -1,
        3.489,
        -0.652,
        3.733,
        0,
        1,
        3.989,
        0.681,
        4.244,
        1,
        4.5,
        1,
        1,
        4.744,
        1,
        4.989,
        0.652,
        5.233,
        0,
        1,
        5.489,
        -0.681,
        5.744,
        -1,
        6,
        -1,
        1,
        6.244,
        -1,
        6.489,
        -0.652,
        6.733,
        0,
        1,
        6.989,
        0.681,
        7.244,
        1,
        7.5,
        1,
        1,
        7.744,
        1,
        7.989,
        0.652,
        8.233,
        0,
        1,
        8.489,
        -0.681,
        8.744,
        -1,
        9,
        -1,
        1,
        9.244,
        -1,
        9.489,
        -0.652,
        9.733,
        0,
        1,
        9.989,
        0.681,
        10.244,
        1,
        10.5,
        1,
        1,
        10.744,
        1,
        10.989,
        0.652,
        11.233,
        0,
        1,
        11.478,
        -0.652,
        11.722,
        -0.972,
        11.967,
        -0.998
      ]
    },
    {
      "Target": "Parameter",
      "Id": "shubianhua",
      "Segments": [
        0,
        0,
        0,
        1,
        5,
        0,
        2,
        0,
        0,
        3,
        5,
        0,
        4,
        0,
        0,
        5,
        5,
        0,
        6,
        0,
        0,
        7,
        5,
        0,
        8,
        0,
        0,
        9,
        5,
        0,
        10,
        0,
        0,
        11,
        5,
        1,
        11.322,
        5,
        11.645,
        0.328,
        11.967,
        0.016
      ]
    },
    {
      "Target": "Parameter",
      "Id": "shumujiaodu",
      "Segments": [
        0,
        0,
        1,
        1.333,
        -0.038,
        2.667,
        -0.056,
        4,
        -0.056,
        0,
        8,
        0.06,
        1,
        9.322,
        0.06,
        10.645,
        0.039,
        11.967,
        0.001
      ]
    },
    {
      "Target": "Parameter",
      "Id": "sz1dyb",
      "Segments": [
        0,
        0,
        0,
        2.5,
        0.707,
        0,
        6.133,
        -0.605,
        0,
        9.133,
        0.396,
        1,
        10.078,
        0.396,
        11.022,
        0.009,
        11.967,
        0
      ]
    },
    {
      "Target": "Parameter",
      "Id": "sz2dyb",
      "Segments": [
        0,
        0,
        1,
        0.689,
        -0.143,
        1.378,
        -0.6,
        2.067,
        -0.6,
        0,
        6.433,
        0.465,
        1,
        8.278,
        0.465,
        10.122,
        0.385,
        11.967,
        0.007
      ]
    },
    {
      "Target": "Parameter",
      "Id": "sz3dyb",
      "Segments": [
        0,
        0,
        1,
        0.933,
        -0.363,
        1.867,
        -0.5,
        2.8,
        -0.5,
        0,
        8.667,
        0.7,
        1,
        9.767,
        0.7,
        10.867,
        0.437,
        11.967,
        0.013
      ]
    },
    {
      "Target": "Parameter",
      "Id": "ParamEyeLOpen",
      "Segments": [
        0,
        1,
        0,
        1.033,
        0.7,
        0,
        1.467,
        0.9,
        0,
        3.033,
        0.5,
        0,
        3.6,
        0.8,
        0,
        6.667,
        0,
        2,
        10.233,
        0,
        2,
        10.467,
        0,
        0,
        10.8,
        1,
        2,
        11.967,
        1
      ]
    },
    {
      "Target": "Parameter",
      "Id": "ParamEyeROpen",
      "Segments": [
        0,
        1,
        0,
        1.033,
        0.7,
        0,
        1.467,
        0.9,
        0,
        3.033,
        0.5,
        0,
        3.6,
        0.8,
        0,
        6.667,
        0,
        2,
        10.233,
        0,
        2,
        10.467,
        0,
        0,
        10.8,
        1,
        2,
        11.967,
        1
      ]
    },
    {
      "Target": "Parameter",
      "Id": "gaoguangdonghua",
      "Segments": [
        0,
        0,
        0,
        0.7,
        1,
        0,
        1.767,
        0,
        0,
        3.333,
        1,
        0,
        4.633,
        0,
        0,
        5.8,
        1,
        0,
        7.7,
        0,
        2,
        10.5,
        0,
        0,
        10.833,
        1,
        0,
        11.1,
        0,
        0,
        11.367,
        0.8,
        0,
        11.5,
        0,
        0,
        11.7,
        0.6,
        1,
        11.789,
        0.6,
        11.878,
        0.126,
        11.967,
        0.021
      ]
    },
    {
      "Target": "Parameter",
      "Id": "tongkongdaxiao",
      "Segments": [
        0,
        0,
        1,
        0.3,
        0.433,
        0.6,
        0.9,
        0.9,
        0.9,
        0,
        2.367,
        -0.3,
        1,
        2.756,
        -0.3,
        3.144,
        0.16,
        3.533,
        0.3,
        1,
        5.044,
        0.845,
        6.556,
        1,
        8.067,
        1,
        2,
        10.367,
        1,
        0,
        10.967,
        -1,
        0,
        11.433,
        0.4,
        1,
        11.611,
        0.4,
        11.789,
        0.046,
        11.967,
        0.004
      ]
    },
    {
      "Target": "Parameter",
      "Id": "ParamBrowLY",
      "Segments": [
        0,
        0,
        0,
        1.033,
        -0.4,
        0,
        1.467,
        -0.2,
        0,
        3.033,
        -0.5,
        0,
        3.6,
        -0.3,
        0,
        6.667,
        -1,
        2,
        10.467,
        -1,
        0,
        10.8,
        0.3,
        0,
        11.033,
        0,
        2,
        11.967,
        0
      ]
    },
    {
      "Target": "Parameter",
      "Id": "ParamBrowRY",
      "Segments": [
        0,
        0,
        0,
        1.033,
        -0.4,
        0,
        1.467,
        -0.2,
        0,
        3.033,
        -0.5,
        0,
        3.6,
        -0.3,
        0,
        6.667,
        -1,
        2,
        10.467,
        -1,
        0,
        10.8,
        0.3,
        0,
        11.033,
        0,
        2,
        11.967,
        0
      ]
    },
    {
      "Target": "Parameter",
      "Id": "ParamBrowLForm",
      "Segments": [
        0,
        0,
        1,
        1.533,
        0,
        3.067,
        -0.168,
        4.6,
        -0.3,
        1,
        6.556,
        -0.469,
        8.511,
        -0.5,
        10.467,
        -0.5,
        0,
        11.033,
        0.2,
        1,
        11.344,
        0.2,
        11.656,
        0.014,
        11.967,
        0.001
      ]
    },
    {
      "Target": "Parameter",
      "Id": "ParamBrowRForm",
      "Segments": [
        0,
        0,
        1,
        1.533,
        0,
        3.067,
        -0.084,
        4.6,
        -0.2,
        1,
        6.556,
        -0.347,
        8.511,
        -0.4,
        10.467,
        -0.4,
        0,
        11.033,
        0.2,
        1,
        11.344,
        0.2,
        11.656,
        0.014,
        11.967,
        0.001
      ]
    },
    {
      "Target": "Parameter",
      "Id": "ParamEyeBallX",
      "Segments": [
        0,
        0,
        0,
        2.667,
        -0.1,
        0,
        3.833,
        0.4,
        0,
        5.567,
        -0.5,
        0,
        10,
        0,
        0,
        10.933,
        -0.6,
        0,
        11.233,
        0.108,
        1,
        11.478,
        0.108,
        11.722,
        0.03,
        11.967,
        0.003
      ]
    },
    {
      "Target": "Parameter",
      "Id": "ParamEyeBallY",
      "Segments": [
        0,
        0,
        0,
        2.667,
        -1,
        0,
        3.833,
        -0.8,
        0,
        5.567,
        -0.9,
        0,
        10,
        0,
        0,
        10.933,
        -0.6,
        1,
        11.011,
        -0.6,
        11.089,
        -0.55,
        11.167,
        -0.5,
        1,
        11.234,
        -0.457,
        11.3,
        -0.462,
        11.367,
        -0.4,
        1,
        11.567,
        -0.215,
        11.767,
        -0.022,
        11.967,
        -0.002
      ]
    },
    {
      "Target": "Parameter",
      "Id": "muyudaxiao",
      "Segments": [
        0,
        0,
        1,
        0.356,
        0.178,
        0.711,
        0.2,
        1.067,
        0.2,
        0,
        1.767,
        0,
        0,
        3.3,
        0.4,
        1,
        3.644,
        0.4,
        3.989,
        0.241,
        4.333,
        0,
        1,
        4.744,
        -0.288,
        5.156,
        -0.4,
        5.567,
        -0.4,
        0,
        8,
        0,
        2,
        10.467,
        0,
        0,
        10.933,
        -0.4,
        1,
        11.278,
        -0.4,
        11.622,
        -0.191,
        11.967,
        -0.017
      ]
    },
    {
      "Target": "Parameter",
      "Id": "gaoguangtoumingdu",
      "Segments": [
        0,
        0,
        0,
        1.067,
        0.3,
        0,
        1.867,
        0.1,
        0,
        3.467,
        0.4,
        0,
        5.633,
        0,
        0,
        10.367,
        1,
        0,
        11,
        0,
        2,
        11.967,
        0
      ]
    },
    {
      "Target": "Parameter",
      "Id": "liuhaigaoguang",
      "Segments": [
        0,
        0,
        1,
        0.422,
        -0.684,
        0.845,
        -1,
        1.267,
        -1,
        0,
        4.233,
        0.217,
        0,
        8,
        -1,
        0,
        10.167,
        1,
        0,
        10.767,
        -1,
        0,
        11.267,
        0.622,
        1,
        11.5,
        0.622,
        11.734,
        0.416,
        11.967,
        0.053
      ]
    },
    {
      "Target": "Parameter",
      "Id": "ParamMouthForm",
      "Segments": [
        0,
        0,
        0,
        1.2,
        -0.4,
        0,
        2.133,
        0,
        0,
        4.667,
        -0.3,
        0,
        10.167,
        0,
        0,
        10.833,
        -1,
        1,
        11.211,
        -1,
        11.589,
        -0.056,
        11.967,
        -0.002
      ]
    },
    {
      "Target": "Parameter",
      "Id": "zuoxiaotuixuanzhuan",
      "Segments": [
        0,
        0,
        0,
        2.467,
        -0.028,
        0,
        6.533,
        0,
        2,
        11.967,
        0
      ]
    },
    {
      "Target": "Parameter",
      "Id": "zuoxiaotuishensuo",
      "Segments": [
        0,
        0,
        2,
        10.267,
        0,
        0,
        10.733,
        -1,
        1,
        11.144,
        -1,
        11.556,
        -0.052,
        11.967,
        -0.002
      ]
    },
    {
      "Target": "Parameter",
      "Id": "zuobaijiao",
      "Segments": [
        0,
        -0.7,
        1,
        1.178,
        -0.551,
        2.355,
        -0.518,
        3.533,
        -0.518,
        0,
        7.733,
        -0.893,
        0,
        10.267,
        -0.8,
        0,
        10.967,
        -1,
        1,
        11.3,
        -1,
        11.634,
        -0.76,
        11.967,
        -0.705
      ]
    },
    {
      "Target": "Parameter",
      "Id": "youxiaotuixuanzhuan",
      "Segments": [
        0,
        0,
        1,
        0.811,
        0.036,
        1.622,
        0.038,
        2.433,
        0.038,
        0,
        6.533,
        0,
        2,
        10.333,
        0,
        0,
        10.7,
        -0.116,
        1,
        11.122,
        -0.116,
        11.545,
        -0.024,
        11.967,
        -0.002
      ]
    },
    {
      "Target": "Parameter",
      "Id": "youxiaotuishensuo",
      "Segments": [
        0,
        0,
        2,
        10.267,
        0,
        0,
        10.633,
        -1,
        1,
        11.078,
        -1,
        11.522,
        -0.048,
        11.967,
        -0.002
      ]
    },
    {
      "Target": "Parameter",
      "Id": "youbaijiao",
      "Segments": [
        0,
        -0.7,
        0,
        3.533,
        -0.8,
        0,
        7.733,
        -0.599,
        1,
        8.578,
        -0.599,
        9.422,
        -0.617,
        10.267,
        -0.7,
        1,
        10.489,
        -0.722,
        10.711,
        -1,
        10.933,
        -1,
        1,
        11.278,
        -1,
        11.622,
        -0.718,
        11.967,
        -0.701
      ]
    },
    {
      "Target": "Parameter",
      "Id": "shangzimianx",
      "Segments": [
        0,
        0,
        1,
        1.033,
        -0.292,
        2.067,
        -0.472,
        3.1,
        -0.472,
        0,
        9,
        0.395,
        1,
        9.989,
        0.395,
        10.978,
        0.285,
        11.967,
        0.009
      ]
    },
    {
      "Target": "Parameter",
      "Id": "paotaijiaodu",
      "Segments": [
        0,
        0,
        0,
        2.033,
        -0.489,
        0,
        5.267,
        0.532,
        0,
        8.867,
        -0.32,
        1,
        9.9,
        -0.32,
        10.934,
        -0.007,
        11.967,
        0
      ]
    },
    {
      "Target": "Parameter",
      "Id": "paoguangxuanzhuang",
      "Segments": [
        0,
        0,
        0,
        2.833,
        -1,
        0,
        8.833,
        1,
        1,
        9.878,
        1,
        10.922,
        0.021,
        11.967,
        0
      ]
    },
    {
      "Target": "Parameter",
      "Id": "paotaixuanzhuang",
      "Segments": [
        0,
        0,
        1,
        0.167,
        0.011,
        0.333,
        0.008,
        0.5,
        0.008,
        0,
        0.933,
        -0.003,
        0,
        1.4,
        0.038,
        0,
        2,
        -0.038,
        0,
        2.567,
        0.012,
        0,
        3.033,
        0.001,
        0,
        3.633,
        0.052,
        0,
        4.567,
        -0.066,
        0,
        5.7,
        0.031,
        0,
        6.367,
        -0.013,
        0,
        7.067,
        0.007,
        0,
        7.733,
        -0.003,
        2,
        7.9,
        -0.003,
        0,
        8.633,
        -0.01,
        0,
        10,
        0.176,
        0,
        11.3,
        -0.218,
        1,
        11.522,
        -0.218,
        11.745,
        -0.035,
        11.967,
        -0.003
      ]
    },
    {
      "Target": "Parameter",
      "Id": "yuleijiaodu1",
      "Segments": [
        0,
        0,
        1,
        0.167,
        -0.005,
        0.333,
        -0.004,
        0.5,
        -0.004,
        0,
        0.933,
        0.001,
        0,
        1.4,
        -0.019,
        0,
        2,
        0.019,
        0,
        2.567,
        -0.006,
        0,
        3.033,
        -0.001,
        0,
        3.633,
        -0.026,
        0,
        4.567,
        0.033,
        0,
        5.7,
        -0.016,
        0,
        6.367,
        0.007,
        0,
        7.067,
        -0.003,
        0,
        7.733,
        0.002,
        0,
        7.9,
        0.001,
        0,
        8.633,
        0.005,
        0,
        10.7,
        -0.298,
        0,
        11.467,
        0.422,
        1,
        11.634,
        0.422,
        11.8,
        0.056,
        11.967,
        0.006
      ]
    },
    {
      "Target": "Parameter",
      "Id": "yuleijiaodu2",
      "Segments": [
        0,
        0,
        1,
        0.167,
        -0.004,
        0.333,
        -0.003,
        0.5,
        -0.003,
        0,
        0.933,
        0.001,
        0,
        1.4,
        -0.015,
        0,
        2,
        0.015,
        0,
        2.567,
        -0.005,
        0,
        3.033,
        -0.001,
        0,
        3.633,
        -0.021,
        0,
        4.567,
        0.026,
        0,
        5.7,
        -0.012,
        0,
        6.367,
        0.005,
        0,
        7.067,
        -0.003,
        0,
        7.733,
        0.001,
        2,
        7.9,
        0.001,
        0,
        8.633,
        0.004,
        0,
        10.7,
        -0.275,
        0,
        11.467,
        0.409,
        1,
        11.634,
        0.409,
        11.8,
        0.053,
        11.967,
        0.005
      ]
    },
    {
      "Target": "Parameter",
      "Id": "yuleijiaodu3",
      "Segments": [
        0,
        0,
        1,
        0.167,
        -0.003,
        0.333,
        -0.002,
        0.5,
        -0.002,
        0,
        0.933,
        0.001,
        0,
        1.4,
        -0.011,
        0,
        2,
        0.011,
        0,
        2.567,
        -0.004,
        0,
        3.033,
        0,
        0,
        3.633,
        -0.016,
        0,
        4.567,
        0.02,
        0,
        5.7,
        -0.009,
        0,
        6.367,
        0.004,
        0,
        7.067,
        -0.002,
        0,
        7.733,
        0.001,
        2,
        7.9,
        0.001,
        0,
        8.633,
        0.003,
        0,
        10.7,
        -0.252,
        0,
        11.467,
        0.396,
        1,
        11.634,
        0.396,
        11.8,
        0.051,
        11.967,
        0.005
      ]
    },
    {
      "Target": "Parameter",
      "Id": "yuleijiaodu4",
      "Segments": [
        0,
        0,
        1,
        0.167,
        -0.002,
        0.333,
        -0.002,
        0.5,
        -0.002,
        0,
        0.933,
        0.001,
        0,
        1.4,
        -0.008,
        0,
        2,
        0.008,
        0,
        2.567,
        -0.002,
        0,
        3.033,
        0,
        0,
        3.633,
        -0.01,
        0,
        4.567,
        0.013,
        0,
        5.7,
        -0.006,
        0,
        6.367,
        0.003,
        0,
        7.067,
        -0.001,
        0,
        7.733,
        0.001,
        2,
        7.9,
        0.001,
        0,
        8.633,
        0.002,
        0,
        10.7,
        -0.228,
        0,
        11.467,
        0.383,
        1,
        11.634,
        0.383,
        11.8,
        0.048,
        11.967,
        0.005
      ]
    },
    {
      "Target": "Parameter",
      "Id": "yuleijiaodu5",
      "Segments": [
        0,
        0,
        1,
        0.167,
        -0.001,
        0.333,
        -0.001,
        0.5,
        -0.001,
        0,
        0.933,
        0,
        0,
        1.4,
        -0.004,
        0,
        2,
        0.004,
        0,
        2.567,
        -0.001,
        0,
        3.033,
        0,
        0,
        3.633,
        -0.005,
        0,
        4.567,
        0.007,
        0,
        5.7,
        -0.003,
        0,
        6.367,
        0.001,
        0,
        7.067,
        -0.001,
        0,
        7.733,
        0,
        2,
        7.9,
        0,
        0,
        8.633,
        0.001,
        0,
        10.7,
        -0.205,
        0,
        11.467,
        0.37,
        1,
        11.634,
        0.37,
        11.8,
        0.046,
        11.967,
        0.004
      ]
    },
    {
      "Target": "Parameter",
      "Id": "jianzhuanjiaodu",
      "Segments": [
        0,
        0,
        2,
        0.033,
        0,
        0,
        0.8,
        -0.007,
        0,
        1.333,
        0.023,
        0,
        2.033,
        -0.008,
        0,
        2.533,
        -0.001,
        0,
        3.133,
        -0.006,
        0,
        3.633,
        -0.001,
        0,
        4.833,
        -0.032,
        0,
        5.9,
        -0.015,
        2,
        6.2,
        -0.015,
        0,
        10.7,
        0.074,
        0,
        11.3,
        -0.028,
        1,
        11.522,
        -0.028,
        11.745,
        -0.003,
        11.967,
        0
      ]
    },
    {
      "Target": "Parameter",
      "Id": "jianzhuanshangxia",
      "Segments": [
        0,
        0,
        2,
        0.033,
        0,
        0,
        0.567,
        0.003,
        0,
        1.233,
        -0.016,
        0,
        2,
        0.013,
        0,
        2.5,
        0.01,
        0,
        3.067,
        0.013,
        0,
        3.8,
        -0.004,
        0,
        4.667,
        0.019,
        0,
        5.833,
        0.006,
        0,
        6.4,
        0.008,
        0,
        10.733,
        -0.037,
        0,
        11.233,
        0.028,
        1,
        11.478,
        0.028,
        11.722,
        0.002,
        11.967,
        0
      ]
    },
    {
      "Target": "Parameter",
      "Id": "jianzhuangqumian",
      "Segments": [
        0,
        0,
        2,
        0.033,
        0,
        0,
        0.567,
        0.014,
        0,
        1.233,
        -0.063,
        0,
        2,
        0.052,
        0,
        2.5,
        0.039,
        0,
        3.067,
        0.053,
        0,
        3.8,
        -0.017,
        0,
        4.667,
        0.078,
        0,
        5.833,
        0.023,
        0,
        6.4,
        0.031,
        0,
        10.733,
        -0.149,
        0,
        11.233,
        0.113,
        1,
        11.478,
        0.113,
        11.722,
        0.01,
        11.967,
        0.001
      ]
    },
    {
      "Target": "Parameter",
      "Id": "mwzy",
      "Segments": [
        0,
        0,
        2,
        0.833,
        0,
        0,
        2.567,
        0.37,
        0,
        4.567,
        0,
        0,
        6.3,
        0.37,
        0,
        8.4,
        0,
        0,
        10.133,
        0.37,
        1,
        10.744,
        0.37,
        11.356,
        0.013,
        11.967,
        0
      ]
    },
    {
      "Target": "Parameter",
      "Id": "mwbx",
      "Segments": [
        0,
        0,
        0,
        1.633,
        -0.41,
        0,
        3.367,
        0.339,
        0,
        5.333,
        -0.41,
        0,
        7,
        0.339,
        0,
        9.233,
        -0.41,
        0,
        10.967,
        0.339,
        1,
        11.3,
        0.339,
        11.634,
        0.022,
        11.967,
        0.001
      ]
    },
    {
      "Target": "Parameter",
      "Id": "youtuoxietuer",
      "Segments": [
        0,
        0,
        0,
        1.167,
        -0.628,
        0,
        2.467,
        0.472,
        0,
        3.7,
        -0.528,
        0,
        4.9,
        0.472,
        0,
        6.1,
        -0.628,
        0,
        7.333,
        0.472,
        0,
        8.633,
        -0.528,
        0,
        9.9,
        0.472,
        0,
        10.9,
        -0.528,
        0,
        11.467,
        0.6,
        1,
        11.634,
        0.6,
        11.8,
        0.073,
        11.967,
        0.007
      ]
    },
    {
      "Target": "Parameter",
      "Id": "zuotuoxietuer",
      "Segments": [
        0,
        0,
        0,
        1.167,
        -0.528,
        0,
        2.467,
        0.372,
        0,
        3.7,
        -0.428,
        0,
        4.9,
        0.472,
        0,
        6.1,
        -0.528,
        0,
        7.333,
        0.472,
        0,
        8.633,
        -0.728,
        0,
        9.9,
        0.572,
        0,
        10.9,
        -0.728,
        0,
        11.467,
        0.5,
        1,
        11.634,
        0.5,
        11.8,
        0.061,
        11.967,
        0.006
      ]
    },
    {
      "Target": "Parameter",
      "Id": "zuotueryaobai",
      "Segments": [
        0,
        0,
        2,
        0.033,
        0,
        0,
        0.3,
        0.006,
        0,
        0.933,
        -0.078,
        2,
        1.1,
        -0.078,
        2,
        1.133,
        -0.078,
        0,
        1.633,
        0.023,
        0,
        1.967,
        -0.006,
        0,
        2.433,
        0.025,
        0,
        2.667,
        0.023,
        0,
        3.133,
        0.036,
        0,
        3.333,
        0.034,
        0,
        4.567,
        0.085,
        2,
        4.6,
        0.085,
        2,
        4.633,
        0.085,
        2,
        4.767,
        0.085,
        2,
        5,
        0.085,
        0,
        5.3,
        0.082,
        0,
        5.4,
        0.083,
        0,
        5.767,
        0.069,
        0,
        6,
        0.072,
        0,
        10.6,
        -0.226,
        0,
        11,
        0.151,
        0,
        11.4,
        -0.062,
        0,
        11.767,
        0.035,
        1,
        11.834,
        0.035,
        11.9,
        0.009,
        11.967,
        0.002
      ]
    },
    {
      "Target": "Parameter",
      "Id": "ztebx",
      "Segments": [
        0,
        0,
        2,
        0.033,
        0,
        0,
        0.3,
        0.015,
        0,
        0.933,
        -0.209,
        0,
        1.1,
        -0.207,
        2,
        1.133,
        -0.207,
        0,
        1.633,
        0.061,
        0,
        1.967,
        -0.016,
        0,
        2.433,
        0.067,
        0,
        2.667,
        0.06,
        0,
        3.133,
        0.097,
        0,
        3.333,
        0.091,
        0,
        4.567,
        0.226,
        2,
        4.6,
        0.226,
        2,
        4.633,
        0.226,
        2,
        4.767,
        0.226,
        0,
        5,
        0.227,
        0,
        5.3,
        0.217,
        0,
        5.4,
        0.222,
        0,
        5.767,
        0.184,
        0,
        6,
        0.191,
        0,
        10.6,
        -0.602,
        0,
        11,
        0.402,
        0,
        11.4,
        -0.165,
        0,
        11.767,
        0.093,
        1,
        11.834,
        0.093,
        11.9,
        0.025,
        11.967,
        0.005
      ]
    },
    {
      "Target": "Parameter",
      "Id": "youtueryaobai",
      "Segments": [
        0,
        0,
        2,
        0.033,
        0,
        0,
        0.3,
        0.006,
        0,
        0.933,
        -0.078,
        2,
        1.1,
        -0.078,
        2,
        1.133,
        -0.078,
        0,
        1.633,
        0.023,
        0,
        1.967,
        -0.006,
        0,
        2.433,
        0.025,
        0,
        2.667,
        0.023,
        0,
        3.133,
        0.036,
        0,
        3.333,
        0.034,
        0,
        4.567,
        0.085,
        2,
        4.6,
        0.085,
        2,
        4.633,
        0.085,
        2,
        4.767,
        0.085,
        2,
        5,
        0.085,
        0,
        5.3,
        0.082,
        0,
        5.4,
        0.083,
        0,
        5.767,
        0.069,
        0,
        6,
        0.072,
        0,
        10.6,
        -0.226,
        0,
        11,
        0.151,
        0,
        11.4,
        -0.062,
        0,
        11.767,
        0.035,
        1,
        11.834,
        0.035,
        11.9,
        0.009,
        11.967,
        0.002
      ]
    },
    {
      "Target": "Parameter",
      "Id": "ytebx",
      "Segments": [
        0,
        0,
        2,
        0.033,
        0,
        0,
        0.3,
        0.015,
        0,
        0.933,
        -0.209,
        0,
        1.1,
        -0.207,
        2,
        1.133,
        -0.207,
        0,
        1.633,
        0.061,
        0,
        1.967,
        -0.016,
        0,
        2.433,
        0.067,
        0,
        2.667,
        0.06,
        0,
        3.133,
        0.097,
        0,
        3.333,
        0.091,
        0,
        4.567,
        0.226,
        2,
        4.6,
        0.226,
        2,
        4.633,
        0.226,
        2,
        4.767,
        0.226,
        0,
        5,
        0.227,
        0,
        5.3,
        0.217,
        0,
        5.4,
        0.222,
        0,
        5.767,
        0.184,
        0,
        6,
        0.191,
        0,
        10.6,
        -0.602,
        0,
        11,
        0.402,
        0,
        11.4,
        -0.165,
        0,
        11.767,
        0.093,
        1,
        11.834,
        0.093,
        11.9,
        0.025,
        11.967,
        0.005
      ]
    },
    {
      "Target": "Parameter",
      "Id": "ParamHairFront",
      "Segments": [
        0,
        0,
        2,
        0.033,
        0,
        0,
        0.3,
        0.011,
        0,
        0.933,
        -0.131,
        0,
        1.067,
        -0.13,
        2,
        1.133,
        -0.13,
        0,
        1.633,
        0.042,
        0,
        1.967,
        -0.012,
        0,
        2.433,
        0.044,
        0,
        2.667,
        0.037,
        0,
        3.133,
        0.06,
        0,
        3.333,
        0.054,
        0,
        4.633,
        0.144,
        0,
        5.667,
        0.115,
        0,
        5.933,
        0.123,
        0,
        10.6,
        -0.388,
        0,
        11,
        0.277,
        0,
        11.4,
        -0.109,
        0,
        11.767,
        0.061,
        1,
        11.834,
        0.061,
        11.9,
        0.016,
        11.967,
        0.003
      ]
    },
    {
      "Target": "Parameter",
      "Id": "qianfashensuo",
      "Segments": [
        0,
        0,
        2,
        0.033,
        0,
        0,
        0.3,
        0.007,
        0,
        0.933,
        -0.079,
        0,
        1.067,
        -0.078,
        2,
        1.133,
        -0.078,
        0,
        1.633,
        0.025,
        0,
        1.967,
        -0.007,
        0,
        2.433,
        0.026,
        0,
        2.667,
        0.022,
        0,
        3.133,
        0.036,
        0,
        3.333,
        0.032,
        0,
        4.633,
        0.087,
        0,
        5.667,
        0.069,
        0,
        5.933,
        0.074,
        0,
        10.6,
        -0.233,
        0,
        11,
        0.166,
        0,
        11.4,
        -0.066,
        0,
        11.767,
        0.037,
        1,
        11.834,
        0.037,
        11.9,
        0.01,
        11.967,
        0.002
      ]
    },
    {
      "Target": "Parameter",
      "Id": "ParamHairSide",
      "Segments": [
        0,
        0,
        2,
        0.033,
        0,
        0,
        0.2,
        0.009,
        0,
        1.1,
        -0.256,
        0,
        1.567,
        0.001,
        0,
        1.733,
        -0.032,
        0,
        5.033,
        0.275,
        0,
        5.2,
        0.273,
        0,
        5.267,
        0.276,
        0,
        5.633,
        0.248,
        0,
        5.767,
        0.253,
        0,
        10.433,
        -0.703,
        0,
        10.9,
        0.185,
        0,
        11.133,
        -0.068,
        0,
        11.367,
        0.058,
        0,
        11.6,
        0,
        2,
        11.967,
        0
      ]
    },
    {
      "Target": "Parameter",
      "Id": "ParamHairBack",
      "Segments": [
        0,
        0,
        2,
        0.033,
        0,
        0,
        0.2,
        0.007,
        0,
        1.1,
        -0.205,
        0,
        1.567,
        0.001,
        0,
        1.733,
        -0.026,
        0,
        5.033,
        0.22,
        0,
        5.2,
        0.219,
        0,
        5.267,
        0.221,
        0,
        5.633,
        0.198,
        0,
        5.767,
        0.202,
        0,
        10.433,
        -0.562,
        0,
        10.9,
        0.148,
        0,
        11.133,
        -0.054,
        0,
        11.367,
        0.046,
        0,
        11.6,
        0,
        2,
        11.967,
        0
      ]
    },
    {
      "Target": "Parameter",
      "Id": "lingdangyaobai",
      "Segments": [
        0,
        0,
        2,
        0.033,
        0,
        0,
        0.233,
        0.02,
        0,
        1.133,
        -0.13,
        0,
        1.533,
        -0.01,
        0,
        1.667,
        -0.016,
        0,
        3.1,
        0.056,
        0,
        3.2,
        0.053,
        0,
        3.533,
        0.07,
        0,
        3.6,
        0.065,
        0,
        5,
        0.143,
        0,
        5.633,
        0.123,
        0,
        5.767,
        0.127,
        0,
        10.433,
        -0.331,
        0,
        10.5,
        -0.303,
        0,
        10.6,
        -0.346,
        0,
        10.867,
        0.092,
        0,
        11.033,
        -0.039,
        0,
        11.233,
        0.02,
        0,
        11.367,
        0,
        2,
        11.967,
        0
      ]
    },
    {
      "Target": "Parameter",
      "Id": "zuoshuxiujiaodu",
      "Segments": [
        0,
        0,
        1,
        0.744,
        -0.392,
        1.489,
        -0.589,
        2.233,
        -0.589,
        0,
        4.2,
        0.564,
        0,
        6.1,
        -0.486,
        0,
        8.167,
        0.373,
        0,
        10.567,
        -0.369,
        0,
        11.233,
        0.2,
        1,
        11.478,
        0.2,
        11.722,
        0.14,
        11.967,
        0.017
      ]
    },
    {
      "Target": "Parameter",
      "Id": "zuoshuxiuyaobai",
      "Segments": [
        0,
        0,
        1,
        0.478,
        0.402,
        0.955,
        0.484,
        1.433,
        0.484,
        0,
        3.333,
        -0.541,
        0,
        5.467,
        0.394,
        0,
        7.833,
        -0.427,
        0,
        10.267,
        0.308,
        0,
        11.233,
        -0.6,
        1,
        11.478,
        -0.6,
        11.722,
        -0.248,
        11.967,
        -0.029
      ]
    },
    {
      "Target": "Parameter",
      "Id": "youshuxiujiaodu",
      "Segments": [
        0,
        0,
        1,
        0.7,
        -0.469,
        1.4,
        -0.622,
        2.1,
        -0.622,
        0,
        4.067,
        0.671,
        0,
        5.967,
        -0.622,
        0,
        7.967,
        0.671,
        0,
        9.467,
        -0.622,
        0,
        11.233,
        0.4,
        1,
        11.478,
        0.4,
        11.722,
        0.191,
        11.967,
        0.023
      ]
    },
    {
      "Target": "Parameter",
      "Id": "youshuxiudaiyaobai",
      "Segments": [
        0,
        0,
        0,
        1.267,
        0.698,
        0,
        3.033,
        -0.606,
        0,
        5,
        0.698,
        0,
        7,
        -0.606,
        0,
        9.1,
        0.698,
        0,
        10.567,
        -0.5,
        0,
        11.233,
        0.5,
        1,
        11.478,
        0.5,
        11.722,
        0.043,
        11.967,
        0.003
      ]
    },
    {
      "Target": "Parameter",
      "Id": "zldbx",
      "Segments": [
        0,
        0,
        1,
        0.622,
        -0.448,
        1.245,
        -0.5,
        1.867,
        -0.5,
        0,
        4.7,
        0.5,
        0,
        7.433,
        -0.4,
        0,
        10.233,
        1,
        1,
        10.811,
        1,
        11.389,
        0.446,
        11.967,
        0.024
      ]
    },
    {
      "Target": "Parameter",
      "Id": "yldbx",
      "Segments": [
        0,
        0,
        1,
        0.367,
        -0.276,
        0.733,
        -0.5,
        1.1,
        -0.5,
        0,
        4,
        0.5,
        0,
        6.767,
        -0.5,
        0,
        9.167,
        1,
        1,
        10.1,
        1,
        11.034,
        0.718,
        11.967,
        0.025
      ]
    },
    {
      "Target": "Parameter",
      "Id": "youopdaibianxing",
      "Segments": [
        0,
        0,
        0,
        1.8,
        0.515,
        0,
        3.667,
        -0.385,
        0,
        6.533,
        0.415,
        0,
        8.6,
        -0.204,
        0,
        10.733,
        0.273,
        1,
        11.144,
        0.273,
        11.556,
        0.014,
        11.967,
        0.001
      ]
    },
    {
      "Target": "Parameter",
      "Id": "zxdyb",
      "Segments": [
        0,
        0,
        1,
        0.733,
        -0.74,
        1.467,
        -1,
        2.2,
        -1,
        0,
        4.633,
        1,
        0,
        7.3,
        -1,
        0,
        10.3,
        1,
        1,
        10.856,
        1,
        11.411,
        0.588,
        11.967,
        0.033
      ]
    },
    {
      "Target": "Parameter",
      "Id": "youxiongdaijiaodu",
      "Segments": [
        0,
        0,
        0,
        1.767,
        -1,
        0,
        3.4,
        1,
        0,
        4.967,
        -1,
        0,
        6.633,
        0.818,
        0,
        8.633,
        -0.728,
        0,
        10.2,
        0.297,
        0,
        11.467,
        -0.2,
        1,
        11.634,
        -0.2,
        11.8,
        -0.024,
        11.967,
        -0.002
      ]
    },
    {
      "Target": "Parameter",
      "Id": "yxdyb",
      "Segments": [
        0,
        0,
        1,
        0.356,
        0.574,
        0.711,
        0.7,
        1.067,
        0.7,
        0,
        2.533,
        -0.6,
        0,
        4.167,
        0.5,
        0,
        5.867,
        -0.5,
        0,
        7.633,
        0.404,
        0,
        9.567,
        -0.45,
        0,
        10.633,
        0.334,
        0,
        11.467,
        -0.8,
        1,
        11.634,
        -0.8,
        11.8,
        -0.349,
        11.967,
        -0.056
      ]
    },
    {
      "Target": "Parameter",
      "Id": "ParamAngleX",
      "Segments": [
        0,
        0,
        0,
        1.033,
        -1,
        0,
        1.467,
        0,
        0,
        3.033,
        -2,
        0,
        4.2,
        2.256,
        0,
        5.567,
        -3,
        0,
        7.8,
        -2.82,
        0,
        10.467,
        -6,
        0,
        10.8,
        0,
        2,
        11.967,
        0
      ]
    },
    {
      "Target": "Parameter",
      "Id": "ParamAngleY",
      "Segments": [
        0,
        0,
        1,
        0.344,
        -9.178,
        0.689,
        -14,
        1.033,
        -14,
        0,
        1.467,
        0,
        0,
        3.033,
        -22.821,
        0,
        5.567,
        -1.903,
        0,
        8.033,
        -24,
        0,
        10.133,
        -20.814,
        0,
        10.467,
        -30,
        0,
        10.8,
        15.762,
        1,
        11.189,
        15.762,
        11.578,
        10.938,
        11.967,
        0.875
      ]
    },
    {
      "Target": "Parameter",
      "Id": "shouZ",
      "Segments": [
        0,
        0,
        1,
        0.344,
        -3.566,
        0.689,
        -6,
        1.033,
        -6,
        1,
        1.178,
        -6,
        1.322,
        -0.934,
        1.467,
        0,
        1,
        2.178,
        4.598,
        2.889,
        6,
        3.6,
        6,
        1,
        5.767,
        6,
        7.933,
        3.132,
        10.1,
        -3.3,
        1,
        10.189,
        -3.564,
        10.278,
        -10.422,
        10.367,
        -10.422,
        0,
        10.933,
        5,
        1,
        11.278,
        5,
        11.622,
        3.762,
        11.967,
        0.338
      ]
    },
    {
      "Target": "Parameter",
      "Id": "ParamBodyAngleY",
      "Segments": [
        0,
        0,
        2,
        3,
        0,
        0,
        10.267,
        1,
        0,
        10.733,
        0,
        2,
        11.967,
        0
      ]
    },
    {
      "Target": "Parameter",
      "Id": "ParamBodyAngleZ",
      "Segments": [
        0,
        0,
        0,
        2.567,
        -1.394,
        0,
        5.333,
        1.17,
        0,
        10.4,
        -3.695,
        1,
        10.922,
        -3.695,
        11.445,
        -0.152,
        11.967,
        -0.005
      ]
    },
    {
      "Target": "Parameter",
      "Id": "ParamBreath",
      "Segments": [
        0,
        0,
        0,
        1,
        1,
        0,
        3,
        0,
        0,
        4,
        1,
        0,
        6,
        0,
        0,
        7,
        1,
        0,
        9,
        0,
        0,
        10,
        1,
        1,
        10.656,
        1,
        11.311,
        0.033,
        11.967,
        0.001
      ]
    },
    {
      "Target": "Parameter",
      "Id": "yifuzuoyou",
      "Segments": [
        0,
        0,
        1,
        0.433,
        0.196,
        0.867,
        1,
        1.3,
        1,
        0,
        3,
        -1,
        0,
        4.967,
        1,
        0,
        6.8,
        -1,
        1,
        8.522,
        -1,
        10.245,
        -0.787,
        11.967,
        -0.015
      ]
    },
    {
      "Target": "Parameter",
      "Id": "yifubianxing",
      "Segments": [
        0,
        0,
        0,
        0.667,
        -30,
        0,
        2.067,
        30,
        0,
        3.767,
        -30,
        0,
        5.833,
        30,
        0,
        7.567,
        -30,
        1,
        9.034,
        -30,
        10.5,
        -0.449,
        11.967,
        -0.005
      ]
    },
    {
      "Target": "Parameter",
      "Id": "baozhaguodu",
      "Segments": [
        0,
        0,
        0,
        11.967,
        0
      ]
    },
    {
      "Target": "Parameter",
      "Id": "baimaotmd",
      "Segments": [
        0,
        0,
        0,
        11.967,
        0
      ]
    },
    {
      "Target": "Parameter",
      "Id": "baimaoshensuo",
      "Segments": [
        0,
        0,
        0,
        11.967,
        0
      ]
    },
    {
      "Target": "Parameter",
      "Id": "baimaojiya",
      "Segments": [
        0,
        0,
        0,
        11.967,
        0
      ]
    },
    {
      "Target": "Parameter",
      "Id": "maozuoyou",
      "Segments": [
        0,
        0,
        0,
        11.967,
        0
      ]
    },
    {
      "Target": "Parameter",
      "Id": "maoshangxia",
      "Segments": [
        0,
        0,
        0,
        11.967,
        0
      ]
    },
    {
      "Target": "Parameter",
      "Id": "maojiaodu",
      "Segments": [
        0,
        0,
        0,
        11.967,
        0
      ]
    },
    {
      "Target": "Parameter",
      "Id": "maoliandai",
      "Segments": [
        0,
        0,
        0,
        11.967,
        0
      ]
    },
    {
      "Target": "Parameter",
      "Id": "maoerduo",
      "Segments": [
        0,
        0,
        0,
        11.967,
        0
      ]
    },
    {
      "Target": "Parameter",
      "Id": "maozhayan",
      "Segments": [
        0,
        0,
        0,
        11.967,
        0
      ]
    },
    {
      "Target": "Parameter",
      "Id": "maogaoguang",
      "Segments": [
        0,
        0,
        0,
        11.967,
        0
      ]
    },
    {
      "Target": "Parameter",
      "Id": "maozui",
      "Segments": [
        0,
        0,
        0,
        11.967,
        0
      ]
    },
    {
      "Target": "Parameter",
      "Id": "maozuishetou",
      "Segments": [
        0,
        0,
        0,
        11.967,
        0
      ]
    },
    {
      "Target": "Parameter",
      "Id": "maohongyun",
      "Segments": [
        0,
        0,
        0,
        11.967,
        0
      ]
    },
    {
      "Target": "Parameter",
      "Id": "maozishensuo",
      "Segments": [
        0,
        0,
        0,
        11.967,
        0
      ]
    },
    {
      "Target": "Parameter",
      "Id": "maoshou",
      "Segments": [
        0,
        -1,
        0,
        11.967,
        -1
      ]
    },
    {
      "Target": "Parameter",
      "Id": "maoweibajiaodu",
      "Segments": [
        0,
        0,
        0,
        11.967,
        0
      ]
    },
    {
      "Target": "Parameter",
      "Id": "maoweibabianxing",
      "Segments": [
        0,
        0,
        0,
        11.967,
        0
      ]
    },
    {
      "Target": "Parameter",
      "Id": "maozuojiao",
      "Segments": [
        0,
        0,
        0,
        11.967,
        0
      ]
    },
    {
      "Target": "Parameter",
      "Id": "maoyoujiao",
      "Segments": [
        0,
        0,
        0,
        11.967,
        0
      ]
    },
    {
      "Target": "Parameter",
      "Id": "ParamEyeLSmile",
      "Segments": [
        0,
        0,
        0,
        11.967,
        0
      ]
    },
    {
      "Target": "Parameter",
      "Id": "ParamEyeRSmile",
      "Segments": [
        0,
        0,
        0,
        11.967,
        0
      ]
    },
    {
      "Target": "Parameter",
      "Id": "ParamBrowLX",
      "Segments": [
        0,
        0,
        0,
        11.967,
        0
      ]
    },
    {
      "Target": "Parameter",
      "Id": "ParamBrowRX",
      "Segments": [
        0,
        0,
        0,
        11.967,
        0
      ]
    },
    {
      "Target": "Parameter",
      "Id": "ParamBrowLAngle",
      "Segments": [
        0,
        0,
        0,
        11.967,
        0
      ]
    },
    {
      "Target": "Parameter",
      "Id": "ParamBrowRAngle",
      "Segments": [
        0,
        0,
        0,
        11.967,
        0
      ]
    },
    {
      "Target": "Parameter",
      "Id": "muyuqiehuan",
      "Segments": [
        0,
        0,
        0,
        11.967,
        0
      ]
    },
    {
      "Target": "Parameter",
      "Id": "ParamMouthOpenY",
      "Segments": [
        0,
        0,
        0,
        11.967,
        0
      ]
    },
    {
      "Target": "Parameter",
      "Id": "ParamCheek",
      "Segments": [
        0,
        0,
        0,
        11.967,
        0
      ]
    },
    {
      "Target": "Parameter",
      "Id": "yunbianxing",
      "Segments": [
        0,
        -1,
        0,
        11.967,
        -1
      ]
    },
    {
      "Target": "Parameter",
      "Id": "expyun1",
      "Segments": [
        0,
        0,
        0,
        11.967,
        0
      ]
    },
    {
      "Target": "Parameter",
      "Id": "yunjiaodu",
      "Segments": [
        0,
        0,
        0,
        11.967,
        0
      ]
    },
    {
      "Target": "Parameter",
      "Id": "shuijiaozzz",
      "Segments": [
        0,
        0,
        0,
        11.967,
        0
      ]
    },
    {
      "Target": "Parameter",
      "Id": "shuijiaozzztmd",
      "Segments": [
        0,
        0,
        0,
        11.967,
        0
      ]
    },
    {
      "Target": "Parameter",
      "Id": "shuijiaoyidong",
      "Segments": [
        0,
        0,
        0,
        11.967,
        0
      ]
    },
    {
      "Target": "Parameter",
      "Id": "dingjjj",
      "Segments": [
        0,
        0,
        0,
        11.967,
        0
      ]
    },
    {
      "Target": "Parameter",
      "Id": "youshoutui",
      "Segments": [
        0,
        0,
        0,
        11.967,
        0
      ]
    },
    {
      "Target": "Parameter",
      "Id": "youtuiqiehuan",
      "Segments": [
        0,
        1,
        0,
        11.967,
        1
      ]
    },
    {
      "Target": "Parameter",
      "Id": "zuoshoutui",
      "Segments": [
        0,
        0,
        0,
        11.967,
        0
      ]
    },
    {
      "Target": "Parameter",
      "Id": "zuotuiqiehuan",
      "Segments": [
        0,
        1,
        0,
        11.967,
        1
      ]
    },
    {
      "Target": "Parameter",
      "Id": "zuotuixuanzhuan",
      "Segments": [
        0,
        0,
        0,
        11.967,
        0
      ]
    },
    {
      "Target": "Parameter",
      "Id": "zuotuizuoyou",
      "Segments": [
        0,
        0,
        0,
        11.967,
        0
      ]
    },
    {
      "Target": "Parameter",
      "Id": "zuotuishangxia",
      "Segments": [
        0,
        0,
        0,
        11.967,
        0
      ]
    },
    {
      "Target": "Parameter",
      "Id": "zuotuidaxiao",
      "Segments": [
        0,
        0,
        0,
        11.967,
        0
      ]
    },
    {
      "Target": "Parameter",
      "Id": "youtuixuanzhuan",
      "Segments": [
        0,
        0,
        0,
        11.967,
        0
      ]
    },
    {
      "Target": "Parameter",
      "Id": "youtuizuoyou",
      "Segments": [
        0,
        0,
        0,
        11.967,
        0
      ]
    },
    {
      "Target": "Parameter",
      "Id": "youtuishangxia",
      "Segments": [
        0,
        0,
        0,
        11.967,
        0
      ]
    },
    {
      "Target": "Parameter",
      "Id": "youtuidaxiao",
      "Segments": [
        0,
        0,
        0,
        11.967,
        0
      ]
    },
    {
      "Target": "Parameter",
      "Id": "zuojiaoxuanzhuan",
      "Segments": [
        0,
        0,
        0,
        11.967,
        0
      ]
    },
    {
      "Target": "Parameter",
      "Id": "youjiaoxuanzhuan",
      "Segments": [
        0,
        0,
        0,
        11.967,
        0
      ]
    },
    {
      "Target": "Parameter",
      "Id": "zuobixuanzhuan",
      "Segments": [
        0,
        0,
        0,
        11.967,
        0
      ]
    },
    {
      "Target": "Parameter",
      "Id": "zuobishensuo",
      "Segments": [
        0,
        0,
        0,
        11.967,
        0
      ]
    },
    {
      "Target": "Parameter",
      "Id": "zuoxiabixuanzhuan",
      "Segments": [
        0,
        0,
        0,
        11.967,
        0
      ]
    },
    {
      "Target": "Parameter",
      "Id": "zuoxiabishensuo",
      "Segments": [
        0,
        0,
        0,
        11.967,
        0
      ]
    },
    {
      "Target": "Parameter",
      "Id": "zuoshouxuanzhuan",
      "Segments": [
        0,
        0,
        0,
        11.967,
        0
      ]
    },
    {
      "Target": "Parameter",
      "Id": "zuozishousuo",
      "Segments": [
        0,
        0,
        0,
        11.967,
        0
      ]
    },
    {
      "Target": "Parameter",
      "Id": "zuoshoufanzhuan",
      "Segments": [
        0,
        0,
        0,
        11.967,
        0
      ]
    },
    {
      "Target": "Parameter",
      "Id": "xingfengtmd",
      "Segments": [
        0,
        0,
        0,
        11.967,
        0
      ]
    },
    {
      "Target": "Parameter",
      "Id": "xingfengjiaodu",
      "Segments": [
        0,
        0,
        0,
        11.967,
        0
      ]
    },
    {
      "Target": "Parameter",
      "Id": "youbixuanzhuan",
      "Segments": [
        0,
        0,
        0,
        11.967,
        0
      ]
    },
    {
      "Target": "Parameter",
      "Id": "youbishensuo",
      "Segments": [
        0,
        0,
        0,
        11.967,
        0
      ]
    },
    {
      "Target": "Parameter",
      "Id": "youbijiya",
      "Segments": [
        0,
        0,
        0,
        11.967,
        0
      ]
    },
    {
      "Target": "Parameter",
      "Id": "youxiabixuanzhuan",
      "Segments": [
        0,
        0,
        0,
        11.967,
        0
      ]
    },
    {
      "Target": "Parameter",
      "Id": "youxiabishensuo",
      "Segments": [
        0,
        0,
        0,
        11.967,
        0
      ]
    },
    {
      "Target": "Parameter",
      "Id": "youshouxuanzhuan",
      "Segments": [
        0,
        0,
        0,
        11.967,
        0
      ]
    },
    {
      "Target": "Parameter",
      "Id": "yssztmd",
      "Segments": [
        0,
        0,
        0,
        11.967,
        0
      ]
    },
    {
      "Target": "Parameter",
      "Id": "youshoufanzhuan",
      "Segments": [
        0,
        0,
        0,
        11.967,
        0
      ]
    },
    {
      "Target": "Parameter",
      "Id": "yousizi",
      "Segments": [
        0,
        -1,
        0,
        11.967,
        -1
      ]
    },
    {
      "Target": "Parameter",
      "Id": "paotaichanrao",
      "Segments": [
        0,
        4,
        0,
        11.967,
        4
      ]
    },
    {
      "Target": "Parameter",
      "Id": "paodishenchu",
      "Segments": [
        0,
        1,
        0,
        11.967,
        1
      ]
    },
    {
      "Target": "Parameter",
      "Id": "yuleichangrao",
      "Segments": [
        0,
        6,
        0,
        11.967,
        6
      ]
    },
    {
      "Target": "Parameter",
      "Id": "paotaishensuo",
      "Segments": [
        0,
        0,
        0,
        11.967,
        0
      ]
    },
    {
      "Target": "Parameter",
      "Id": "yuleiweiyi1",
      "Segments": [
        0,
        0,
        0,
        11.967,
        0
      ]
    },
    {
      "Target": "Parameter",
      "Id": "yuleiweiyi2",
      "Segments": [
        0,
        0,
        0,
        11.967,
        0
      ]
    },
    {
      "Target": "Parameter",
      "Id": "yuleiweiyi3",
      "Segments": [
        0,
        0,
        0,
        11.967,
        0
      ]
    },
    {
      "Target": "Parameter",
      "Id": "yuleiweiyi5",
      "Segments": [
        0,
        0,
        0,
        11.967,
        0
      ]
    },
    {
      "Target": "Parameter",
      "Id": "yuleiweiyi4",
      "Segments": [
        0,
        0,
        0,
        11.967,
        0
      ]
    },
    {
      "Target": "Parameter",
      "Id": "shoudongwuli",
      "Segments": [
        0,
        0,
        0,
        11.967,
        0
      ]
    },
    {
      "Target": "Parameter",
      "Id": "liuhaiyaobai",
      "Segments": [
        0,
        0,
        0,
        11.967,
        0
      ]
    },
    {
      "Target": "Parameter",
      "Id": "sdztryb",
      "Segments": [
        0,
        0,
        0,
        11.967,
        0
      ]
    },
    {
      "Target": "Parameter",
      "Id": "sdzebx",
      "Segments": [
        0,
        0,
        0,
        11.967,
        0
      ]
    },
    {
      "Target": "Parameter",
      "Id": "sdyeyb",
      "Segments": [
        0,
        0,
        0,
        11.967,
        0
      ]
    },
    {
      "Target": "Parameter",
      "Id": "sdyebx",
      "Segments": [
        0,
        0,
        0,
        11.967,
        0
      ]
    },
    {
      "Target": "Parameter",
      "Id": "sdjzjd",
      "Segments": [
        0,
        0,
        0,
        11.967,
        0
      ]
    },
    {
      "Target": "Parameter",
      "Id": "zuocefatuceng",
      "Segments": [
        0,
        0,
        0,
        11.967,
        0
      ]
    },
    {
      "Target": "Parameter",
      "Id": "ParamBodyAngleXX",
      "Segments": [
        0,
        0,
        0,
        11.967,
        0
      ]
    },
    {
      "Target": "Parameter",
      "Id": "jblsbx",
      "Segments": [
        0,
        0.5,
        0,
        11.967,
        0.5
      ]
    },
    {
      "Target": "Parameter",
      "Id": "slszy",
      "Segments": [
        0,
        -1.24,
        0,
        11.967,
        -1.24
      ]
    },
    {
      "Target": "Parameter",
      "Id": "szlssx",
      "Segments": [
        0,
        0,
        0,
        11.967,
        0
      ]
    },
    {
      "Target": "Parameter",
      "Id": "slsjd",
      "Segments": [
        0,
        0,
        0,
        11.967,
        0
      ]
    },
    {
      "Target": "Parameter",
      "Id": "szlsbx",
      "Segments": [
        0,
        0,
        0,
        11.967,
        0
      ]
    },
    {
      "Target": "Parameter",
      "Id": "szlstc",
      "Segments": [
        0,
        0,
        0,
        11.967,
        0
      ]
    },
    {
      "Target": "Parameter",
      "Id": "yifuxingtai",
      "Segments": [
        0,
        0,
        0,
        11.967,
        0
      ]
    },
    {
      "Target": "Parameter",
      "Id": "yifuyaobai",
      "Segments": [
        0,
        0,
        0,
        11.967,
        0
      ]
    },
    {
      "Target": "Parameter",
      "Id": "xiashujiaodu",
      "Segments": [
        0,
        0,
        0,
        11.967,
        0
      ]
    },
    {
      "Target": "Parameter",
      "Id": "shentishangxia",
      "Segments": [
        0,
        0,
        0,
        11.967,
        0
      ]
    },
    {
      "Target": "Parameter",
      "Id": "shentidaxiao",
      "Segments": [
        0,
        0,
        0,
        11.967,
        0
      ]
    },
    {
      "Target": "Parameter",
      "Id": "shangshenshangxia",
      "Segments": [
        0,
        0,
        0,
        11.967,
        0
      ]
    },
    {
      "Target": "Parameter",
      "Id": "shangshenjiaodu",
      "Segments": [
        0,
        0,
        0,
        11.967,
        0
      ]
    }
  ],
  "UserData": []
}