{
  "Version": 3,
  "Meta": {
    "Duration": 14.0,
    "Fps": 30.0,
    "Loop": true,
    "CurveCount": 170,
    "TotalSegmentCount": 1130,
    "TotalPointCount": 1330,
    "UserDataCount": 1,
    "TotalUserDataSize": 0
  },
  "Curves": [
    {
      "Target": "Parameter",
      "Id": "zhuweibabianxing",
      "Segments": [
        0,
        0,
        0,
        1.567,
        -1,
        0,
        3.633,
        0.629,
        0,
        5.067,
        -1,
        0,
        6,
        0,
        0,
        7.567,
        -1,
        0,
        9.633,
        0.629,
        0,
        11.067,
        -1,
        0,
        12.5,
        1,
        0,
        14,
        0
      ]
    },
    {
      "Target": "Parameter",
      "Id": "zhupigushangxia",
      "Segments": [
        0,
        0,
        0,
        0.733,
        1,
        1,
        0.989,
        1,
        1.244,
        0.681,
        1.5,
        0,
        1,
        1.744,
        -0.652,
        1.989,
        -1,
        2.233,
        -1,
        1,
        2.489,
        -1,
        2.744,
        -0.681,
        3,
        0,
        1,
        3.244,
        0.652,
        3.489,
        1,
        3.733,
        1,
        1,
        3.989,
        1,
        4.244,
        0.681,
        4.5,
        0,
        1,
        4.744,
        -0.652,
        4.989,
        -1,
        5.233,
        -1,
        1,
        5.489,
        -1,
        5.744,
        -0.681,
        6,
        0,
        1,
        6.244,
        0.652,
        6.489,
        1,
        6.733,
        1,
        1,
        6.989,
        1,
        7.244,
        0.681,
        7.5,
        0,
        1,
        7.744,
        -0.652,
        7.989,
        -1,
        8.233,
        -1,
        1,
        8.489,
        -1,
        8.744,
        -0.681,
        9,
        0,
        1,
        9.244,
        0.652,
        9.489,
        1,
        9.733,
        1,
        1,
        9.989,
        1,
        10.244,
        0.681,
        10.5,
        0,
        1,
        10.744,
        -0.652,
        10.989,
        -1,
        11.233,
        -1,
        1,
        11.489,
        -1,
        11.744,
        -0.681,
        12,
        0,
        1,
        12.244,
        0.652,
        12.489,
        1,
        12.733,
        1,
        0,
        13.5,
        0,
        2,
        14,
        0
      ]
    },
    {
      "Target": "Parameter",
      "Id": "zhupiguzuoyou",
      "Segments": [
        0,
        -1,
        1,
        0.244,
        -1,
        0.489,
        -0.652,
        0.733,
        0,
        1,
        0.989,
        0.681,
        1.244,
        1,
        1.5,
        1,
        1,
        1.744,
        1,
        1.989,
        0.652,
        2.233,
        0,
        1,
        2.489,
        -0.681,
        2.744,
        -1,
        3,
        -1,
        1,
        3.244,
        -1,
        3.489,
        -0.652,
        3.733,
        0,
        1,
        3.989,
        0.681,
        4.244,
        1,
        4.5,
        1,
        1,
        4.744,
        1,
        4.989,
        0.652,
        5.233,
        0,
        1,
        5.489,
        -0.681,
        5.744,
        -1,
        6,
        -1,
        1,
        6.244,
        -1,
        6.489,
        -0.652,
        6.733,
        0,
        1,
        6.989,
        0.681,
        7.244,
        1,
        7.5,
        1,
        1,
        7.744,
        1,
        7.989,
        0.652,
        8.233,
        0,
        1,
        8.489,
        -0.681,
        8.744,
        -1,
        9,
        -1,
        1,
        9.244,
        -1,
        9.489,
        -0.652,
        9.733,
        0,
        1,
        9.989,
        0.681,
        10.244,
        1,
        10.5,
        1,
        1,
        10.744,
        1,
        10.989,
        0.652,
        11.233,
        0,
        1,
        11.489,
        -0.681,
        11.744,
        -1,
        12,
        -1,
        1,
        12.244,
        -1,
        12.489,
        -0.652,
        12.733,
        0,
        1,
        12.989,
        0.681,
        13.244,
        1,
        13.5,
        1,
        0,
        14,
        -1
      ]
    },
    {
      "Target": "Parameter",
      "Id": "shubianhua",
      "Segments": [
        0,
        -17.825,
        0,
        4,
        -2,
        1,
        4.667,
        -1.333,
        5.333,
        -0.667,
        6,
        0,
        1,
        6.333,
        0.476,
        6.667,
        5,
        7,
        5,
        0,
        8,
        0,
        0,
        9,
        5,
        0,
        10,
        0,
        0,
        11,
        5,
        0,
        12,
        0,
        0,
        13,
        5,
        0,
        14,
        0
      ]
    },
    {
      "Target": "Parameter",
      "Id": "shumujiaodu",
      "Segments": [
        0,
        0,
        0,
        0.267,
        -0.3,
        0,
        0.8,
        0.341,
        0,
        1.767,
        -0.11,
        0,
        4.1,
        0.171,
        1,
        4.733,
        0.171,
        5.367,
        0.024,
        6,
        0,
        1,
        7.333,
        -0.051,
        8.667,
        -0.056,
        10,
        -0.056,
        0,
        14,
        0
      ]
    },
    {
      "Target": "Parameter",
      "Id": "sz1dyb",
      "Segments": [
        0,
        0,
        0,
        2.5,
        0.707,
        0,
        6,
        0,
        0,
        8.5,
        0.707,
        0,
        12.133,
        -0.605,
        0,
        14,
        0
      ]
    },
    {
      "Target": "Parameter",
      "Id": "sz2dyb",
      "Segments": [
        0,
        0,
        0,
        2.067,
        -0.6,
        0,
        6,
        0,
        0,
        8.067,
        -0.6,
        0,
        12.433,
        0.465,
        0,
        14,
        0
      ]
    },
    {
      "Target": "Parameter",
      "Id": "sz3dyb",
      "Segments": [
        0,
        0,
        0,
        2.8,
        -0.5,
        0,
        6,
        0,
        0,
        8.8,
        -0.5,
        0,
        14,
        0
      ]
    },
    {
      "Target": "Parameter",
      "Id": "ParamEyeLOpen",
      "Segments": [
        0,
        1,
        0,
        0.5,
        0,
        2,
        3.167,
        0,
        0,
        3.833,
        1,
        2,
        6,
        1,
        0,
        7.033,
        0.7,
        0,
        7.467,
        0.9,
        0,
        9.033,
        0,
        2,
        13.1,
        0,
        0,
        14,
        1
      ]
    },
    {
      "Target": "Parameter",
      "Id": "ParamEyeROpen",
      "Segments": [
        0,
        1,
        0,
        0.5,
        0,
        2,
        3.167,
        0,
        0,
        3.833,
        1,
        2,
        6,
        1,
        0,
        7.033,
        0.7,
        0,
        7.467,
        0.9,
        0,
        9.033,
        0,
        2,
        13.1,
        0,
        0,
        14,
        1
      ]
    },
    {
      "Target": "Parameter",
      "Id": "gaoguangdonghua",
      "Segments": [
        0,
        0,
        2,
        3.833,
        0,
        0,
        4.067,
        1,
        0,
        4.267,
        0,
        0,
        4.5,
        0.795,
        0,
        4.733,
        0,
        2,
        6,
        0,
        0,
        6.7,
        1,
        0,
        7.767,
        0,
        0,
        9.333,
        1,
        0,
        10.633,
        0,
        0,
        11.8,
        1,
        0,
        13.7,
        0,
        2,
        14,
        0
      ]
    },
    {
      "Target": "Parameter",
      "Id": "tongkongdaxiao",
      "Segments": [
        0,
        0,
        0,
        0.5,
        1,
        2,
        3.167,
        1,
        0,
        3.833,
        -1,
        0,
        4.167,
        0.5,
        0,
        4.4,
        0,
        2,
        6,
        0,
        0,
        6.9,
        0.9,
        0,
        8.367,
        -0.3,
        1,
        8.756,
        -0.3,
        9.144,
        0.12,
        9.533,
        0.3,
        1,
        10.722,
        0.851,
        11.911,
        1,
        13.1,
        1,
        0,
        13.533,
        -1,
        0,
        14,
        0
      ]
    },
    {
      "Target": "Parameter",
      "Id": "ParamBrowLY",
      "Segments": [
        0,
        0,
        0,
        0.5,
        -1,
        2,
        3.167,
        -1,
        0,
        3.833,
        0.2,
        1,
        4.555,
        0.2,
        5.278,
        0.177,
        6,
        0,
        1,
        6.344,
        -0.084,
        6.689,
        -0.4,
        7.033,
        -0.4,
        0,
        7.467,
        -0.2,
        0,
        9.033,
        -1,
        2,
        13.1,
        -1,
        0,
        14,
        0
      ]
    },
    {
      "Target": "Parameter",
      "Id": "ParamBrowRY",
      "Segments": [
        0,
        0,
        0,
        0.5,
        -1,
        2,
        3.167,
        -1,
        0,
        3.833,
        0.2,
        1,
        4.555,
        0.2,
        5.278,
        0.177,
        6,
        0,
        1,
        6.344,
        -0.084,
        6.689,
        -0.4,
        7.033,
        -0.4,
        0,
        7.467,
        -0.2,
        0,
        9.033,
        -1,
        2,
        13.1,
        -1,
        0,
        14,
        0
      ]
    },
    {
      "Target": "Parameter",
      "Id": "ParamBrowLForm",
      "Segments": [
        0,
        0,
        2,
        6,
        0,
        0,
        10.6,
        -0.3,
        0,
        14,
        0
      ]
    },
    {
      "Target": "Parameter",
      "Id": "ParamBrowRForm",
      "Segments": [
        0,
        0,
        2,
        6,
        0,
        0,
        10.6,
        -0.2,
        0,
        14,
        0
      ]
    },
    {
      "Target": "Parameter",
      "Id": "ParamEyeBallX",
      "Segments": [
        0,
        0,
        2,
        6,
        0,
        0,
        8.667,
        -0.1,
        0,
        9.833,
        0.4,
        0,
        11.567,
        -0.5,
        0,
        14,
        0
      ]
    },
    {
      "Target": "Parameter",
      "Id": "ParamEyeBallY",
      "Segments": [
        0,
        0,
        2,
        6,
        0,
        0,
        8.667,
        -1,
        0,
        9.833,
        -0.8,
        0,
        11.567,
        -0.9,
        0,
        14,
        0
      ]
    },
    {
      "Target": "Parameter",
      "Id": "muyudaxiao",
      "Segments": [
        0,
        0,
        2,
        6,
        0,
        0,
        7.067,
        0.2,
        0,
        7.767,
        0,
        0,
        9.3,
        0.4,
        0,
        10.333,
        0,
        2,
        14,
        0
      ]
    },
    {
      "Target": "Parameter",
      "Id": "gaoguangtoumingdu",
      "Segments": [
        0,
        0,
        2,
        6,
        0,
        0,
        7.067,
        0.3,
        0,
        7.867,
        0.1,
        0,
        9.467,
        0.4,
        0,
        11.633,
        0,
        2,
        14,
        0
      ]
    },
    {
      "Target": "Parameter",
      "Id": "liuhaigaoguang",
      "Segments": [
        0,
        0,
        0,
        1.9,
        -1,
        0,
        4.4,
        0.217,
        1,
        4.933,
        0.217,
        5.467,
        0.228,
        6,
        0,
        1,
        6.422,
        -0.18,
        6.845,
        -1,
        7.267,
        -1,
        0,
        10.233,
        0.217,
        0,
        14,
        0
      ]
    },
    {
      "Target": "Parameter",
      "Id": "ParamMouthForm",
      "Segments": [
        0,
        0,
        0,
        1.2,
        -0.4,
        0,
        2.133,
        0,
        0,
        4.667,
        -0.3,
        0,
        6,
        0,
        0,
        7.2,
        -0.4,
        0,
        8.133,
        0,
        0,
        10.667,
        -0.3,
        0,
        14,
        0
      ]
    },
    {
      "Target": "Parameter",
      "Id": "zuoxiaotuixuanzhuan",
      "Segments": [
        0,
        0,
        0,
        2.067,
        0.134,
        0,
        3,
        -0.028,
        0,
        6,
        0,
        0,
        8.467,
        -0.028,
        0,
        12.533,
        0,
        2,
        14,
        0
      ]
    },
    {
      "Target": "Parameter",
      "Id": "zuobaijiao",
      "Segments": [
        0,
        -0.7,
        0,
        0.967,
        1,
        1,
        1.7,
        1,
        2.434,
        -0.362,
        3.167,
        -0.518,
        1,
        4.111,
        -0.719,
        5.056,
        -0.7,
        6,
        -0.7,
        0,
        9.533,
        -0.518,
        0,
        13.733,
        -0.893,
        0,
        14,
        -0.7
      ]
    },
    {
      "Target": "Parameter",
      "Id": "youxiaotuixuanzhuan",
      "Segments": [
        0,
        0,
        0,
        1.5,
        -0.3,
        0,
        2.967,
        0.038,
        0,
        6,
        0,
        0,
        8.433,
        0.038,
        0,
        12.533,
        0,
        2,
        14,
        0
      ]
    },
    {
      "Target": "Parameter",
      "Id": "youxiaotuishensuo",
      "Segments": [
        0,
        0,
        0,
        1.633,
        -1,
        0,
        2.7,
        0,
        2,
        6,
        0,
        2,
        14,
        0
      ]
    },
    {
      "Target": "Parameter",
      "Id": "youbaijiao",
      "Segments": [
        0,
        -0.7,
        0,
        0.967,
        1,
        0,
        3.267,
        -0.8,
        0,
        6,
        -0.7,
        0,
        9.533,
        -0.8,
        0,
        13.733,
        -0.599,
        0,
        14,
        -0.7
      ]
    },
    {
      "Target": "Parameter",
      "Id": "shangzimianx",
      "Segments": [
        0,
        0,
        0,
        1.1,
        -1.281,
        0,
        3.033,
        3.361,
        0,
        4.567,
        -0.967,
        0,
        6,
        0,
        0,
        9.1,
        -0.472,
        0,
        14,
        0
      ]
    },
    {
      "Target": "Parameter",
      "Id": "paotaichanrao",
      "Segments": [
        0,
        0,
        2,
        3.1,
        0,
        0,
        6,
        4,
        2,
        14,
        4
      ]
    },
    {
      "Target": "Parameter",
      "Id": "paodishenchu",
      "Segments": [
        0,
        0,
        2,
        3.667,
        0,
        0,
        6,
        1,
        2,
        14,
        1
      ]
    },
    {
      "Target": "Parameter",
      "Id": "yuleichangrao",
      "Segments": [
        0,
        0,
        2,
        2.133,
        0,
        1,
        2.155,
        0,
        2.178,
        0.947,
        2.2,
        1.1,
        1,
        2.267,
        1.559,
        2.333,
        1.76,
        2.4,
        2.2,
        1,
        2.444,
        2.493,
        2.489,
        3.004,
        2.533,
        3.458,
        1,
        2.589,
        4.026,
        2.644,
        5.189,
        2.7,
        5.282,
        1,
        2.767,
        5.393,
        2.833,
        5.455,
        2.9,
        5.478,
        1,
        3.933,
        5.84,
        4.967,
        6,
        6,
        6,
        2,
        14,
        6
      ]
    },
    {
      "Target": "Parameter",
      "Id": "paotaishensuo",
      "Segments": [
        0,
        0,
        0,
        0.633,
        1,
        0,
        1.433,
        -1,
        0,
        2.2,
        1,
        0,
        3.333,
        -0.5,
        0,
        6,
        0,
        2,
        14,
        0
      ]
    },
    {
      "Target": "Parameter",
      "Id": "paotaijiaodu",
      "Segments": [
        0,
        0,
        0,
        0.3,
        -1,
        0,
        0.933,
        1,
        0,
        1.533,
        -1,
        0,
        2.333,
        0.3,
        0,
        3.2,
        0,
        2,
        6,
        0,
        0,
        8.033,
        -0.489,
        0,
        11.267,
        0.532,
        0,
        14,
        0
      ]
    },
    {
      "Target": "Parameter",
      "Id": "paoguangxuanzhuang",
      "Segments": [
        0,
        0,
        0,
        0.4,
        1,
        0,
        0.8,
        -1,
        0,
        1.6,
        1,
        0,
        2.467,
        -1,
        0,
        3.4,
        1,
        0,
        4.667,
        -0.5,
        0,
        6,
        0,
        0,
        8.833,
        -1,
        0,
        14,
        0
      ]
    },
    {
      "Target": "Parameter",
      "Id": "paotaixuanzhuang",
      "Segments": [
        0,
        0,
        0,
        0.467,
        -0.4,
        0,
        1.5,
        0.5,
        0,
        3.167,
        -0.3,
        0,
        4.967,
        0.2,
        0,
        6,
        0,
        0,
        6.5,
        0.008,
        0,
        6.933,
        -0.003,
        0,
        7.4,
        0.038,
        0,
        8,
        -0.038,
        0,
        8.567,
        0.012,
        0,
        9.033,
        0.001,
        0,
        9.633,
        0.052,
        0,
        10.567,
        -0.066,
        0,
        11.7,
        0.031,
        0,
        12.367,
        -0.013,
        0,
        13.067,
        0.007,
        0,
        13.733,
        -0.003,
        2,
        13.9,
        -0.003,
        0,
        14,
        0
      ]
    },
    {
      "Target": "Parameter",
      "Id": "yuleijiaodu1",
      "Segments": [
        0,
        0,
        2,
        2.867,
        0,
        0,
        3.5,
        0.4,
        0,
        4.733,
        -0.2,
        0,
        6,
        0,
        0,
        6.5,
        -0.004,
        0,
        6.933,
        0.001,
        0,
        7.4,
        -0.019,
        0,
        8,
        0.019,
        0,
        8.567,
        -0.006,
        0,
        9.033,
        -0.001,
        0,
        9.633,
        -0.026,
        0,
        10.567,
        0.033,
        0,
        11.7,
        -0.016,
        0,
        12.367,
        0.007,
        0,
        13.067,
        -0.003,
        0,
        13.733,
        0.002,
        1,
        13.789,
        0.002,
        13.844,
        0.002,
        13.9,
        0.001,
        0,
        14,
        0
      ]
    },
    {
      "Target": "Parameter",
      "Id": "yuleijiaodu2",
      "Segments": [
        0,
        0,
        2,
        2.867,
        0,
        0,
        3.667,
        0.4,
        0,
        4.9,
        -0.2,
        0,
        6,
        0,
        0,
        6.5,
        -0.003,
        0,
        6.933,
        0.001,
        0,
        7.4,
        -0.015,
        0,
        8,
        0.015,
        0,
        8.567,
        -0.005,
        0,
        9.033,
        -0.001,
        0,
        9.633,
        -0.021,
        0,
        10.567,
        0.026,
        0,
        11.7,
        -0.012,
        0,
        12.367,
        0.005,
        0,
        13.067,
        -0.003,
        0,
        13.733,
        0.001,
        2,
        13.9,
        0.001,
        0,
        14,
        0
      ]
    },
    {
      "Target": "Parameter",
      "Id": "yuleijiaodu3",
      "Segments": [
        0,
        0,
        2,
        2.867,
        0,
        0,
        3.833,
        0.4,
        0,
        5.067,
        -0.2,
        0,
        6,
        0,
        0,
        6.5,
        -0.002,
        0,
        6.933,
        0.001,
        0,
        7.4,
        -0.011,
        0,
        8,
        0.011,
        0,
        8.567,
        -0.004,
        0,
        9.033,
        0,
        0,
        9.633,
        -0.016,
        0,
        10.567,
        0.02,
        0,
        11.7,
        -0.009,
        0,
        12.367,
        0.004,
        0,
        13.067,
        -0.002,
        0,
        13.733,
        0.001,
        2,
        13.9,
        0.001,
        0,
        14,
        0
      ]
    },
    {
      "Target": "Parameter",
      "Id": "yuleijiaodu4",
      "Segments": [
        0,
        0,
        2,
        2.867,
        0,
        0,
        4,
        0.4,
        0,
        5.233,
        -0.2,
        0,
        6,
        0,
        0,
        6.5,
        -0.002,
        0,
        6.933,
        0.001,
        0,
        7.4,
        -0.008,
        0,
        8,
        0.008,
        0,
        8.567,
        -0.002,
        0,
        9.033,
        0,
        0,
        9.633,
        -0.01,
        0,
        10.567,
        0.013,
        0,
        11.7,
        -0.006,
        0,
        12.367,
        0.003,
        0,
        13.067,
        -0.001,
        0,
        13.733,
        0.001,
        2,
        13.9,
        0.001,
        0,
        14,
        0
      ]
    },
    {
      "Target": "Parameter",
      "Id": "yuleijiaodu5",
      "Segments": [
        0,
        0,
        2,
        2.867,
        0,
        0,
        4.167,
        0.4,
        0,
        5.4,
        -0.2,
        0,
        6,
        0,
        0,
        6.5,
        -0.001,
        0,
        6.933,
        0,
        0,
        7.4,
        -0.004,
        0,
        8,
        0.004,
        0,
        8.567,
        -0.001,
        0,
        9.033,
        0,
        0,
        9.633,
        -0.005,
        0,
        10.567,
        0.007,
        0,
        11.7,
        -0.003,
        0,
        12.367,
        0.001,
        0,
        13.067,
        -0.001,
        0,
        13.733,
        0,
        2,
        13.9,
        0,
        2,
        14,
        0
      ]
    },
    {
      "Target": "Parameter",
      "Id": "yuleiweiyi1",
      "Segments": [
        0,
        -1,
        2,
        1.833,
        -1,
        1,
        1.844,
        -1,
        1.856,
        -0.818,
        1.867,
        -0.8,
        1,
        2.2,
        -0.8,
        2.534,
        -0.751,
        2.867,
        0,
        2,
        6,
        0,
        2,
        14,
        0
      ]
    },
    {
      "Target": "Parameter",
      "Id": "yuleiweiyi2",
      "Segments": [
        0,
        -1,
        2,
        1.667,
        -1,
        1,
        1.678,
        -1,
        1.689,
        -0.818,
        1.7,
        -0.8,
        1,
        2.033,
        -0.8,
        2.367,
        -0.725,
        2.7,
        0,
        2,
        6,
        0,
        2,
        14,
        0
      ]
    },
    {
      "Target": "Parameter",
      "Id": "yuleiweiyi3",
      "Segments": [
        0,
        -1,
        2,
        1.5,
        -1,
        1,
        1.511,
        -1,
        1.522,
        -0.818,
        1.533,
        -0.8,
        1,
        1.866,
        -0.8,
        2.2,
        -0.773,
        2.533,
        0,
        2,
        6,
        0,
        2,
        14,
        0
      ]
    },
    {
      "Target": "Parameter",
      "Id": "yuleiweiyi5",
      "Segments": [
        0,
        -1,
        2,
        1.167,
        -1,
        1,
        1.178,
        -1,
        1.189,
        -0.82,
        1.2,
        -0.8,
        1,
        1.533,
        -0.8,
        1.867,
        -0.711,
        2.2,
        0,
        2,
        6,
        0,
        2,
        14,
        0
      ]
    },
    {
      "Target": "Parameter",
      "Id": "yuleiweiyi4",
      "Segments": [
        0,
        -1,
        2,
        1.333,
        -1,
        1,
        1.344,
        -1,
        1.356,
        -0.818,
        1.367,
        -0.8,
        1,
        1.7,
        -0.8,
        2.034,
        -0.777,
        2.367,
        0,
        2,
        6,
        0,
        2,
        14,
        0
      ]
    },
    {
      "Target": "Parameter",
      "Id": "jianzhuanjiaodu",
      "Segments": [
        0,
        0,
        2,
        0.067,
        0,
        0,
        0.2,
        -0.005,
        0,
        0.7,
        0.084,
        0,
        1.4,
        -0.085,
        0,
        2.467,
        0.075,
        0,
        4,
        -0.009,
        0,
        4.967,
        0.011,
        0,
        5.967,
        -0.004,
        0,
        6,
        0,
        2,
        6.033,
        0,
        0,
        6.8,
        -0.007,
        0,
        7.333,
        0.023,
        0,
        8.033,
        -0.008,
        0,
        8.533,
        -0.001,
        0,
        9.133,
        -0.006,
        0,
        9.633,
        -0.001,
        0,
        10.833,
        -0.032,
        0,
        11.9,
        -0.015,
        2,
        12.2,
        -0.015,
        0,
        14,
        0
      ]
    },
    {
      "Target": "Parameter",
      "Id": "jianzhuanshangxia",
      "Segments": [
        0,
        0,
        0,
        0.4,
        -1,
        0,
        0.8,
        1,
        0,
        1.667,
        -0.396,
        0,
        2.4,
        0.799,
        0,
        3.867,
        -0.6,
        0,
        6,
        0,
        2,
        6.033,
        0,
        0,
        6.567,
        0.003,
        0,
        7.233,
        -0.016,
        0,
        8,
        0.013,
        0,
        8.5,
        0.01,
        0,
        9.067,
        0.013,
        0,
        9.8,
        -0.004,
        0,
        10.667,
        0.019,
        0,
        11.833,
        0.006,
        0,
        12.4,
        0.008,
        0,
        14,
        0
      ]
    },
    {
      "Target": "Parameter",
      "Id": "jianzhuangqumian",
      "Segments": [
        0,
        0,
        0,
        0.367,
        1,
        0,
        0.967,
        -1,
        0,
        2.167,
        0.9,
        0,
        4.167,
        -0.5,
        0,
        6,
        0,
        2,
        6.033,
        0,
        0,
        6.567,
        0.014,
        0,
        7.233,
        -0.063,
        0,
        8,
        0.052,
        0,
        8.5,
        0.039,
        0,
        9.067,
        0.053,
        0,
        9.8,
        -0.017,
        0,
        10.667,
        0.078,
        0,
        11.833,
        0.023,
        0,
        12.4,
        0.031,
        0,
        14,
        0
      ]
    },
    {
      "Target": "Parameter",
      "Id": "shoudongwuli",
      "Segments": [
        0,
        0,
        0,
        0.267,
        1,
        2,
        13.167,
        1,
        0,
        13.5,
        0,
        2,
        14,
        0
      ]
    },
    {
      "Target": "Parameter",
      "Id": "mwzy",
      "Segments": [
        0,
        0,
        2,
        0.4,
        0,
        0,
        1.3,
        1,
        0,
        2.267,
        0,
        0,
        3.133,
        1,
        0,
        4.233,
        0,
        0,
        5.067,
        1,
        0,
        6,
        0,
        2,
        6.833,
        0,
        0,
        8.567,
        0.37,
        0,
        10.567,
        0,
        0,
        12.3,
        0.37,
        0,
        14,
        0
      ]
    },
    {
      "Target": "Parameter",
      "Id": "mwbx",
      "Segments": [
        0,
        0,
        0,
        0.8,
        -1,
        0,
        1.667,
        1,
        0,
        2.733,
        -1,
        0,
        3.533,
        1,
        0,
        4.633,
        -1,
        0,
        5.533,
        1,
        1,
        5.689,
        1,
        5.844,
        0.097,
        6,
        0,
        1,
        6.544,
        -0.34,
        7.089,
        -0.41,
        7.633,
        -0.41,
        0,
        9.367,
        0.339,
        0,
        11.333,
        -0.41,
        0,
        13,
        0.339,
        0,
        14,
        0
      ]
    },
    {
      "Target": "Parameter",
      "Id": "youtuoxietuer",
      "Segments": [
        0,
        0,
        0,
        0.367,
        -0.628,
        0,
        0.967,
        0.472,
        0,
        1.433,
        -0.528,
        0,
        1.9,
        0.472,
        0,
        2.467,
        -0.611,
        0,
        2.867,
        0.463,
        0,
        3.467,
        -0.605,
        0,
        4.067,
        0.463,
        0,
        4.733,
        -0.406,
        0,
        5.4,
        0.376,
        1,
        5.6,
        0.376,
        5.8,
        0.226,
        6,
        0,
        1,
        6.389,
        -0.44,
        6.778,
        -0.628,
        7.167,
        -0.628,
        0,
        8.467,
        0.472,
        0,
        9.7,
        -0.528,
        0,
        10.9,
        0.472,
        0,
        12.1,
        -0.628,
        0,
        13.333,
        0.472,
        0,
        14,
        0
      ]
    },
    {
      "Target": "Parameter",
      "Id": "zuotuoxietuer",
      "Segments": [
        0,
        0,
        0,
        0.367,
        -0.528,
        0,
        0.967,
        0.372,
        0,
        1.433,
        -0.428,
        0,
        1.9,
        0.472,
        0,
        2.467,
        -0.611,
        0,
        2.867,
        0.463,
        0,
        3.467,
        -0.605,
        0,
        4.067,
        0.463,
        0,
        4.733,
        -0.682,
        0,
        5.4,
        0.314,
        1,
        5.6,
        0.314,
        5.8,
        0.19,
        6,
        0,
        1,
        6.389,
        -0.369,
        6.778,
        -0.528,
        7.167,
        -0.528,
        0,
        8.467,
        0.372,
        0,
        9.7,
        -0.428,
        0,
        10.9,
        0.472,
        0,
        12.1,
        -0.528,
        0,
        13.333,
        0.472,
        0,
        14,
        0
      ]
    },
    {
      "Target": "Parameter",
      "Id": "sdztryb",
      "Segments": [
        0,
        0,
        0,
        0.167,
        1,
        0,
        0.533,
        -1,
        0,
        1.2,
        1,
        0,
        2.133,
        -1,
        0,
        2.633,
        0,
        0,
        3.567,
        -1,
        0,
        4.2,
        0.6,
        0,
        5.167,
        -1,
        0,
        6,
        0,
        0,
        7,
        -0.66,
        0,
        8,
        0.142,
        0,
        9,
        -0.114,
        0,
        10,
        0.142,
        0,
        11.033,
        -0.114,
        0,
        12.033,
        0.142,
        0,
        13.067,
        -0.114,
        0,
        14,
        0
      ]
    },
    {
      "Target": "Parameter",
      "Id": "sdzebx",
      "Segments": [
        0,
        0,
        0,
        0.3,
        1,
        0,
        0.8,
        -1,
        0,
        1.933,
        1,
        0,
        3,
        -1,
        2,
        3.833,
        -1,
        0,
        4.467,
        0.3,
        0,
        5.5,
        -0.34,
        0,
        6.533,
        0.4,
        0,
        7.467,
        -0.347,
        0,
        8.533,
        0.177,
        0,
        9.467,
        -0.188,
        0,
        10.567,
        0.177,
        0,
        11.5,
        -0.188,
        0,
        12.6,
        0.177,
        0,
        13.533,
        -0.188,
        0,
        14,
        0
      ]
    },
    {
      "Target": "Parameter",
      "Id": "sdyeyb",
      "Segments": [
        0,
        0,
        0,
        0.167,
        1,
        0,
        0.533,
        -1,
        0,
        1.2,
        1,
        0,
        2.133,
        -1,
        0,
        2.633,
        0,
        0,
        3.567,
        -1,
        0,
        4.2,
        0.7,
        0,
        5.167,
        -1,
        0,
        6,
        0,
        0,
        7,
        -0.512,
        0,
        8,
        0.142,
        0,
        9,
        -0.078,
        0,
        10,
        0.142,
        0,
        11.033,
        -0.078,
        0,
        12.033,
        0.142,
        0,
        13.067,
        -0.078,
        0,
        14,
        0
      ]
    },
    {
      "Target": "Parameter",
      "Id": "sdyebx",
      "Segments": [
        0,
        0,
        0,
        0.3,
        1,
        0,
        0.8,
        -1,
        0,
        1.933,
        1,
        0,
        3,
        -1,
        2,
        3.833,
        -1,
        0,
        4.467,
        0.254,
        0,
        5.5,
        -0.34,
        0,
        6.533,
        0.4,
        0,
        7.467,
        -0.292,
        0,
        8.533,
        0.177,
        0,
        9.467,
        -0.151,
        0,
        10.567,
        0.177,
        0,
        11.5,
        -0.151,
        0,
        12.6,
        0.177,
        0,
        13.533,
        -0.151,
        0,
        14,
        0
      ]
    },
    {
      "Target": "Parameter",
      "Id": "sdjzjd",
      "Segments": [
        0,
        0,
        0,
        0.467,
        -0.185,
        0,
        1.4,
        0.188,
        0,
        2,
        -0.233,
        0,
        3.5,
        0.019,
        0,
        5.033,
        -0.235,
        0,
        6,
        0,
        2,
        14,
        0
      ]
    },
    {
      "Target": "Parameter",
      "Id": "zuotueryaobai",
      "Segments": [
        0,
        0,
        2,
        0.033,
        0,
        0,
        0.233,
        0.07,
        0,
        0.633,
        -0.372,
        0,
        1.167,
        0.217,
        0,
        1.5,
        0.137,
        0,
        1.6,
        0.138,
        0,
        2.667,
        -0.217,
        0,
        4.033,
        0.016,
        0,
        4.967,
        -0.023,
        0,
        5.767,
        0,
        2,
        6,
        0,
        2,
        6.033,
        0,
        0,
        6.3,
        0.006,
        0,
        6.933,
        -0.078,
        2,
        7.1,
        -0.078,
        2,
        7.133,
        -0.078,
        0,
        7.633,
        0.023,
        0,
        7.967,
        -0.006,
        0,
        8.433,
        0.025,
        0,
        8.667,
        0.023,
        0,
        9.133,
        0.036,
        0,
        9.333,
        0.034,
        0,
        10.567,
        0.085,
        2,
        10.6,
        0.085,
        2,
        10.633,
        0.085,
        2,
        10.767,
        0.085,
        2,
        11,
        0.085,
        0,
        11.3,
        0.082,
        0,
        11.4,
        0.083,
        0,
        11.767,
        0.069,
        0,
        12,
        0.072,
        0,
        14,
        0
      ]
    },
    {
      "Target": "Parameter",
      "Id": "ztebx",
      "Segments": [
        0,
        0,
        2,
        0.033,
        0,
        0,
        0.233,
        0.188,
        0,
        0.633,
        -0.992,
        0,
        1.167,
        0.577,
        0,
        1.5,
        0.365,
        0,
        1.6,
        0.368,
        0,
        2.667,
        -0.578,
        0,
        4.033,
        0.043,
        0,
        4.967,
        -0.06,
        0,
        5.767,
        0,
        2,
        6,
        0,
        2,
        6.033,
        0,
        0,
        6.3,
        0.015,
        0,
        6.933,
        -0.209,
        0,
        7.1,
        -0.207,
        2,
        7.133,
        -0.207,
        0,
        7.633,
        0.061,
        0,
        7.967,
        -0.016,
        0,
        8.433,
        0.067,
        0,
        8.667,
        0.06,
        0,
        9.133,
        0.097,
        0,
        9.333,
        0.091,
        0,
        10.567,
        0.226,
        2,
        10.6,
        0.226,
        2,
        10.633,
        0.226,
        2,
        10.767,
        0.226,
        0,
        11,
        0.227,
        0,
        11.3,
        0.217,
        0,
        11.4,
        0.222,
        0,
        11.767,
        0.184,
        0,
        12,
        0.191,
        0,
        14,
        0
      ]
    },
    {
      "Target": "Parameter",
      "Id": "youtueryaobai",
      "Segments": [
        0,
        0,
        2,
        0.033,
        0,
        0,
        0.233,
        0.07,
        0,
        0.633,
        -0.372,
        0,
        1.167,
        0.217,
        0,
        1.5,
        0.137,
        0,
        1.6,
        0.138,
        0,
        2.667,
        -0.217,
        0,
        4.033,
        0.016,
        0,
        4.967,
        -0.023,
        0,
        5.767,
        0,
        2,
        6,
        0,
        2,
        6.033,
        0,
        0,
        6.3,
        0.006,
        0,
        6.933,
        -0.078,
        2,
        7.1,
        -0.078,
        2,
        7.133,
        -0.078,
        0,
        7.633,
        0.023,
        0,
        7.967,
        -0.006,
        0,
        8.433,
        0.025,
        0,
        8.667,
        0.023,
        0,
        9.133,
        0.036,
        0,
        9.333,
        0.034,
        0,
        10.567,
        0.085,
        2,
        10.6,
        0.085,
        2,
        10.633,
        0.085,
        2,
        10.767,
        0.085,
        2,
        11,
        0.085,
        0,
        11.3,
        0.082,
        0,
        11.4,
        0.083,
        0,
        11.767,
        0.069,
        0,
        12,
        0.072,
        0,
        14,
        0
      ]
    },
    {
      "Target": "Parameter",
      "Id": "ytebx",
      "Segments": [
        0,
        0,
        2,
        0.033,
        0,
        0,
        0.233,
        0.188,
        0,
        0.633,
        -0.992,
        0,
        1.167,
        0.577,
        0,
        1.5,
        0.365,
        0,
        1.6,
        0.368,
        0,
        2.667,
        -0.578,
        0,
        4.033,
        0.043,
        0,
        4.967,
        -0.06,
        0,
        5.767,
        0,
        2,
        6,
        0,
        2,
        6.033,
        0,
        0,
        6.3,
        0.015,
        0,
        6.933,
        -0.209,
        0,
        7.1,
        -0.207,
        2,
        7.133,
        -0.207,
        0,
        7.633,
        0.061,
        0,
        7.967,
        -0.016,
        0,
        8.433,
        0.067,
        0,
        8.667,
        0.06,
        0,
        9.133,
        0.097,
        0,
        9.333,
        0.091,
        0,
        10.567,
        0.226,
        2,
        10.6,
        0.226,
        2,
        10.633,
        0.226,
        2,
        10.767,
        0.226,
        0,
        11,
        0.227,
        0,
        11.3,
        0.217,
        0,
        11.4,
        0.222,
        0,
        11.767,
        0.184,
        0,
        12,
        0.191,
        0,
        14,
        0
      ]
    },
    {
      "Target": "Parameter",
      "Id": "ParamHairFront",
      "Segments": [
        0,
        0,
        2,
        0.033,
        0,
        0,
        0.233,
        0.117,
        0,
        0.633,
        -0.62,
        0,
        1.167,
        0.361,
        0,
        1.5,
        0.228,
        0,
        1.6,
        0.23,
        0,
        2.667,
        -0.361,
        0,
        4.033,
        0.027,
        0,
        4.967,
        -0.038,
        0,
        5.767,
        0,
        2,
        6,
        0,
        2,
        6.033,
        0,
        0,
        6.3,
        0.011,
        0,
        6.933,
        -0.131,
        0,
        7.067,
        -0.13,
        2,
        7.133,
        -0.13,
        0,
        7.633,
        0.042,
        0,
        7.967,
        -0.012,
        0,
        8.433,
        0.044,
        0,
        8.667,
        0.037,
        0,
        9.133,
        0.06,
        0,
        9.333,
        0.054,
        0,
        10.633,
        0.144,
        0,
        11.667,
        0.115,
        0,
        11.933,
        0.123,
        0,
        14,
        0
      ]
    },
    {
      "Target": "Parameter",
      "Id": "qianfashensuo",
      "Segments": [
        0,
        0,
        2,
        0.033,
        0,
        0,
        0.233,
        0.07,
        0,
        0.633,
        -0.372,
        0,
        1.167,
        0.217,
        0,
        1.5,
        0.137,
        0,
        1.6,
        0.138,
        0,
        2.667,
        -0.217,
        0,
        4.033,
        0.016,
        0,
        4.967,
        -0.023,
        0,
        5.767,
        0,
        2,
        6,
        0,
        2,
        6.033,
        0,
        0,
        6.3,
        0.007,
        0,
        6.933,
        -0.079,
        0,
        7.067,
        -0.078,
        2,
        7.133,
        -0.078,
        0,
        7.633,
        0.025,
        0,
        7.967,
        -0.007,
        0,
        8.433,
        0.026,
        0,
        8.667,
        0.022,
        0,
        9.133,
        0.036,
        0,
        9.333,
        0.032,
        0,
        10.633,
        0.087,
        0,
        11.667,
        0.069,
        0,
        11.933,
        0.074,
        0,
        14,
        0
      ]
    },
    {
      "Target": "Parameter",
      "Id": "ParamHairSide",
      "Segments": [
        0,
        0,
        2,
        0.033,
        0,
        0,
        0.233,
        0.268,
        0,
        0.567,
        -0.963,
        0,
        1.467,
        0.565,
        0,
        2.667,
        -0.705,
        0,
        4.133,
        0.032,
        0,
        5,
        -0.072,
        0,
        5.8,
        0,
        2,
        6,
        0,
        2,
        6.033,
        0,
        0,
        6.2,
        0.009,
        0,
        7.1,
        -0.256,
        0,
        7.567,
        0.001,
        0,
        7.733,
        -0.032,
        0,
        11.033,
        0.275,
        0,
        11.2,
        0.273,
        0,
        11.267,
        0.276,
        0,
        11.633,
        0.248,
        0,
        11.767,
        0.253,
        0,
        14,
        0
      ]
    },
    {
      "Target": "Parameter",
      "Id": "ParamHairBack",
      "Segments": [
        0,
        0,
        2,
        0.033,
        0,
        0,
        0.233,
        0.214,
        0,
        0.567,
        -0.77,
        0,
        1.467,
        0.452,
        0,
        2.667,
        -0.564,
        0,
        4.133,
        0.025,
        0,
        5,
        -0.057,
        0,
        5.8,
        0,
        2,
        6,
        0,
        2,
        6.033,
        0,
        0,
        6.2,
        0.007,
        0,
        7.1,
        -0.205,
        0,
        7.567,
        0.001,
        0,
        7.733,
        -0.026,
        0,
        11.033,
        0.22,
        0,
        11.2,
        0.219,
        0,
        11.267,
        0.221,
        0,
        11.633,
        0.198,
        0,
        11.767,
        0.202,
        0,
        14,
        0
      ]
    },
    {
      "Target": "Parameter",
      "Id": "lingdangyaobai",
      "Segments": [
        0,
        0,
        2,
        0.067,
        0,
        0,
        0.2,
        0.132,
        0,
        0.6,
        -0.402,
        0,
        1.467,
        0.276,
        0,
        2.667,
        -0.346,
        0,
        3.9,
        0,
        2,
        4.9,
        0,
        0,
        5.067,
        -0.044,
        0,
        5.667,
        0,
        2,
        6,
        0,
        2,
        6.033,
        0,
        0,
        6.233,
        0.02,
        0,
        7.133,
        -0.13,
        0,
        7.533,
        -0.01,
        0,
        7.667,
        -0.016,
        0,
        9.1,
        0.056,
        0,
        9.2,
        0.053,
        0,
        9.533,
        0.07,
        0,
        9.6,
        0.065,
        0,
        11,
        0.143,
        0,
        11.633,
        0.123,
        0,
        11.767,
        0.127,
        0,
        14,
        0
      ]
    },
    {
      "Target": "Parameter",
      "Id": "zuoshuxiujiaodu",
      "Segments": [
        0,
        0,
        0,
        0.233,
        -1,
        0,
        0.467,
        -0.589,
        0,
        0.967,
        -1,
        1,
        1.134,
        -1,
        1.3,
        -0.907,
        1.467,
        -0.486,
        1,
        1.645,
        -0.037,
        1.822,
        0.373,
        2,
        0.373,
        0,
        2.633,
        -0.369,
        0,
        3.667,
        0.194,
        0,
        5,
        -1,
        0,
        6,
        0,
        0,
        8.233,
        -0.589,
        0,
        10.2,
        0.564,
        0,
        12.1,
        -0.486,
        0,
        14,
        0
      ]
    },
    {
      "Target": "Parameter",
      "Id": "zuoshuxiuyaobai",
      "Segments": [
        0,
        0,
        0,
        0.233,
        0.484,
        0,
        0.733,
        -0.541,
        0,
        1.267,
        0.394,
        0,
        1.9,
        -0.427,
        0,
        2.533,
        0.308,
        0,
        3.333,
        -1,
        0,
        4.6,
        1,
        0,
        5.633,
        -0.188,
        1,
        5.755,
        -0.188,
        5.878,
        -0.089,
        6,
        0,
        1,
        6.478,
        0.347,
        6.955,
        0.484,
        7.433,
        0.484,
        0,
        9.333,
        -0.541,
        0,
        11.467,
        0.394,
        0,
        13.833,
        -0.427,
        0,
        14,
        0
      ]
    },
    {
      "Target": "Parameter",
      "Id": "youshuxiujiaodu",
      "Segments": [
        0,
        0,
        0,
        0.467,
        -0.622,
        0,
        1.1,
        0.671,
        0,
        1.667,
        -0.622,
        0,
        2.3,
        0.671,
        0,
        2.8,
        -0.622,
        0,
        3.767,
        0.9,
        0,
        4.867,
        -0.712,
        0,
        6,
        0,
        0,
        8.1,
        -0.622,
        0,
        10.067,
        0.671,
        0,
        11.967,
        -0.622,
        0,
        14,
        0
      ]
    },
    {
      "Target": "Parameter",
      "Id": "youshuxiudaiyaobai",
      "Segments": [
        0,
        0,
        0,
        0.2,
        0.698,
        0,
        0.733,
        -0.606,
        0,
        1.367,
        0.698,
        0,
        2.033,
        -0.606,
        0,
        2.667,
        0.698,
        0,
        3.133,
        -0.5,
        0,
        4.267,
        0.727,
        0,
        5.3,
        -0.487,
        1,
        5.533,
        -0.487,
        5.767,
        -0.278,
        6,
        0,
        1,
        6.422,
        0.502,
        6.845,
        0.698,
        7.267,
        0.698,
        0,
        9.033,
        -0.606,
        0,
        11,
        0.698,
        0,
        13,
        -0.606,
        0,
        14,
        0
      ]
    },
    {
      "Target": "Parameter",
      "Id": "zldbx",
      "Segments": [
        0,
        0,
        0,
        0.733,
        -0.5,
        0,
        1.633,
        0.5,
        0,
        2.533,
        -0.4,
        0,
        3.533,
        1,
        0,
        4.467,
        -0.4,
        0,
        5.467,
        1,
        1,
        5.645,
        1,
        5.822,
        0.118,
        6,
        0,
        1,
        6.622,
        -0.412,
        7.245,
        -0.5,
        7.867,
        -0.5,
        0,
        10.7,
        0.5,
        0,
        13.433,
        -0.4,
        0,
        14,
        0
      ]
    },
    {
      "Target": "Parameter",
      "Id": "yldbx",
      "Segments": [
        0,
        0,
        0,
        0.5,
        -0.5,
        0,
        1.433,
        0.5,
        0,
        2.367,
        -0.5,
        0,
        3.267,
        1,
        0,
        4.3,
        -0.5,
        0,
        5.2,
        1,
        1,
        5.467,
        1,
        5.733,
        0.331,
        6,
        0,
        1,
        6.367,
        -0.455,
        6.733,
        -0.5,
        7.1,
        -0.5,
        0,
        10,
        0.5,
        0,
        12.767,
        -0.5,
        0,
        14,
        0
      ]
    },
    {
      "Target": "Parameter",
      "Id": "youopdaibianxing",
      "Segments": [
        0,
        0,
        0,
        0.9,
        1,
        0,
        1.433,
        -1,
        0,
        2.567,
        0.772,
        0,
        3.4,
        -0.6,
        0,
        4.267,
        0.457,
        0,
        5.3,
        -0.7,
        1,
        5.533,
        -0.7,
        5.767,
        -0.167,
        6,
        0,
        1,
        6.6,
        0.429,
        7.2,
        0.515,
        7.8,
        0.515,
        0,
        9.667,
        -0.385,
        0,
        12.533,
        0.415,
        0,
        14,
        0
      ]
    },
    {
      "Target": "Parameter",
      "Id": "zxdyb",
      "Segments": [
        0,
        0,
        0,
        0.7,
        -0.55,
        0,
        1.633,
        0.68,
        0,
        2.467,
        -0.55,
        0,
        3.4,
        0.68,
        0,
        4.733,
        -0.366,
        0,
        5.367,
        0.434,
        1,
        5.578,
        0.434,
        5.789,
        0.208,
        6,
        0,
        1,
        6.733,
        -0.721,
        7.467,
        -1,
        8.2,
        -1,
        0,
        10.633,
        1,
        0,
        13.3,
        -1,
        0,
        14,
        0
      ]
    },
    {
      "Target": "Parameter",
      "Id": "youxiongdaijiaodu",
      "Segments": [
        0,
        0,
        0,
        0.3,
        -1,
        0,
        0.733,
        1,
        0,
        1.133,
        -1,
        0,
        1.6,
        0.818,
        0,
        2.133,
        -0.728,
        0,
        2.6,
        0.625,
        0,
        3.433,
        -0.7,
        0,
        4.433,
        0.7,
        0,
        5.3,
        -0.6,
        0,
        6,
        0,
        0,
        7.767,
        -1,
        0,
        9.4,
        1,
        0,
        10.967,
        -1,
        0,
        12.633,
        0.818,
        0,
        14,
        0
      ]
    },
    {
      "Target": "Parameter",
      "Id": "yxdyb",
      "Segments": [
        0,
        0,
        0,
        0.133,
        0.7,
        0,
        0.533,
        -0.6,
        0,
        0.933,
        0.5,
        0,
        1.4,
        -0.5,
        0,
        1.867,
        0.404,
        0,
        2.367,
        -0.45,
        0,
        2.833,
        0.334,
        0,
        3.633,
        -0.5,
        0,
        4.633,
        0.5,
        0,
        5.533,
        -0.4,
        1,
        5.689,
        -0.4,
        5.844,
        -0.22,
        6,
        0,
        1,
        6.356,
        0.503,
        6.711,
        0.7,
        7.067,
        0.7,
        0,
        8.533,
        -0.6,
        0,
        10.167,
        0.5,
        0,
        11.867,
        -0.5,
        0,
        13.633,
        0.404,
        0,
        14,
        0
      ]
    },
    {
      "Target": "Parameter",
      "Id": "ParamAngleX",
      "Segments": [
        0,
        0,
        2,
        6,
        0,
        0,
        7.033,
        -1,
        0,
        7.467,
        0,
        0,
        9.033,
        -2,
        0,
        10.2,
        0.585,
        0,
        12,
        -1.679,
        0,
        14,
        0
      ]
    },
    {
      "Target": "Parameter",
      "Id": "ParamAngleY",
      "Segments": [
        0,
        0,
        2,
        6,
        0,
        0,
        7.033,
        -14,
        0,
        7.467,
        0,
        0,
        9.033,
        -22.821,
        0,
        14,
        0
      ]
    },
    {
      "Target": "Parameter",
      "Id": "shouZ",
      "Segments": [
        0,
        0,
        0,
        0.167,
        12,
        0,
        0.6,
        -15,
        0,
        1.567,
        13,
        0,
        2.7,
        -14,
        0,
        4.3,
        0,
        2,
        6,
        0,
        0,
        7.033,
        -6,
        1,
        7.178,
        -6,
        7.322,
        -0.934,
        7.467,
        0,
        1,
        8.178,
        4.598,
        8.889,
        6,
        9.6,
        6,
        0,
        14,
        0
      ]
    },
    {
      "Target": "Parameter",
      "Id": "ParamBodyAngleXX",
      "Segments": [
        0,
        0,
        0,
        0.233,
        0.5,
        0,
        0.467,
        -1,
        1,
        0.656,
        -1,
        0.844,
        -0.976,
        1.033,
        -0.6,
        1,
        1.155,
        -0.357,
        1.278,
        0.4,
        1.4,
        0.4,
        1,
        1.578,
        0.4,
        1.755,
        0.445,
        1.933,
        0.248,
        1,
        2.222,
        -0.072,
        2.511,
        -0.899,
        2.8,
        -0.899,
        0,
        4.333,
        0.4,
        0,
        6,
        0,
        2,
        14,
        0
      ]
    },
    {
      "Target": "Parameter",
      "Id": "ParamBodyAngleZ",
      "Segments": [
        0,
        0,
        0,
        0.333,
        -6,
        0,
        1.067,
        4,
        0,
        2.167,
        -4,
        0,
        3.733,
        1.097,
        0,
        5,
        -0.969,
        0,
        6,
        0,
        0,
        8.567,
        -1.394,
        0,
        11.333,
        1.17,
        0,
        14,
        0
      ]
    },
    {
      "Target": "Parameter",
      "Id": "jblsbx",
      "Segments": [
        0,
        0,
        0,
        6,
        0.5,
        2,
        14,
        0.5
      ]
    },
    {
      "Target": "Parameter",
      "Id": "slszy",
      "Segments": [
        0,
        0,
        0,
        6,
        -1.24,
        2,
        14,
        -1.24
      ]
    },
    {
      "Target": "Parameter",
      "Id": "ParamBreath",
      "Segments": [
        0,
        0,
        0,
        1,
        1,
        0,
        3,
        0,
        0,
        4,
        1,
        0,
        6,
        0,
        0,
        7,
        1,
        0,
        9,
        0,
        0,
        10,
        1,
        0,
        12,
        0,
        0,
        13,
        1,
        0,
        14,
        0
      ]
    },
    {
      "Target": "Parameter",
      "Id": "yifuzuoyou",
      "Segments": [
        0,
        0,
        0,
        0.6,
        1,
        0,
        1.533,
        -1,
        0,
        2.633,
        1,
        0,
        3.6,
        -1,
        0,
        4.767,
        1,
        0,
        6,
        0,
        0,
        7.3,
        1,
        0,
        9,
        -1,
        0,
        10.967,
        1,
        0,
        12.8,
        -1,
        0,
        14,
        0
      ]
    },
    {
      "Target": "Parameter",
      "Id": "yifubianxing",
      "Segments": [
        0,
        0,
        0,
        0.3,
        -30,
        0,
        1.067,
        30,
        0,
        2,
        -30,
        0,
        3.1,
        30,
        0,
        4.067,
        -30,
        0,
        5.367,
        30,
        1,
        5.578,
        30,
        5.789,
        19.473,
        6,
        0,
        1,
        6.222,
        -20.497,
        6.445,
        -30,
        6.667,
        -30,
        0,
        8.067,
        30,
        0,
        9.767,
        -30,
        0,
        11.833,
        30,
        0,
        13.567,
        -30,
        0,
        14,
        0
      ]
    },
    {
      "Target": "Parameter",
      "Id": "yifuxingtai",
      "Segments": [
        0,
        0,
        0,
        0.433,
        0.595,
        0,
        0.867,
        0.065,
        0,
        1.233,
        0.075,
        0,
        1.6,
        0,
        2,
        6,
        0,
        2,
        14,
        0
      ]
    },
    {
      "Target": "Parameter",
      "Id": "shentishangxia",
      "Segments": [
        0,
        -1,
        1,
        0.144,
        -1,
        0.289,
        -0.875,
        0.433,
        -0.6,
        1,
        0.533,
        -0.409,
        0.633,
        -0.249,
        0.733,
        0,
        1,
        0.766,
        0.083,
        0.8,
        0.478,
        0.833,
        0.478,
        0,
        1.167,
        0,
        2,
        6,
        0,
        2,
        14,
        0
      ]
    },
    {
      "Target": "Parameter",
      "Id": "shentidaxiao",
      "Segments": [
        0,
        0.372,
        0,
        0.167,
        -1,
        1,
        0.222,
        -1,
        0.278,
        -0.258,
        0.333,
        -0.2,
        1,
        0.5,
        -0.027,
        0.666,
        0,
        0.833,
        0,
        2,
        6,
        0,
        2,
        14,
        0
      ]
    },
    {
      "Target": "Parameter",
      "Id": "shangshenshangxia",
      "Segments": [
        0,
        0,
        0,
        0.433,
        0.671,
        0,
        0.7,
        0,
        0,
        0.933,
        0.402,
        0,
        1.4,
        0,
        2,
        6,
        0,
        2,
        14,
        0
      ]
    },
    {
      "Target": "Parameter",
      "Id": "baozhaguodu",
      "Segments": [
        0,
        0,
        0,
        14,
        0
      ]
    },
    {
      "Target": "Parameter",
      "Id": "baimaotmd",
      "Segments": [
        0,
        0,
        0,
        14,
        0
      ]
    },
    {
      "Target": "Parameter",
      "Id": "baimaoshensuo",
      "Segments": [
        0,
        0,
        0,
        14,
        0
      ]
    },
    {
      "Target": "Parameter",
      "Id": "baimaojiya",
      "Segments": [
        0,
        0,
        0,
        14,
        0
      ]
    },
    {
      "Target": "Parameter",
      "Id": "maozuoyou",
      "Segments": [
        0,
        0,
        0,
        14,
        0
      ]
    },
    {
      "Target": "Parameter",
      "Id": "maoshangxia",
      "Segments": [
        0,
        0,
        0,
        14,
        0
      ]
    },
    {
      "Target": "Parameter",
      "Id": "maojiaodu",
      "Segments": [
        0,
        0,
        0,
        14,
        0
      ]
    },
    {
      "Target": "Parameter",
      "Id": "maoliandai",
      "Segments": [
        0,
        0,
        0,
        14,
        0
      ]
    },
    {
      "Target": "Parameter",
      "Id": "maoerduo",
      "Segments": [
        0,
        0,
        0,
        14,
        0
      ]
    },
    {
      "Target": "Parameter",
      "Id": "maozhayan",
      "Segments": [
        0,
        0,
        0,
        14,
        0
      ]
    },
    {
      "Target": "Parameter",
      "Id": "maogaoguang",
      "Segments": [
        0,
        0,
        0,
        14,
        0
      ]
    },
    {
      "Target": "Parameter",
      "Id": "maozui",
      "Segments": [
        0,
        0,
        0,
        14,
        0
      ]
    },
    {
      "Target": "Parameter",
      "Id": "maozuishetou",
      "Segments": [
        0,
        0,
        0,
        14,
        0
      ]
    },
    {
      "Target": "Parameter",
      "Id": "maohongyun",
      "Segments": [
        0,
        0,
        0,
        14,
        0
      ]
    },
    {
      "Target": "Parameter",
      "Id": "maozishensuo",
      "Segments": [
        0,
        0,
        0,
        14,
        0
      ]
    },
    {
      "Target": "Parameter",
      "Id": "maoshou",
      "Segments": [
        0,
        -1,
        0,
        14,
        -1
      ]
    },
    {
      "Target": "Parameter",
      "Id": "maoweibajiaodu",
      "Segments": [
        0,
        0,
        0,
        14,
        0
      ]
    },
    {
      "Target": "Parameter",
      "Id": "maoweibabianxing",
      "Segments": [
        0,
        0,
        0,
        14,
        0
      ]
    },
    {
      "Target": "Parameter",
      "Id": "maozuojiao",
      "Segments": [
        0,
        0,
        0,
        14,
        0
      ]
    },
    {
      "Target": "Parameter",
      "Id": "maoyoujiao",
      "Segments": [
        0,
        0,
        0,
        14,
        0
      ]
    },
    {
      "Target": "Parameter",
      "Id": "ParamEyeLSmile",
      "Segments": [
        0,
        0,
        0,
        14,
        0
      ]
    },
    {
      "Target": "Parameter",
      "Id": "ParamEyeRSmile",
      "Segments": [
        0,
        0,
        0,
        14,
        0
      ]
    },
    {
      "Target": "Parameter",
      "Id": "ParamBrowLX",
      "Segments": [
        0,
        0,
        0,
        14,
        0
      ]
    },
    {
      "Target": "Parameter",
      "Id": "ParamBrowRX",
      "Segments": [
        0,
        0,
        0,
        14,
        0
      ]
    },
    {
      "Target": "Parameter",
      "Id": "ParamBrowLAngle",
      "Segments": [
        0,
        0,
        0,
        14,
        0
      ]
    },
    {
      "Target": "Parameter",
      "Id": "ParamBrowRAngle",
      "Segments": [
        0,
        0,
        0,
        14,
        0
      ]
    },
    {
      "Target": "Parameter",
      "Id": "muyuqiehuan",
      "Segments": [
        0,
        0,
        0,
        14,
        0
      ]
    },
    {
      "Target": "Parameter",
      "Id": "ParamMouthOpenY",
      "Segments": [
        0,
        0,
        0,
        14,
        0
      ]
    },
    {
      "Target": "Parameter",
      "Id": "ParamCheek",
      "Segments": [
        0,
        0,
        0,
        14,
        0
      ]
    },
    {
      "Target": "Parameter",
      "Id": "yunbianxing",
      "Segments": [
        0,
        -1,
        0,
        14,
        -1
      ]
    },
    {
      "Target": "Parameter",
      "Id": "expyun1",
      "Segments": [
        0,
        0,
        0,
        14,
        0
      ]
    },
    {
      "Target": "Parameter",
      "Id": "yunjiaodu",
      "Segments": [
        0,
        0,
        0,
        14,
        0
      ]
    },
    {
      "Target": "Parameter",
      "Id": "shuijiaozzz",
      "Segments": [
        0,
        0,
        0,
        14,
        0
      ]
    },
    {
      "Target": "Parameter",
      "Id": "shuijiaozzztmd",
      "Segments": [
        0,
        0,
        0,
        14,
        0
      ]
    },
    {
      "Target": "Parameter",
      "Id": "shuijiaoyidong",
      "Segments": [
        0,
        0,
        0,
        14,
        0
      ]
    },
    {
      "Target": "Parameter",
      "Id": "dingjjj",
      "Segments": [
        0,
        0,
        0,
        14,
        0
      ]
    },
    {
      "Target": "Parameter",
      "Id": "youshoutui",
      "Segments": [
        0,
        0,
        0,
        14,
        0
      ]
    },
    {
      "Target": "Parameter",
      "Id": "youtuiqiehuan",
      "Segments": [
        0,
        1,
        0,
        14,
        1
      ]
    },
    {
      "Target": "Parameter",
      "Id": "zuoshoutui",
      "Segments": [
        0,
        0,
        0,
        14,
        0
      ]
    },
    {
      "Target": "Parameter",
      "Id": "zuotuiqiehuan",
      "Segments": [
        0,
        1,
        0,
        14,
        1
      ]
    },
    {
      "Target": "Parameter",
      "Id": "zuotuixuanzhuan",
      "Segments": [
        0,
        0,
        0,
        14,
        0
      ]
    },
    {
      "Target": "Parameter",
      "Id": "zuotuizuoyou",
      "Segments": [
        0,
        0,
        0,
        14,
        0
      ]
    },
    {
      "Target": "Parameter",
      "Id": "zuotuishangxia",
      "Segments": [
        0,
        0,
        0,
        14,
        0
      ]
    },
    {
      "Target": "Parameter",
      "Id": "zuotuidaxiao",
      "Segments": [
        0,
        0,
        0,
        14,
        0
      ]
    },
    {
      "Target": "Parameter",
      "Id": "youtuixuanzhuan",
      "Segments": [
        0,
        0,
        0,
        14,
        0
      ]
    },
    {
      "Target": "Parameter",
      "Id": "youtuizuoyou",
      "Segments": [
        0,
        0,
        0,
        14,
        0
      ]
    },
    {
      "Target": "Parameter",
      "Id": "youtuishangxia",
      "Segments": [
        0,
        0,
        0,
        14,
        0
      ]
    },
    {
      "Target": "Parameter",
      "Id": "youtuidaxiao",
      "Segments": [
        0,
        0,
        0,
        14,
        0
      ]
    },
    {
      "Target": "Parameter",
      "Id": "zuoxiaotuishensuo",
      "Segments": [
        0,
        0,
        0,
        14,
        0
      ]
    },
    {
      "Target": "Parameter",
      "Id": "zuojiaoxuanzhuan",
      "Segments": [
        0,
        0,
        0,
        14,
        0
      ]
    },
    {
      "Target": "Parameter",
      "Id": "youjiaoxuanzhuan",
      "Segments": [
        0,
        0,
        0,
        14,
        0
      ]
    },
    {
      "Target": "Parameter",
      "Id": "zuobixuanzhuan",
      "Segments": [
        0,
        0,
        0,
        14,
        0
      ]
    },
    {
      "Target": "Parameter",
      "Id": "zuobishensuo",
      "Segments": [
        0,
        0,
        0,
        14,
        0
      ]
    },
    {
      "Target": "Parameter",
      "Id": "zuoxiabixuanzhuan",
      "Segments": [
        0,
        0,
        0,
        14,
        0
      ]
    },
    {
      "Target": "Parameter",
      "Id": "zuoxiabishensuo",
      "Segments": [
        0,
        0,
        0,
        14,
        0
      ]
    },
    {
      "Target": "Parameter",
      "Id": "zuoshouxuanzhuan",
      "Segments": [
        0,
        0,
        0,
        14,
        0
      ]
    },
    {
      "Target": "Parameter",
      "Id": "zuozishousuo",
      "Segments": [
        0,
        0,
        0,
        14,
        0
      ]
    },
    {
      "Target": "Parameter",
      "Id": "zuoshoufanzhuan",
      "Segments": [
        0,
        0,
        0,
        14,
        0
      ]
    },
    {
      "Target": "Parameter",
      "Id": "xingfengtmd",
      "Segments": [
        0,
        0,
        0,
        14,
        0
      ]
    },
    {
      "Target": "Parameter",
      "Id": "xingfengjiaodu",
      "Segments": [
        0,
        0,
        0,
        14,
        0
      ]
    },
    {
      "Target": "Parameter",
      "Id": "youbixuanzhuan",
      "Segments": [
        0,
        0,
        0,
        14,
        0
      ]
    },
    {
      "Target": "Parameter",
      "Id": "youbishensuo",
      "Segments": [
        0,
        0,
        0,
        14,
        0
      ]
    },
    {
      "Target": "Parameter",
      "Id": "youbijiya",
      "Segments": [
        0,
        0,
        0,
        14,
        0
      ]
    },
    {
      "Target": "Parameter",
      "Id": "youxiabixuanzhuan",
      "Segments": [
        0,
        0,
        0,
        14,
        0
      ]
    },
    {
      "Target": "Parameter",
      "Id": "youxiabishensuo",
      "Segments": [
        0,
        0,
        0,
        14,
        0
      ]
    },
    {
      "Target": "Parameter",
      "Id": "youshouxuanzhuan",
      "Segments": [
        0,
        0,
        0,
        14,
        0
      ]
    },
    {
      "Target": "Parameter",
      "Id": "yssztmd",
      "Segments": [
        0,
        0,
        0,
        14,
        0
      ]
    },
    {
      "Target": "Parameter",
      "Id": "youshoufanzhuan",
      "Segments": [
        0,
        0,
        0,
        14,
        0
      ]
    },
    {
      "Target": "Parameter",
      "Id": "yousizi",
      "Segments": [
        0,
        -1,
        0,
        14,
        -1
      ]
    },
    {
      "Target": "Parameter",
      "Id": "liuhaiyaobai",
      "Segments": [
        0,
        0,
        0,
        14,
        0
      ]
    },
    {
      "Target": "Parameter",
      "Id": "zuocefatuceng",
      "Segments": [
        0,
        0,
        0,
        14,
        0
      ]
    },
    {
      "Target": "Parameter",
      "Id": "ParamBodyAngleY",
      "Segments": [
        0,
        0,
        0,
        14,
        0
      ]
    },
    {
      "Target": "Parameter",
      "Id": "szlssx",
      "Segments": [
        0,
        0,
        0,
        14,
        0
      ]
    },
    {
      "Target": "Parameter",
      "Id": "slsjd",
      "Segments": [
        0,
        0,
        0,
        14,
        0
      ]
    },
    {
      "Target": "Parameter",
      "Id": "szlsbx",
      "Segments": [
        0,
        0,
        0,
        14,
        0
      ]
    },
    {
      "Target": "Parameter",
      "Id": "szlstc",
      "Segments": [
        0,
        0,
        0,
        14,
        0
      ]
    },
    {
      "Target": "Parameter",
      "Id": "yifuyaobai",
      "Segments": [
        0,
        0,
        0,
        14,
        0
      ]
    },
    {
      "Target": "Parameter",
      "Id": "xiashujiaodu",
      "Segments": [
        0,
        0,
        0,
        14,
        0
      ]
    },
    {
      "Target": "Parameter",
      "Id": "shangshenjiaodu",
      "Segments": [
        0,
        0,
        0,
        14,
        0
      ]
    }
  ],
  "UserData": [
    {
      "Time": 13.5,
      "Value": ""
    }
  ]
}