{
  "Version": 3,
  "Meta": {
    "Duration": 6.0,
    "Fps": 30.0,
    "Loop": true,
    "CurveCount": 170,
    "TotalSegmentCount": 646,
    "TotalPointCount": 780,
    "UserDataCount": 1,
    "TotalUserDataSize": 0
  },
  "Curves": [
    {
      "Target": "Parameter",
      "Id": "zhuweibabianxing",
      "Segments": [
        0,
        0,
        0,
        1.567,
        -1,
        0,
        3.633,
        0.629,
        0,
        5.067,
        -1,
        0,
        6,
        0
      ]
    },
    {
      "Target": "Parameter",
      "Id": "zhupigushangxia",
      "Segments": [
        0,
        0,
        0,
        0.733,
        1,
        1,
        0.989,
        1,
        1.244,
        0.681,
        1.5,
        0,
        1,
        1.744,
        -0.652,
        1.989,
        -1,
        2.233,
        -1,
        1,
        2.489,
        -1,
        2.744,
        -0.681,
        3,
        0,
        1,
        3.244,
        0.652,
        3.489,
        1,
        3.733,
        1,
        1,
        3.989,
        1,
        4.244,
        0.681,
        4.5,
        0,
        1,
        4.744,
        -0.652,
        4.989,
        -1,
        5.233,
        -1,
        0,
        6,
        0
      ]
    },
    {
      "Target": "Parameter",
      "Id": "zhupiguzuoyou",
      "Segments": [
        0,
        -1,
        1,
        0.244,
        -1,
        0.489,
        -0.652,
        0.733,
        0,
        1,
        0.989,
        0.681,
        1.244,
        1,
        1.5,
        1,
        1,
        1.744,
        1,
        1.989,
        0.652,
        2.233,
        0,
        1,
        2.489,
        -0.681,
        2.744,
        -1,
        3,
        -1,
        1,
        3.244,
        -1,
        3.489,
        -0.652,
        3.733,
        0,
        1,
        3.989,
        0.681,
        4.244,
        1,
        4.5,
        1,
        1,
        4.744,
        1,
        4.989,
        0.652,
        5.233,
        0,
        1,
        5.489,
        -0.681,
        5.744,
        -1,
        6,
        -1
      ]
    },
    {
      "Target": "Parameter",
      "Id": "shubianhua",
      "Segments": [
        0,
        0,
        0,
        1,
        5,
        0,
        2,
        0,
        0,
        3,
        5,
        0,
        4,
        0,
        0,
        5,
        5,
        0,
        6,
        0
      ]
    },
    {
      "Target": "Parameter",
      "Id": "shumujiaodu",
      "Segments": [
        0,
        0,
        0,
        4,
        -0.056,
        0,
        6,
        0
      ]
    },
    {
      "Target": "Parameter",
      "Id": "sz1dyb",
      "Segments": [
        0,
        0,
        0,
        2.5,
        0.707,
        0,
        6,
        0
      ]
    },
    {
      "Target": "Parameter",
      "Id": "sz2dyb",
      "Segments": [
        0,
        0,
        0,
        2.067,
        -0.6,
        0,
        6,
        0
      ]
    },
    {
      "Target": "Parameter",
      "Id": "sz3dyb",
      "Segments": [
        0,
        0,
        0,
        2.8,
        -0.5,
        0,
        6,
        0
      ]
    },
    {
      "Target": "Parameter",
      "Id": "ParamEyeLOpen",
      "Segments": [
        0,
        1,
        0,
        0.3,
        0,
        0,
        0.833,
        1,
        2,
        2.1,
        1,
        0,
        2.4,
        0,
        0,
        2.767,
        0.8,
        2,
        3.4,
        0.8,
        0,
        3.767,
        1,
        0,
        4.1,
        0,
        0,
        4.5,
        1,
        2,
        6,
        1
      ]
    },
    {
      "Target": "Parameter",
      "Id": "ParamEyeROpen",
      "Segments": [
        0,
        1,
        0,
        0.3,
        0,
        0,
        0.833,
        1,
        2,
        2.1,
        1,
        0,
        2.4,
        0,
        0,
        2.767,
        0.8,
        2,
        3.4,
        0.8,
        0,
        3.767,
        1,
        0,
        4.1,
        0,
        0,
        4.5,
        1,
        2,
        6,
        1
      ]
    },
    {
      "Target": "Parameter",
      "Id": "gaoguangdonghua",
      "Segments": [
        0,
        0,
        2,
        0.767,
        0,
        0,
        1,
        1,
        0,
        1.2,
        0,
        0,
        1.433,
        0.795,
        0,
        1.667,
        0,
        2,
        2.367,
        0,
        0,
        2.6,
        1,
        0,
        2.8,
        0,
        0,
        3.033,
        0.795,
        0,
        3.267,
        0,
        2,
        4.067,
        0,
        0,
        4.3,
        1,
        0,
        4.5,
        0,
        0,
        4.733,
        0.795,
        0,
        4.967,
        0,
        2,
        6,
        0
      ]
    },
    {
      "Target": "Parameter",
      "Id": "tongkongdaxiao",
      "Segments": [
        0,
        0,
        0,
        0.3,
        1,
        0,
        0.833,
        -1,
        0,
        1.133,
        0.5,
        0,
        1.333,
        0,
        2,
        2.1,
        0,
        0,
        2.4,
        1,
        0,
        2.767,
        -1,
        0,
        3,
        0.4,
        0,
        3.133,
        0,
        1,
        3.333,
        0,
        3.533,
        0.109,
        3.733,
        0.5,
        1,
        3.855,
        0.739,
        3.978,
        1,
        4.1,
        1,
        0,
        4.467,
        -0.6,
        0,
        4.767,
        0.3,
        0,
        4.933,
        0,
        2,
        6,
        0
      ]
    },
    {
      "Target": "Parameter",
      "Id": "ParamBrowLY",
      "Segments": [
        0,
        0,
        0,
        0.3,
        -1,
        0,
        0.833,
        0,
        2,
        2.1,
        0,
        0,
        2.4,
        -1,
        0,
        2.767,
        -0.2,
        2,
        3.4,
        -0.2,
        0,
        3.767,
        0,
        0,
        4.1,
        -1,
        0,
        4.5,
        0,
        2,
        6,
        0
      ]
    },
    {
      "Target": "Parameter",
      "Id": "ParamBrowRY",
      "Segments": [
        0,
        0,
        0,
        0.3,
        -1,
        0,
        0.833,
        0,
        2,
        2.1,
        0,
        0,
        2.4,
        -1,
        0,
        2.767,
        -0.2,
        2,
        3.4,
        -0.2,
        0,
        3.767,
        0,
        0,
        4.1,
        -1,
        0,
        4.5,
        0,
        2,
        6,
        0
      ]
    },
    {
      "Target": "Parameter",
      "Id": "ParamBrowLForm",
      "Segments": [
        0,
        0,
        2,
        2.4,
        0,
        0,
        2.833,
        -0.6,
        1,
        3.222,
        -0.6,
        3.611,
        -0.573,
        4,
        -0.4,
        1,
        4.156,
        -0.331,
        4.311,
        0,
        4.467,
        0,
        2,
        6,
        0
      ]
    },
    {
      "Target": "Parameter",
      "Id": "ParamBrowRForm",
      "Segments": [
        0,
        0,
        2,
        2.4,
        0,
        0,
        2.833,
        -0.5,
        1,
        3.222,
        -0.5,
        3.611,
        -0.426,
        4,
        -0.2,
        1,
        4.156,
        -0.11,
        4.311,
        0,
        4.467,
        0,
        2,
        6,
        0
      ]
    },
    {
      "Target": "Parameter",
      "Id": "ParamEyeBallX",
      "Segments": [
        0,
        0,
        2,
        0.8,
        0,
        0,
        1.167,
        -0.5,
        1,
        1.578,
        -0.5,
        1.989,
        -0.485,
        2.4,
        -0.4,
        1,
        2.522,
        -0.375,
        2.645,
        0.2,
        2.767,
        0.2,
        2,
        3.933,
        0.2,
        0,
        4.333,
        0,
        2,
        6,
        0
      ]
    },
    {
      "Target": "Parameter",
      "Id": "ParamEyeBallY",
      "Segments": [
        0,
        0,
        2,
        0.8,
        0,
        0,
        1.167,
        -0.7,
        1,
        1.578,
        -0.7,
        1.989,
        -0.686,
        2.4,
        -0.6,
        1,
        2.522,
        -0.575,
        2.645,
        0.2,
        2.767,
        0.2,
        2,
        3.933,
        0.2,
        0,
        4.333,
        0,
        2,
        6,
        0
      ]
    },
    {
      "Target": "Parameter",
      "Id": "liuhaigaoguang",
      "Segments": [
        0,
        0,
        0,
        1.9,
        -1,
        0,
        4.4,
        0.217,
        0,
        6,
        0
      ]
    },
    {
      "Target": "Parameter",
      "Id": "ParamMouthForm",
      "Segments": [
        0,
        0,
        0,
        1.2,
        -0.4,
        0,
        2.133,
        0,
        0,
        4.667,
        -0.3,
        0,
        6,
        0
      ]
    },
    {
      "Target": "Parameter",
      "Id": "zuoxiaotuishensuo",
      "Segments": [
        0,
        0,
        0,
        0.533,
        -1,
        1,
        0.722,
        -1,
        0.911,
        -0.183,
        1.1,
        0.3,
        1,
        1.344,
        0.926,
        1.589,
        1,
        1.833,
        1,
        1,
        2.244,
        1,
        2.656,
        0.913,
        3.067,
        0.315,
        1,
        3.334,
        -0.073,
        3.6,
        -0.795,
        3.867,
        -0.795,
        1,
        4.1,
        -0.795,
        4.334,
        -0.786,
        4.567,
        -0.454,
        1,
        4.834,
        -0.074,
        5.1,
        0.5,
        5.367,
        0.5,
        0,
        6,
        0
      ]
    },
    {
      "Target": "Parameter",
      "Id": "zuobaijiao",
      "Segments": [
        0,
        -0.7,
        0,
        0.967,
        -1,
        1,
        1.156,
        -1,
        1.344,
        -1.057,
        1.533,
        -0.7,
        1,
        1.855,
        -0.09,
        2.178,
        1,
        2.5,
        1,
        1,
        2.689,
        1,
        2.878,
        0.304,
        3.067,
        0,
        1,
        3.567,
        -0.804,
        4.067,
        -1,
        4.567,
        -1,
        0,
        6,
        -0.7
      ]
    },
    {
      "Target": "Parameter",
      "Id": "youxiaotuixuanzhuan",
      "Segments": [
        0,
        0,
        0,
        0.567,
        -0.078,
        0,
        2.7,
        0.026,
        0,
        4.4,
        -0.04,
        0,
        6,
        0
      ]
    },
    {
      "Target": "Parameter",
      "Id": "youxiaotuishensuo",
      "Segments": [
        0,
        0,
        0,
        0.9,
        -1,
        1,
        1.089,
        -1,
        1.278,
        -0.183,
        1.467,
        0.3,
        1,
        1.711,
        0.926,
        1.956,
        1,
        2.2,
        1,
        1,
        2.611,
        1,
        3.022,
        0.944,
        3.433,
        0.4,
        1,
        3.7,
        0.047,
        3.966,
        -0.795,
        4.233,
        -0.795,
        1,
        4.466,
        -0.795,
        4.7,
        -0.663,
        4.933,
        -0.454,
        1,
        5.289,
        -0.135,
        5.644,
        0,
        6,
        0
      ]
    },
    {
      "Target": "Parameter",
      "Id": "youbaijiao",
      "Segments": [
        0,
        -0.7,
        0,
        1.333,
        -1,
        1,
        1.511,
        -1,
        1.689,
        -1.073,
        1.867,
        -0.8,
        1,
        2.178,
        -0.322,
        2.489,
        1,
        2.8,
        1,
        1,
        3.011,
        1,
        3.222,
        0.34,
        3.433,
        0,
        1,
        3.933,
        -0.805,
        4.433,
        -1,
        4.933,
        -1,
        0,
        6,
        -0.7
      ]
    },
    {
      "Target": "Parameter",
      "Id": "zuobixuanzhuan",
      "Segments": [
        0,
        0,
        0,
        2,
        0.7,
        0,
        6,
        0
      ]
    },
    {
      "Target": "Parameter",
      "Id": "zuoxiabixuanzhuan",
      "Segments": [
        0,
        0,
        0,
        0.667,
        0.554,
        1,
        0.867,
        0.554,
        1.067,
        0.375,
        1.267,
        -0.1,
        1,
        1.5,
        -0.654,
        1.734,
        -1,
        1.967,
        -1,
        1,
        2.467,
        -1,
        2.967,
        -1.021,
        3.467,
        -0.9,
        1,
        3.922,
        -0.79,
        4.378,
        0.559,
        4.833,
        0.559,
        0,
        6,
        0
      ]
    },
    {
      "Target": "Parameter",
      "Id": "zuoxiabishensuo",
      "Segments": [
        0,
        0,
        1,
        0.222,
        0,
        0.445,
        -0.202,
        0.667,
        -0.552,
        1,
        0.867,
        -0.867,
        1.067,
        -1,
        1.267,
        -1,
        0,
        2.7,
        -0.293,
        0,
        4.633,
        -1,
        0,
        5.567,
        0,
        2,
        6,
        0
      ]
    },
    {
      "Target": "Parameter",
      "Id": "zuoshouxuanzhuan",
      "Segments": [
        0,
        0,
        0,
        0.833,
        -0.8,
        0,
        1.2,
        1,
        2,
        1.667,
        1,
        1,
        1.9,
        1,
        2.134,
        -0.106,
        2.367,
        -0.2,
        1,
        2.689,
        -0.329,
        3.011,
        -0.331,
        3.333,
        -0.437,
        1,
        3.522,
        -0.498,
        3.711,
        -0.656,
        3.9,
        -0.656,
        0,
        5.367,
        0,
        2,
        6,
        0
      ]
    },
    {
      "Target": "Parameter",
      "Id": "zuozishousuo",
      "Segments": [
        0,
        0,
        0,
        0.333,
        1,
        2,
        4.933,
        1,
        2,
        5.367,
        1,
        0,
        6,
        0
      ]
    },
    {
      "Target": "Parameter",
      "Id": "zuoshoufanzhuan",
      "Segments": [
        0,
        0,
        2,
        0.4,
        0,
        0,
        0.733,
        1,
        2,
        4.933,
        1,
        0,
        5.367,
        0,
        2,
        6,
        0
      ]
    },
    {
      "Target": "Parameter",
      "Id": "xingfengtmd",
      "Segments": [
        0,
        0,
        2,
        1.133,
        0,
        1,
        1.278,
        0,
        1.422,
        0.289,
        1.567,
        1,
        1,
        1.578,
        1.055,
        1.589,
        2,
        1.6,
        2,
        2,
        3.833,
        2,
        0,
        3.933,
        1,
        2,
        4.4,
        1,
        0,
        5.033,
        0,
        2,
        6,
        0
      ]
    },
    {
      "Target": "Parameter",
      "Id": "xingfengjiaodu",
      "Segments": [
        0,
        0,
        0,
        1.433,
        -1,
        1,
        1.666,
        -1,
        1.9,
        -0.081,
        2.133,
        0.069,
        1,
        2.722,
        0.446,
        3.311,
        0.5,
        3.9,
        0.5,
        0,
        6,
        0
      ]
    },
    {
      "Target": "Parameter",
      "Id": "youbixuanzhuan",
      "Segments": [
        0,
        0,
        0,
        0.767,
        -0.246,
        1,
        1.011,
        -0.246,
        1.256,
        -0.252,
        1.5,
        -0.206,
        1,
        1.867,
        -0.138,
        2.233,
        0,
        2.6,
        0,
        0,
        3.833,
        -0.2,
        0,
        5.133,
        0,
        2,
        6,
        0
      ]
    },
    {
      "Target": "Parameter",
      "Id": "youshouxuanzhuan",
      "Segments": [
        0,
        0,
        0,
        0.967,
        -0.5,
        0,
        6,
        0
      ]
    },
    {
      "Target": "Parameter",
      "Id": "shangzimianx",
      "Segments": [
        0,
        0,
        0,
        3.1,
        -0.472,
        0,
        6,
        0
      ]
    },
    {
      "Target": "Parameter",
      "Id": "youshoufanzhuan",
      "Segments": [
        0,
        0,
        2,
        0.2,
        0,
        0,
        1.267,
        1,
        0,
        2.8,
        0,
        0,
        4.1,
        0.6,
        0,
        5.7,
        0,
        2,
        6,
        0
      ]
    },
    {
      "Target": "Parameter",
      "Id": "paotaijiaodu",
      "Segments": [
        0,
        0,
        0,
        0.867,
        0.612,
        0,
        1.967,
        -0.305,
        0,
        3.533,
        0.358,
        0,
        5.233,
        -0.151,
        0,
        6,
        0
      ]
    },
    {
      "Target": "Parameter",
      "Id": "paoguangxuanzhuang",
      "Segments": [
        0,
        0,
        0,
        0.533,
        -0.255,
        0,
        1.4,
        0.336,
        2,
        2.3,
        0.336,
        0,
        3.833,
        -0.451,
        0,
        5.633,
        0.092,
        0,
        6,
        0
      ]
    },
    {
      "Target": "Parameter",
      "Id": "paotaixuanzhuang",
      "Segments": [
        0,
        0,
        0,
        1.5,
        0.565,
        0,
        3.2,
        -0.563,
        0,
        4.767,
        0.2,
        0,
        6,
        0
      ]
    },
    {
      "Target": "Parameter",
      "Id": "yuleijiaodu1",
      "Segments": [
        0,
        0,
        0,
        1,
        -0.3,
        0,
        2.867,
        0.873,
        0,
        6,
        0
      ]
    },
    {
      "Target": "Parameter",
      "Id": "yuleijiaodu2",
      "Segments": [
        0,
        0,
        0,
        1.133,
        -0.3,
        0,
        3,
        0.873,
        0,
        6,
        0
      ]
    },
    {
      "Target": "Parameter",
      "Id": "yuleijiaodu3",
      "Segments": [
        0,
        0,
        0,
        1.267,
        -0.3,
        0,
        3.133,
        0.873,
        0,
        6,
        0
      ]
    },
    {
      "Target": "Parameter",
      "Id": "yuleijiaodu4",
      "Segments": [
        0,
        0,
        0,
        1.4,
        -0.3,
        0,
        3.267,
        0.873,
        0,
        6,
        0
      ]
    },
    {
      "Target": "Parameter",
      "Id": "yuleijiaodu5",
      "Segments": [
        0,
        0,
        0,
        1.533,
        -0.3,
        0,
        3.4,
        0.873,
        0,
        6,
        0
      ]
    },
    {
      "Target": "Parameter",
      "Id": "jianzhuanjiaodu",
      "Segments": [
        0,
        0,
        2,
        0.133,
        0,
        0,
        0.6,
        0.037,
        0,
        1.4,
        -0.031,
        0,
        2.267,
        0.021,
        0,
        2.667,
        -0.001,
        0,
        3.267,
        0.045,
        0,
        3.867,
        0.025,
        0,
        4.333,
        0.055,
        0,
        5,
        -0.007,
        0,
        5.333,
        0,
        2,
        6,
        0
      ]
    },
    {
      "Target": "Parameter",
      "Id": "jianzhuanshangxia",
      "Segments": [
        0,
        0,
        0,
        0.867,
        -0.4,
        0,
        2.667,
        1,
        0,
        4.5,
        -0.7,
        0,
        6,
        0
      ]
    },
    {
      "Target": "Parameter",
      "Id": "jianzhuangqumian",
      "Segments": [
        0,
        0,
        0,
        1.467,
        1,
        0,
        3.7,
        -0.164,
        0,
        6,
        0
      ]
    },
    {
      "Target": "Parameter",
      "Id": "shoudongwuli",
      "Segments": [
        0,
        0,
        0,
        0.5,
        1,
        2,
        5.333,
        1,
        0,
        6,
        0
      ]
    },
    {
      "Target": "Parameter",
      "Id": "mwzy",
      "Segments": [
        0,
        0,
        2,
        0.467,
        0,
        0,
        1.533,
        1,
        0,
        2.7,
        0,
        0,
        3.767,
        1,
        0,
        5.067,
        0,
        2,
        6,
        0
      ]
    },
    {
      "Target": "Parameter",
      "Id": "mwbx",
      "Segments": [
        0,
        0,
        0,
        0.933,
        -1,
        0,
        2,
        1,
        0,
        3.3,
        -1,
        0,
        4.233,
        1,
        0,
        5.3,
        -1,
        0,
        6,
        0
      ]
    },
    {
      "Target": "Parameter",
      "Id": "youtuoxietuer",
      "Segments": [
        0,
        0,
        0,
        0.567,
        -0.628,
        0,
        1.4,
        0.472,
        0,
        1.967,
        -0.528,
        0,
        2.567,
        0.472,
        0,
        3.267,
        -0.628,
        0,
        3.867,
        0.472,
        0,
        4.633,
        -0.528,
        0,
        5.467,
        0.472,
        0,
        6,
        0
      ]
    },
    {
      "Target": "Parameter",
      "Id": "zuotuoxietuer",
      "Segments": [
        0,
        0,
        0,
        0.567,
        -0.528,
        0,
        1.4,
        0.372,
        0,
        1.967,
        -0.428,
        0,
        2.567,
        0.472,
        0,
        3.267,
        -0.528,
        0,
        3.867,
        0.472,
        0,
        4.633,
        -0.728,
        0,
        5.467,
        0.572,
        0,
        6,
        0
      ]
    },
    {
      "Target": "Parameter",
      "Id": "sdztryb",
      "Segments": [
        0,
        0,
        0,
        1.167,
        0.4,
        0,
        2.3,
        -1,
        0,
        2.967,
        0.5,
        0,
        3.867,
        -0.571,
        0,
        4.633,
        0.8,
        0,
        5.2,
        -0.5,
        0,
        6,
        0
      ]
    },
    {
      "Target": "Parameter",
      "Id": "sdzebx",
      "Segments": [
        0,
        0,
        0,
        0.567,
        -0.787,
        0,
        1.433,
        0.6,
        1,
        1.622,
        0.6,
        1.811,
        0.626,
        2,
        0.4,
        1,
        2.189,
        0.174,
        2.378,
        -0.7,
        2.567,
        -0.7,
        0,
        3.467,
        -0.005,
        0,
        4.367,
        -0.766,
        0,
        5.5,
        0.2,
        0,
        6,
        0
      ]
    },
    {
      "Target": "Parameter",
      "Id": "sdyeyb",
      "Segments": [
        0,
        0,
        0,
        1.167,
        0.5,
        0,
        2.3,
        -1,
        0,
        2.9,
        0.6,
        0,
        4.033,
        -0.4,
        0,
        4.733,
        0.7,
        0,
        5.2,
        -0.5,
        0,
        6,
        0
      ]
    },
    {
      "Target": "Parameter",
      "Id": "sdyebx",
      "Segments": [
        0,
        0,
        0,
        0.567,
        -0.5,
        0,
        1.433,
        0.5,
        1,
        1.622,
        0.5,
        1.811,
        0.525,
        2,
        0.4,
        1,
        2.2,
        0.267,
        2.4,
        -0.8,
        2.6,
        -0.8,
        0,
        3.5,
        0,
        0,
        4.3,
        -0.5,
        0,
        5.5,
        0.2,
        0,
        6,
        0
      ]
    },
    {
      "Target": "Parameter",
      "Id": "sdjzjd",
      "Segments": [
        0,
        0,
        0,
        1.067,
        0.3,
        0,
        2.833,
        -0.3,
        0,
        4.7,
        0.2,
        0,
        6,
        0
      ]
    },
    {
      "Target": "Parameter",
      "Id": "zuotueryaobai",
      "Segments": [
        0,
        0,
        2,
        0.067,
        0,
        0,
        0.5,
        -0.187,
        0,
        1.4,
        0.067,
        0,
        2.267,
        -0.076,
        0,
        2.433,
        -0.066,
        0,
        2.967,
        -0.188,
        0,
        3.367,
        -0.108,
        0,
        3.7,
        -0.139,
        0,
        3.867,
        -0.13,
        0,
        4.133,
        -0.153,
        0,
        4.667,
        -0.021,
        0,
        5,
        -0.065,
        0,
        5.5,
        -0.002,
        0,
        5.7,
        -0.006,
        0,
        6,
        0.007
      ]
    },
    {
      "Target": "Parameter",
      "Id": "ztebx",
      "Segments": [
        0,
        0,
        2,
        0.067,
        0,
        0,
        0.5,
        -0.499,
        0,
        1.4,
        0.179,
        0,
        2.267,
        -0.203,
        0,
        2.433,
        -0.176,
        0,
        2.967,
        -0.501,
        0,
        3.367,
        -0.287,
        0,
        3.7,
        -0.372,
        0,
        3.867,
        -0.345,
        0,
        4.133,
        -0.408,
        0,
        4.667,
        -0.057,
        0,
        5,
        -0.172,
        0,
        5.5,
        -0.007,
        0,
        5.7,
        -0.017,
        0,
        6,
        0.017
      ]
    },
    {
      "Target": "Parameter",
      "Id": "youtueryaobai",
      "Segments": [
        0,
        0,
        2,
        0.067,
        0,
        0,
        0.5,
        -0.187,
        0,
        1.4,
        0.067,
        0,
        2.267,
        -0.076,
        0,
        2.433,
        -0.066,
        0,
        2.967,
        -0.188,
        0,
        3.367,
        -0.108,
        0,
        3.7,
        -0.139,
        0,
        3.867,
        -0.13,
        0,
        4.133,
        -0.153,
        0,
        4.667,
        -0.021,
        0,
        5,
        -0.065,
        0,
        5.5,
        -0.002,
        0,
        5.7,
        -0.006,
        0,
        6,
        0.007
      ]
    },
    {
      "Target": "Parameter",
      "Id": "ytebx",
      "Segments": [
        0,
        0,
        2,
        0.067,
        0,
        0,
        0.5,
        -0.499,
        0,
        1.4,
        0.179,
        0,
        2.267,
        -0.203,
        0,
        2.433,
        -0.176,
        0,
        2.967,
        -0.501,
        0,
        3.367,
        -0.287,
        0,
        3.7,
        -0.372,
        0,
        3.867,
        -0.345,
        0,
        4.133,
        -0.408,
        0,
        4.667,
        -0.057,
        0,
        5,
        -0.172,
        0,
        5.5,
        -0.007,
        0,
        5.7,
        -0.017,
        0,
        6,
        0.017
      ]
    },
    {
      "Target": "Parameter",
      "Id": "ParamHairFront",
      "Segments": [
        0,
        0,
        2,
        0.067,
        0,
        0,
        0.5,
        -0.312,
        0,
        1.4,
        0.112,
        0,
        2.267,
        -0.125,
        0,
        2.467,
        -0.094,
        0,
        2.967,
        -0.331,
        0,
        3.367,
        -0.171,
        0,
        3.7,
        -0.236,
        0,
        3.867,
        -0.219,
        0,
        4.133,
        -0.27,
        0,
        4.667,
        -0.02,
        0,
        5,
        -0.115,
        0,
        5.433,
        0,
        2,
        6,
        0
      ]
    },
    {
      "Target": "Parameter",
      "Id": "qianfashensuo",
      "Segments": [
        0,
        0,
        2,
        0.067,
        0,
        0,
        0.5,
        -0.187,
        0,
        1.4,
        0.067,
        0,
        2.267,
        -0.075,
        0,
        2.467,
        -0.056,
        0,
        2.967,
        -0.198,
        0,
        3.367,
        -0.103,
        0,
        3.7,
        -0.142,
        0,
        3.867,
        -0.131,
        0,
        4.133,
        -0.162,
        0,
        4.667,
        -0.012,
        0,
        5,
        -0.069,
        0,
        5.433,
        0,
        2,
        6,
        0
      ]
    },
    {
      "Target": "Parameter",
      "Id": "ParamHairSide",
      "Segments": [
        0,
        0,
        2,
        0.067,
        0,
        0,
        0.433,
        -0.519,
        0,
        1.367,
        0.217,
        0,
        2.267,
        -0.231,
        0,
        2.3,
        -0.23,
        0,
        2.967,
        -0.5,
        0,
        3.2,
        -0.424,
        0,
        3.4,
        -0.451,
        0,
        3.833,
        -0.413,
        0,
        4,
        -0.462,
        0,
        4.667,
        -0.191,
        0,
        4.8,
        -0.216,
        0,
        5.833,
        0,
        2,
        6,
        0
      ]
    },
    {
      "Target": "Parameter",
      "Id": "ParamHairBack",
      "Segments": [
        0,
        0,
        2,
        0.067,
        0,
        0,
        0.433,
        -0.415,
        0,
        1.367,
        0.173,
        0,
        2.267,
        -0.185,
        0,
        2.3,
        -0.184,
        0,
        2.967,
        -0.4,
        0,
        3.2,
        -0.34,
        0,
        3.4,
        -0.361,
        0,
        3.833,
        -0.33,
        0,
        4,
        -0.369,
        0,
        4.667,
        -0.153,
        0,
        4.8,
        -0.173,
        0,
        5.833,
        0,
        2,
        6,
        0
      ]
    },
    {
      "Target": "Parameter",
      "Id": "lingdangyaobai",
      "Segments": [
        0,
        0,
        2,
        0.1,
        0,
        0,
        0.4,
        -0.228,
        0,
        1.367,
        0.104,
        0,
        2.233,
        -0.101,
        0,
        2.333,
        -0.081,
        0,
        2.967,
        -0.262,
        0,
        3.133,
        -0.212,
        0,
        3.3,
        -0.226,
        0,
        3.833,
        -0.207,
        0,
        4,
        -0.258,
        0,
        4.633,
        -0.088,
        0,
        4.767,
        -0.117,
        0,
        5.7,
        0,
        2,
        6,
        0
      ]
    },
    {
      "Target": "Parameter",
      "Id": "zuoshuxiujiaodu",
      "Segments": [
        0,
        0,
        0,
        1.267,
        -0.589,
        0,
        2.6,
        0.564,
        0,
        3.9,
        -0.486,
        0,
        5.3,
        0.373,
        0,
        6,
        0
      ]
    },
    {
      "Target": "Parameter",
      "Id": "zuoshuxiuyaobai",
      "Segments": [
        0,
        0,
        0,
        0.7,
        0.484,
        0,
        2,
        -0.541,
        0,
        3.467,
        0.394,
        0,
        5.067,
        -0.427,
        0,
        6,
        0
      ]
    },
    {
      "Target": "Parameter",
      "Id": "youshuxiujiaodu",
      "Segments": [
        0,
        0,
        0,
        1.167,
        -0.622,
        0,
        2.5,
        0.671,
        0,
        3.8,
        -0.622,
        0,
        5.167,
        0.671,
        0,
        6,
        0
      ]
    },
    {
      "Target": "Parameter",
      "Id": "youshuxiudaiyaobai",
      "Segments": [
        0,
        0,
        0,
        0.6,
        0.698,
        0,
        1.8,
        -0.606,
        0,
        3.133,
        0.698,
        0,
        4.533,
        -0.606,
        0,
        6,
        0
      ]
    },
    {
      "Target": "Parameter",
      "Id": "zldbx",
      "Segments": [
        0,
        0,
        0,
        1,
        -0.5,
        0,
        2.967,
        0.5,
        0,
        4.8,
        -0.4,
        0,
        6,
        0
      ]
    },
    {
      "Target": "Parameter",
      "Id": "yldbx",
      "Segments": [
        0,
        0,
        0,
        0.5,
        -0.5,
        0,
        2.467,
        0.5,
        0,
        4.333,
        -0.5,
        0,
        6,
        0
      ]
    },
    {
      "Target": "Parameter",
      "Id": "youopdaibianxing",
      "Segments": [
        0,
        0,
        0,
        0.967,
        1,
        0,
        2.233,
        -1,
        0,
        4.2,
        0.772,
        0,
        5.6,
        -0.6,
        0,
        6,
        0
      ]
    },
    {
      "Target": "Parameter",
      "Id": "zxdyb",
      "Segments": [
        0,
        0,
        0,
        1.233,
        -1,
        0,
        2.9,
        1,
        0,
        4.7,
        -1,
        0,
        6,
        0
      ]
    },
    {
      "Target": "Parameter",
      "Id": "youxiongdaijiaodu",
      "Segments": [
        0,
        0,
        0,
        0.933,
        -1,
        0,
        2.033,
        1,
        0,
        3.1,
        -1,
        0,
        4.267,
        0.818,
        0,
        5.633,
        -0.728,
        0,
        6,
        0
      ]
    },
    {
      "Target": "Parameter",
      "Id": "yxdyb",
      "Segments": [
        0,
        0,
        0,
        0.467,
        0.7,
        0,
        1.467,
        -0.6,
        0,
        2.567,
        0.5,
        0,
        3.733,
        -0.5,
        0,
        4.967,
        0.404,
        0,
        6,
        0
      ]
    },
    {
      "Target": "Parameter",
      "Id": "ParamAngleX",
      "Segments": [
        0,
        0,
        2,
        0.567,
        0,
        2,
        1.367,
        0,
        2,
        2.167,
        0,
        0,
        2.9,
        -10,
        2,
        3.8,
        -10,
        0,
        4.567,
        0,
        2,
        6,
        0
      ]
    },
    {
      "Target": "Parameter",
      "Id": "ParamAngleY",
      "Segments": [
        0,
        0,
        0,
        0.567,
        -30,
        0,
        1.367,
        0,
        2,
        2.167,
        0,
        0,
        2.9,
        -30,
        2,
        3.8,
        -30,
        0,
        4.567,
        0,
        2,
        6,
        0
      ]
    },
    {
      "Target": "Parameter",
      "Id": "shouZ",
      "Segments": [
        0,
        0,
        0,
        0.367,
        -12,
        0,
        1.333,
        5,
        0,
        2.767,
        -13,
        1,
        3.267,
        -13,
        3.767,
        -12.908,
        4.267,
        -9.603,
        1,
        4.845,
        -5.784,
        5.422,
        0,
        6,
        0
      ]
    },
    {
      "Target": "Parameter",
      "Id": "ParamBodyAngleXX",
      "Segments": [
        0,
        0,
        0,
        1.2,
        0.3,
        0,
        2.833,
        -0.4,
        1,
        3.222,
        -0.4,
        3.611,
        -0.409,
        4,
        -0.337,
        1,
        4.356,
        -0.271,
        4.711,
        0.094,
        5.067,
        0.094,
        0,
        6,
        0
      ]
    },
    {
      "Target": "Parameter",
      "Id": "ParamBodyAngleZ",
      "Segments": [
        0,
        0,
        0,
        1.633,
        0.393,
        0,
        3.733,
        0,
        2,
        6,
        0
      ]
    },
    {
      "Target": "Parameter",
      "Id": "ParamBreath",
      "Segments": [
        0,
        0,
        0,
        1,
        1,
        0,
        3,
        0,
        0,
        4,
        1,
        0,
        6,
        0
      ]
    },
    {
      "Target": "Parameter",
      "Id": "yifuzuoyou",
      "Segments": [
        0,
        0,
        0,
        1.3,
        1,
        0,
        3,
        -1,
        0,
        4.8,
        1,
        0,
        6,
        0
      ]
    },
    {
      "Target": "Parameter",
      "Id": "yifubianxing",
      "Segments": [
        0,
        0,
        0,
        0.667,
        -30,
        0,
        2.067,
        30,
        0,
        3.767,
        -30,
        0,
        5.433,
        10,
        0,
        6,
        0
      ]
    },
    {
      "Target": "Parameter",
      "Id": "baozhaguodu",
      "Segments": [
        0,
        0,
        0,
        6,
        0
      ]
    },
    {
      "Target": "Parameter",
      "Id": "baimaotmd",
      "Segments": [
        0,
        0,
        0,
        6,
        0
      ]
    },
    {
      "Target": "Parameter",
      "Id": "baimaoshensuo",
      "Segments": [
        0,
        0,
        0,
        6,
        0
      ]
    },
    {
      "Target": "Parameter",
      "Id": "baimaojiya",
      "Segments": [
        0,
        0,
        0,
        6,
        0
      ]
    },
    {
      "Target": "Parameter",
      "Id": "maozuoyou",
      "Segments": [
        0,
        0,
        0,
        6,
        0
      ]
    },
    {
      "Target": "Parameter",
      "Id": "maoshangxia",
      "Segments": [
        0,
        0,
        0,
        6,
        0
      ]
    },
    {
      "Target": "Parameter",
      "Id": "maojiaodu",
      "Segments": [
        0,
        0,
        0,
        6,
        0
      ]
    },
    {
      "Target": "Parameter",
      "Id": "maoliandai",
      "Segments": [
        0,
        0,
        0,
        6,
        0
      ]
    },
    {
      "Target": "Parameter",
      "Id": "maoerduo",
      "Segments": [
        0,
        0,
        0,
        6,
        0
      ]
    },
    {
      "Target": "Parameter",
      "Id": "maozhayan",
      "Segments": [
        0,
        0,
        0,
        6,
        0
      ]
    },
    {
      "Target": "Parameter",
      "Id": "maogaoguang",
      "Segments": [
        0,
        0,
        0,
        6,
        0
      ]
    },
    {
      "Target": "Parameter",
      "Id": "maozui",
      "Segments": [
        0,
        0,
        0,
        6,
        0
      ]
    },
    {
      "Target": "Parameter",
      "Id": "maozuishetou",
      "Segments": [
        0,
        0,
        0,
        6,
        0
      ]
    },
    {
      "Target": "Parameter",
      "Id": "maohongyun",
      "Segments": [
        0,
        0,
        0,
        6,
        0
      ]
    },
    {
      "Target": "Parameter",
      "Id": "maozishensuo",
      "Segments": [
        0,
        0,
        0,
        6,
        0
      ]
    },
    {
      "Target": "Parameter",
      "Id": "maoshou",
      "Segments": [
        0,
        -1,
        0,
        6,
        -1
      ]
    },
    {
      "Target": "Parameter",
      "Id": "maoweibajiaodu",
      "Segments": [
        0,
        0,
        0,
        6,
        0
      ]
    },
    {
      "Target": "Parameter",
      "Id": "maoweibabianxing",
      "Segments": [
        0,
        0,
        0,
        6,
        0
      ]
    },
    {
      "Target": "Parameter",
      "Id": "maozuojiao",
      "Segments": [
        0,
        0,
        0,
        6,
        0
      ]
    },
    {
      "Target": "Parameter",
      "Id": "maoyoujiao",
      "Segments": [
        0,
        0,
        0,
        6,
        0
      ]
    },
    {
      "Target": "Parameter",
      "Id": "ParamEyeLSmile",
      "Segments": [
        0,
        0,
        0,
        6,
        0
      ]
    },
    {
      "Target": "Parameter",
      "Id": "ParamEyeRSmile",
      "Segments": [
        0,
        0,
        0,
        6,
        0
      ]
    },
    {
      "Target": "Parameter",
      "Id": "ParamBrowLX",
      "Segments": [
        0,
        0,
        0,
        6,
        0
      ]
    },
    {
      "Target": "Parameter",
      "Id": "ParamBrowRX",
      "Segments": [
        0,
        0,
        0,
        6,
        0
      ]
    },
    {
      "Target": "Parameter",
      "Id": "ParamBrowLAngle",
      "Segments": [
        0,
        0,
        0,
        6,
        0
      ]
    },
    {
      "Target": "Parameter",
      "Id": "ParamBrowRAngle",
      "Segments": [
        0,
        0,
        0,
        6,
        0
      ]
    },
    {
      "Target": "Parameter",
      "Id": "muyudaxiao",
      "Segments": [
        0,
        0,
        0,
        6,
        0
      ]
    },
    {
      "Target": "Parameter",
      "Id": "muyuqiehuan",
      "Segments": [
        0,
        0,
        0,
        6,
        0
      ]
    },
    {
      "Target": "Parameter",
      "Id": "gaoguangtoumingdu",
      "Segments": [
        0,
        0,
        0,
        6,
        0
      ]
    },
    {
      "Target": "Parameter",
      "Id": "ParamMouthOpenY",
      "Segments": [
        0,
        0,
        0,
        6,
        0
      ]
    },
    {
      "Target": "Parameter",
      "Id": "ParamCheek",
      "Segments": [
        0,
        0,
        0,
        6,
        0
      ]
    },
    {
      "Target": "Parameter",
      "Id": "yunbianxing",
      "Segments": [
        0,
        -1,
        0,
        6,
        -1
      ]
    },
    {
      "Target": "Parameter",
      "Id": "expyun1",
      "Segments": [
        0,
        0,
        0,
        6,
        0
      ]
    },
    {
      "Target": "Parameter",
      "Id": "yunjiaodu",
      "Segments": [
        0,
        0,
        0,
        6,
        0
      ]
    },
    {
      "Target": "Parameter",
      "Id": "shuijiaozzz",
      "Segments": [
        0,
        0,
        0,
        6,
        0
      ]
    },
    {
      "Target": "Parameter",
      "Id": "shuijiaozzztmd",
      "Segments": [
        0,
        0,
        0,
        6,
        0
      ]
    },
    {
      "Target": "Parameter",
      "Id": "shuijiaoyidong",
      "Segments": [
        0,
        0,
        0,
        6,
        0
      ]
    },
    {
      "Target": "Parameter",
      "Id": "dingjjj",
      "Segments": [
        0,
        0,
        0,
        6,
        0
      ]
    },
    {
      "Target": "Parameter",
      "Id": "youshoutui",
      "Segments": [
        0,
        0,
        0,
        6,
        0
      ]
    },
    {
      "Target": "Parameter",
      "Id": "youtuiqiehuan",
      "Segments": [
        0,
        1,
        0,
        6,
        1
      ]
    },
    {
      "Target": "Parameter",
      "Id": "zuoshoutui",
      "Segments": [
        0,
        0,
        0,
        6,
        0
      ]
    },
    {
      "Target": "Parameter",
      "Id": "zuotuiqiehuan",
      "Segments": [
        0,
        1,
        0,
        6,
        1
      ]
    },
    {
      "Target": "Parameter",
      "Id": "zuotuixuanzhuan",
      "Segments": [
        0,
        0,
        0,
        6,
        0
      ]
    },
    {
      "Target": "Parameter",
      "Id": "zuotuizuoyou",
      "Segments": [
        0,
        0,
        0,
        6,
        0
      ]
    },
    {
      "Target": "Parameter",
      "Id": "zuotuishangxia",
      "Segments": [
        0,
        0,
        0,
        6,
        0
      ]
    },
    {
      "Target": "Parameter",
      "Id": "zuotuidaxiao",
      "Segments": [
        0,
        0,
        0,
        6,
        0
      ]
    },
    {
      "Target": "Parameter",
      "Id": "youtuixuanzhuan",
      "Segments": [
        0,
        0,
        0,
        6,
        0
      ]
    },
    {
      "Target": "Parameter",
      "Id": "youtuizuoyou",
      "Segments": [
        0,
        0,
        0,
        6,
        0
      ]
    },
    {
      "Target": "Parameter",
      "Id": "youtuishangxia",
      "Segments": [
        0,
        0,
        0,
        6,
        0
      ]
    },
    {
      "Target": "Parameter",
      "Id": "youtuidaxiao",
      "Segments": [
        0,
        0,
        0,
        6,
        0
      ]
    },
    {
      "Target": "Parameter",
      "Id": "zuoxiaotuixuanzhuan",
      "Segments": [
        0,
        0,
        0,
        6,
        0
      ]
    },
    {
      "Target": "Parameter",
      "Id": "zuojiaoxuanzhuan",
      "Segments": [
        0,
        0,
        0,
        6,
        0
      ]
    },
    {
      "Target": "Parameter",
      "Id": "youjiaoxuanzhuan",
      "Segments": [
        0,
        0,
        0,
        6,
        0
      ]
    },
    {
      "Target": "Parameter",
      "Id": "zuobishensuo",
      "Segments": [
        0,
        0,
        0,
        6,
        0
      ]
    },
    {
      "Target": "Parameter",
      "Id": "youbishensuo",
      "Segments": [
        0,
        0,
        0,
        6,
        0
      ]
    },
    {
      "Target": "Parameter",
      "Id": "youbijiya",
      "Segments": [
        0,
        0,
        0,
        6,
        0
      ]
    },
    {
      "Target": "Parameter",
      "Id": "youxiabixuanzhuan",
      "Segments": [
        0,
        0,
        0,
        6,
        0
      ]
    },
    {
      "Target": "Parameter",
      "Id": "youxiabishensuo",
      "Segments": [
        0,
        0,
        0,
        6,
        0
      ]
    },
    {
      "Target": "Parameter",
      "Id": "yssztmd",
      "Segments": [
        0,
        0,
        0,
        6,
        0
      ]
    },
    {
      "Target": "Parameter",
      "Id": "yousizi",
      "Segments": [
        0,
        -1,
        0,
        6,
        -1
      ]
    },
    {
      "Target": "Parameter",
      "Id": "paotaichanrao",
      "Segments": [
        0,
        4,
        0,
        6,
        4
      ]
    },
    {
      "Target": "Parameter",
      "Id": "paodishenchu",
      "Segments": [
        0,
        1,
        0,
        6,
        1
      ]
    },
    {
      "Target": "Parameter",
      "Id": "yuleichangrao",
      "Segments": [
        0,
        6,
        0,
        6,
        6
      ]
    },
    {
      "Target": "Parameter",
      "Id": "paotaishensuo",
      "Segments": [
        0,
        0,
        0,
        6,
        0
      ]
    },
    {
      "Target": "Parameter",
      "Id": "yuleiweiyi1",
      "Segments": [
        0,
        0,
        0,
        6,
        0
      ]
    },
    {
      "Target": "Parameter",
      "Id": "yuleiweiyi2",
      "Segments": [
        0,
        0,
        0,
        6,
        0
      ]
    },
    {
      "Target": "Parameter",
      "Id": "yuleiweiyi3",
      "Segments": [
        0,
        0,
        0,
        6,
        0
      ]
    },
    {
      "Target": "Parameter",
      "Id": "yuleiweiyi5",
      "Segments": [
        0,
        0,
        0,
        6,
        0
      ]
    },
    {
      "Target": "Parameter",
      "Id": "yuleiweiyi4",
      "Segments": [
        0,
        0,
        0,
        6,
        0
      ]
    },
    {
      "Target": "Parameter",
      "Id": "liuhaiyaobai",
      "Segments": [
        0,
        0,
        0,
        6,
        0
      ]
    },
    {
      "Target": "Parameter",
      "Id": "zuocefatuceng",
      "Segments": [
        0,
        0,
        0,
        6,
        0
      ]
    },
    {
      "Target": "Parameter",
      "Id": "ParamBodyAngleY",
      "Segments": [
        0,
        0,
        0,
        6,
        0
      ]
    },
    {
      "Target": "Parameter",
      "Id": "jblsbx",
      "Segments": [
        0,
        0.5,
        0,
        6,
        0.5
      ]
    },
    {
      "Target": "Parameter",
      "Id": "slszy",
      "Segments": [
        0,
        -1.24,
        0,
        6,
        -1.24
      ]
    },
    {
      "Target": "Parameter",
      "Id": "szlssx",
      "Segments": [
        0,
        0,
        0,
        6,
        0
      ]
    },
    {
      "Target": "Parameter",
      "Id": "slsjd",
      "Segments": [
        0,
        0,
        0,
        6,
        0
      ]
    },
    {
      "Target": "Parameter",
      "Id": "szlsbx",
      "Segments": [
        0,
        0,
        0,
        6,
        0
      ]
    },
    {
      "Target": "Parameter",
      "Id": "szlstc",
      "Segments": [
        0,
        0,
        0,
        6,
        0
      ]
    },
    {
      "Target": "Parameter",
      "Id": "yifuxingtai",
      "Segments": [
        0,
        0,
        0,
        6,
        0
      ]
    },
    {
      "Target": "Parameter",
      "Id": "yifuyaobai",
      "Segments": [
        0,
        0,
        0,
        6,
        0
      ]
    },
    {
      "Target": "Parameter",
      "Id": "xiashujiaodu",
      "Segments": [
        0,
        0,
        0,
        6,
        0
      ]
    },
    {
      "Target": "Parameter",
      "Id": "shentishangxia",
      "Segments": [
        0,
        0,
        0,
        6,
        0
      ]
    },
    {
      "Target": "Parameter",
      "Id": "shentidaxiao",
      "Segments": [
        0,
        0,
        0,
        6,
        0
      ]
    },
    {
      "Target": "Parameter",
      "Id": "shangshenshangxia",
      "Segments": [
        0,
        0,
        0,
        6,
        0
      ]
    },
    {
      "Target": "Parameter",
      "Id": "shangshenjiaodu",
      "Segments": [
        0,
        0,
        0,
        6,
        0
      ]
    }
  ],
  "UserData": [
    {
      "Time": 5.5,
      "Value": ""
    }
  ]
}