{
  "Version": 3,
  "Meta": {
    "Duration": 11.0,
    "Fps": 30.0,
    "Loop": true,
    "CurveCount": 170,
    "TotalSegmentCount": 902,
    "TotalPointCount": 1158,
    "UserDataCount": 1,
    "TotalUserDataSize": 0
  },
  "Curves": [
    {
      "Target": "Parameter",
      "Id": "zhuweibabianxing",
      "Segments": [
        0,
        0,
        0,
        1.567,
        -1,
        0,
        3.633,
        0.629,
        1,
        3.755,
        0.629,
        3.878,
        0.159,
        4,
        0,
        1,
        4.578,
        -0.754,
        5.155,
        -1,
        5.733,
        -1,
        0,
        8.167,
        0.629,
        0,
        9.867,
        -1,
        0,
        11,
        0
      ]
    },
    {
      "Target": "Parameter",
      "Id": "zhupigushangxia",
      "Segments": [
        0,
        0,
        0,
        0.733,
        1,
        1,
        0.989,
        1,
        1.244,
        0.681,
        1.5,
        0,
        1,
        1.744,
        -0.652,
        1.989,
        -1,
        2.233,
        -1,
        1,
        2.489,
        -1,
        2.744,
        -0.681,
        3,
        0,
        1,
        3.244,
        0.652,
        3.489,
        1,
        3.733,
        1,
        0,
        4,
        0,
        0,
        4.8,
        1,
        1,
        5.078,
        1,
        5.355,
        0.64,
        5.633,
        0,
        1,
        5.933,
        -0.691,
        6.233,
        -1,
        6.533,
        -1,
        1,
        6.833,
        -1,
        7.133,
        -0.667,
        7.433,
        0,
        1,
        7.733,
        0.667,
        8.033,
        1,
        8.333,
        1,
        1,
        8.611,
        1,
        8.889,
        0.64,
        9.167,
        0,
        1,
        9.467,
        -0.691,
        9.767,
        -1,
        10.067,
        -1,
        0,
        11,
        0
      ]
    },
    {
      "Target": "Parameter",
      "Id": "zhupiguzuoyou",
      "Segments": [
        0,
        -1,
        1,
        0.244,
        -1,
        0.489,
        -0.652,
        0.733,
        0,
        1,
        0.989,
        0.681,
        1.244,
        1,
        1.5,
        1,
        1,
        1.744,
        1,
        1.989,
        0.652,
        2.233,
        0,
        1,
        2.489,
        -0.681,
        2.744,
        -1,
        3,
        -1,
        0,
        3.733,
        0,
        0,
        4,
        -1,
        1,
        4.267,
        -1,
        4.533,
        -0.653,
        4.8,
        0,
        1,
        5.078,
        0.68,
        5.355,
        1,
        5.633,
        1,
        1,
        5.933,
        1,
        6.233,
        0.667,
        6.533,
        0,
        1,
        6.833,
        -0.667,
        7.133,
        -1,
        7.433,
        -1,
        1,
        7.733,
        -1,
        8.033,
        -0.691,
        8.333,
        0,
        1,
        8.611,
        0.64,
        8.889,
        1,
        9.167,
        1,
        1,
        9.467,
        1,
        9.767,
        0.654,
        10.067,
        0,
        1,
        10.378,
        -0.679,
        10.689,
        -1,
        11,
        -1
      ]
    },
    {
      "Target": "Parameter",
      "Id": "shubianhua",
      "Segments": [
        0,
        0,
        0,
        1,
        5,
        0,
        2,
        0,
        0,
        3,
        5,
        0,
        4,
        0,
        0,
        5.1,
        5,
        0,
        6.267,
        0,
        0,
        7.433,
        5,
        0,
        8.633,
        0,
        0,
        9.8,
        5,
        0,
        11,
        0
      ]
    },
    {
      "Target": "Parameter",
      "Id": "shumujiaodu",
      "Segments": [
        0,
        0,
        2,
        4,
        0,
        0,
        8.633,
        -0.056,
        0,
        11,
        0
      ]
    },
    {
      "Target": "Parameter",
      "Id": "sz1dyb",
      "Segments": [
        0,
        0,
        0,
        2.5,
        0.707,
        0,
        4,
        0,
        0,
        6.9,
        0.707,
        0,
        11,
        0
      ]
    },
    {
      "Target": "Parameter",
      "Id": "sz2dyb",
      "Segments": [
        0,
        0,
        0,
        2.067,
        -0.6,
        0,
        4,
        0,
        0,
        6.333,
        -0.6,
        0,
        11,
        0
      ]
    },
    {
      "Target": "Parameter",
      "Id": "sz3dyb",
      "Segments": [
        0,
        0,
        0,
        2.8,
        -0.5,
        0,
        4,
        0,
        0,
        7.2,
        -0.5,
        0,
        11,
        0
      ]
    },
    {
      "Target": "Parameter",
      "Id": "ParamEyeLOpen",
      "Segments": [
        0,
        1,
        0,
        0.9,
        0.7,
        0,
        1.3,
        0.9,
        0,
        2.7,
        0.5,
        0,
        3.233,
        0.8,
        0,
        6.067,
        0,
        2,
        9.333,
        0,
        2,
        9.533,
        0,
        0,
        9.833,
        1,
        2,
        11,
        1
      ]
    },
    {
      "Target": "Parameter",
      "Id": "ParamEyeROpen",
      "Segments": [
        0,
        1,
        0,
        0.9,
        0.7,
        0,
        1.3,
        0.9,
        0,
        2.7,
        0.5,
        0,
        3.233,
        0.8,
        0,
        6.067,
        0,
        2,
        9.333,
        0,
        2,
        9.533,
        0,
        0,
        9.833,
        1,
        2,
        11,
        1
      ]
    },
    {
      "Target": "Parameter",
      "Id": "gaoguangdonghua",
      "Segments": [
        0,
        0,
        0,
        0.6,
        1,
        0,
        1.567,
        0,
        0,
        3,
        1,
        0,
        4.233,
        0,
        0,
        5.267,
        1,
        0,
        7.033,
        0,
        2,
        9.567,
        0,
        0,
        9.867,
        1,
        0,
        10.133,
        0,
        0,
        10.4,
        0.8,
        0,
        10.533,
        0,
        0,
        10.7,
        0.6,
        0,
        11,
        0
      ]
    },
    {
      "Target": "Parameter",
      "Id": "tongkongdaxiao",
      "Segments": [
        0,
        0,
        0,
        0.8,
        0.9,
        0,
        2.1,
        -0.3,
        1,
        2.456,
        -0.3,
        2.811,
        0.162,
        3.167,
        0.3,
        1,
        4.567,
        0.844,
        5.967,
        1,
        7.367,
        1,
        2,
        9.433,
        1,
        0,
        10,
        -1,
        0,
        10.467,
        0.4,
        0,
        11,
        0
      ]
    },
    {
      "Target": "Parameter",
      "Id": "ParamBrowLY",
      "Segments": [
        0,
        0,
        0,
        0.9,
        -0.4,
        0,
        1.3,
        -0.2,
        0,
        2.7,
        -0.5,
        0,
        3.233,
        -0.3,
        0,
        6.067,
        -1,
        2,
        9.533,
        -1,
        0,
        9.833,
        0.3,
        0,
        10.033,
        0,
        2,
        11,
        0
      ]
    },
    {
      "Target": "Parameter",
      "Id": "ParamBrowRY",
      "Segments": [
        0,
        0,
        0,
        0.9,
        -0.4,
        0,
        1.3,
        -0.2,
        0,
        2.7,
        -0.5,
        0,
        3.233,
        -0.3,
        0,
        6.067,
        -1,
        2,
        9.533,
        -1,
        0,
        9.833,
        0.3,
        0,
        10.033,
        0,
        2,
        11,
        0
      ]
    },
    {
      "Target": "Parameter",
      "Id": "ParamBrowLForm",
      "Segments": [
        0,
        0,
        1,
        1.4,
        0,
        2.8,
        -0.167,
        4.2,
        -0.3,
        1,
        5.978,
        -0.469,
        7.755,
        -0.5,
        9.533,
        -0.5,
        0,
        10.033,
        0.2,
        0,
        11,
        0
      ]
    },
    {
      "Target": "Parameter",
      "Id": "ParamBrowRForm",
      "Segments": [
        0,
        0,
        1,
        1.4,
        0,
        2.8,
        -0.084,
        4.2,
        -0.2,
        1,
        5.978,
        -0.347,
        7.755,
        -0.4,
        9.533,
        -0.4,
        0,
        10.033,
        0.2,
        0,
        11,
        0
      ]
    },
    {
      "Target": "Parameter",
      "Id": "ParamEyeBallX",
      "Segments": [
        0,
        0,
        0,
        1.8,
        -0.1,
        2,
        2.4,
        -0.1,
        0,
        3.5,
        0.4,
        1,
        4.022,
        0.4,
        4.545,
        -0.336,
        5.067,
        -0.5,
        1,
        6.422,
        -0.927,
        7.778,
        -1,
        9.133,
        -1,
        1,
        9.411,
        -1,
        9.689,
        -0.952,
        9.967,
        -0.6,
        1,
        10.078,
        -0.459,
        10.189,
        0.459,
        10.3,
        0.459,
        0,
        11,
        0
      ]
    },
    {
      "Target": "Parameter",
      "Id": "ParamEyeBallY",
      "Segments": [
        0,
        0,
        0,
        2.4,
        -0.972,
        0,
        3.5,
        -0.847,
        1,
        4.022,
        -0.847,
        4.545,
        -0.849,
        5.067,
        -0.864,
        1,
        6.422,
        -0.902,
        7.778,
        -0.969,
        9.133,
        -0.997,
        1,
        9.411,
        -1.003,
        9.689,
        -1,
        9.967,
        -1,
        1,
        10.056,
        -1,
        10.144,
        -0.999,
        10.233,
        -0.99,
        1,
        10.289,
        -0.984,
        10.344,
        -0.998,
        10.4,
        -0.949,
        1,
        10.6,
        -0.775,
        10.8,
        0,
        11,
        0
      ]
    },
    {
      "Target": "Parameter",
      "Id": "muyudaxiao",
      "Segments": [
        0,
        0,
        0,
        0.933,
        0.2,
        0,
        1.567,
        0,
        0,
        2.967,
        0.4,
        0,
        3.967,
        0,
        0,
        9.533,
        1,
        0,
        9.967,
        -0.4,
        0,
        11,
        0
      ]
    },
    {
      "Target": "Parameter",
      "Id": "gaoguangtoumingdu",
      "Segments": [
        0,
        0,
        0,
        0.933,
        0.3,
        0,
        1.667,
        0.1,
        0,
        3.1,
        0.4,
        0,
        5.133,
        0,
        0,
        9.433,
        1,
        0,
        10.033,
        0,
        2,
        11,
        0
      ]
    },
    {
      "Target": "Parameter",
      "Id": "liuhaigaoguang",
      "Segments": [
        0,
        0,
        0,
        1.133,
        -1,
        0,
        3.867,
        0.217,
        0,
        7.333,
        -1,
        0,
        9.267,
        1,
        0,
        9.8,
        -1,
        0,
        10.333,
        0.622,
        0,
        11,
        0
      ]
    },
    {
      "Target": "Parameter",
      "Id": "ParamMouthForm",
      "Segments": [
        0,
        0,
        0,
        1.2,
        -0.4,
        0,
        2.133,
        0,
        2,
        4,
        0,
        0,
        5.2,
        -0.4,
        0,
        6.133,
        0,
        0,
        8.667,
        -0.3,
        0,
        11,
        0
      ]
    },
    {
      "Target": "Parameter",
      "Id": "shuijiaozzz",
      "Segments": [
        0,
        0,
        2,
        4,
        0,
        2,
        6.1,
        0,
        0,
        9.333,
        2,
        0,
        9.833,
        0,
        2,
        11,
        0
      ]
    },
    {
      "Target": "Parameter",
      "Id": "shuijiaozzztmd",
      "Segments": [
        0,
        0,
        2,
        4,
        0,
        2,
        6.233,
        0,
        0,
        6.933,
        1,
        2,
        8.8,
        1,
        0,
        9.333,
        0,
        2,
        11,
        0
      ]
    },
    {
      "Target": "Parameter",
      "Id": "shuijiaoyidong",
      "Segments": [
        0,
        0,
        2,
        4,
        0,
        1,
        4.7,
        0,
        5.4,
        -0.094,
        6.1,
        -0.294,
        1,
        6.378,
        -0.373,
        6.655,
        -0.522,
        6.933,
        -0.544,
        1,
        7.555,
        -0.594,
        8.178,
        -0.6,
        8.8,
        -0.6,
        0,
        11,
        0
      ]
    },
    {
      "Target": "Parameter",
      "Id": "zuoxiaotuishensuo",
      "Segments": [
        0,
        0,
        0,
        0.367,
        -1,
        1,
        0.556,
        -1,
        0.744,
        -0.183,
        0.933,
        0.3,
        1,
        1.178,
        0.926,
        1.422,
        1,
        1.667,
        1,
        1,
        2.078,
        1,
        2.489,
        0.631,
        2.9,
        0.315,
        1,
        3.267,
        0.033,
        3.633,
        0,
        4,
        0,
        2,
        9.333,
        0,
        0,
        9.8,
        -1,
        0,
        10.4,
        0.9,
        0,
        11,
        0
      ]
    },
    {
      "Target": "Parameter",
      "Id": "zuobaijiao",
      "Segments": [
        0,
        -0.7,
        0,
        0.8,
        -1,
        1,
        0.989,
        -1,
        1.178,
        -1.057,
        1.367,
        -0.7,
        1,
        1.689,
        -0.09,
        2.011,
        1,
        2.333,
        1,
        1,
        2.522,
        1,
        2.711,
        0.167,
        2.9,
        0,
        1,
        3.267,
        -0.323,
        3.633,
        -0.692,
        4,
        -0.7,
        1,
        5.778,
        -0.74,
        7.555,
        -0.762,
        9.333,
        -0.8,
        1,
        9.566,
        -0.805,
        9.8,
        -1,
        10.033,
        -1,
        0,
        11,
        -0.7
      ]
    },
    {
      "Target": "Parameter",
      "Id": "youxiaotuixuanzhuan",
      "Segments": [
        0,
        0,
        0,
        0.4,
        -0.078,
        0,
        2.533,
        0.026,
        0,
        4,
        0,
        2,
        9.4,
        0,
        0,
        9.767,
        -0.116,
        0,
        11,
        0
      ]
    },
    {
      "Target": "Parameter",
      "Id": "youxiaotuishensuo",
      "Segments": [
        0,
        0,
        0,
        0.733,
        -1,
        1,
        0.922,
        -1,
        1.111,
        -0.183,
        1.3,
        0.3,
        1,
        1.544,
        0.926,
        1.789,
        1,
        2.033,
        1,
        1,
        2.444,
        1,
        2.856,
        0.817,
        3.267,
        0.4,
        1,
        3.511,
        0.152,
        3.756,
        0,
        4,
        0,
        2,
        9.333,
        0,
        0,
        9.7,
        -1,
        0,
        10.4,
        1,
        0,
        11,
        0
      ]
    },
    {
      "Target": "Parameter",
      "Id": "youbaijiao",
      "Segments": [
        0,
        -0.7,
        0,
        1.167,
        -1,
        1,
        1.345,
        -1,
        1.522,
        -1.073,
        1.7,
        -0.8,
        1,
        2.011,
        -0.322,
        2.322,
        1,
        2.633,
        1,
        1,
        2.844,
        1,
        3.056,
        0.493,
        3.267,
        0,
        1,
        3.511,
        -0.571,
        3.756,
        -0.7,
        4,
        -0.7,
        2,
        9.333,
        -0.7,
        0,
        10,
        -1,
        0,
        11,
        -0.7
      ]
    },
    {
      "Target": "Parameter",
      "Id": "zuoshouxuanzhuan",
      "Segments": [
        0,
        0,
        2,
        4,
        0,
        0,
        5.067,
        -0.184,
        1,
        6.178,
        -0.184,
        7.289,
        -0.169,
        8.4,
        -0.104,
        1,
        9.267,
        -0.054,
        10.133,
        0,
        11,
        0
      ]
    },
    {
      "Target": "Parameter",
      "Id": "zuozishousuo",
      "Segments": [
        0,
        0,
        2,
        4,
        0,
        0,
        5.067,
        0.454,
        0,
        11,
        0
      ]
    },
    {
      "Target": "Parameter",
      "Id": "shangzimianx",
      "Segments": [
        0,
        0,
        0,
        3.1,
        -0.472,
        0,
        4,
        0,
        0,
        7.1,
        -0.472,
        0,
        11,
        0
      ]
    },
    {
      "Target": "Parameter",
      "Id": "youshoufanzhuan",
      "Segments": [
        0,
        0,
        2,
        4,
        0,
        0,
        4.967,
        0.087,
        0,
        8.767,
        0,
        2,
        11,
        0
      ]
    },
    {
      "Target": "Parameter",
      "Id": "paotaijiaodu",
      "Segments": [
        0,
        0,
        0,
        2.033,
        -0.489,
        1,
        2.689,
        -0.489,
        3.344,
        -0.352,
        4,
        0,
        1,
        4.289,
        0.155,
        4.578,
        0.285,
        4.867,
        0.285,
        0,
        5.967,
        -0.116,
        0,
        7.533,
        0.174,
        1,
        8.1,
        0.174,
        8.666,
        0.129,
        9.233,
        -0.048,
        1,
        9.366,
        -0.09,
        9.5,
        -0.434,
        9.633,
        -0.434,
        0,
        11,
        0
      ]
    },
    {
      "Target": "Parameter",
      "Id": "paoguangxuanzhuang",
      "Segments": [
        0,
        0,
        0,
        2.833,
        -1,
        0,
        4,
        0,
        0,
        4.533,
        -0.136,
        0,
        5.4,
        0.142,
        2,
        6.3,
        0.142,
        0,
        7.833,
        -0.23,
        0,
        9.633,
        0.027,
        0,
        9.833,
        -0.184,
        0,
        11,
        0
      ]
    },
    {
      "Target": "Parameter",
      "Id": "paotaixuanzhuang",
      "Segments": [
        0,
        0,
        0,
        0.5,
        0.008,
        0,
        0.933,
        -0.003,
        0,
        1.4,
        0.038,
        0,
        2,
        -0.038,
        0,
        2.567,
        0.012,
        0,
        3.033,
        0.001,
        0,
        3.633,
        0.052,
        0,
        4,
        0,
        0,
        5.5,
        0.364,
        0,
        7.2,
        -0.223,
        0,
        8.767,
        0.174,
        1,
        8.945,
        0.174,
        9.122,
        0.172,
        9.3,
        0.1,
        1,
        9.389,
        0.064,
        9.478,
        -0.469,
        9.567,
        -0.469,
        0,
        11,
        0
      ]
    },
    {
      "Target": "Parameter",
      "Id": "yuleijiaodu1",
      "Segments": [
        0,
        0,
        0,
        0.5,
        -0.004,
        0,
        0.933,
        0.001,
        0,
        1.4,
        -0.019,
        0,
        2,
        0.019,
        0,
        2.567,
        -0.006,
        0,
        3.033,
        -0.001,
        0,
        3.633,
        -0.026,
        0,
        4,
        0,
        0,
        5,
        -0.137,
        0,
        6.867,
        0.249,
        0,
        9.233,
        0,
        0,
        9.567,
        0.137,
        0,
        11,
        0
      ]
    },
    {
      "Target": "Parameter",
      "Id": "yuleijiaodu2",
      "Segments": [
        0,
        0,
        0,
        0.5,
        -0.003,
        0,
        0.933,
        0.001,
        0,
        1.4,
        -0.015,
        0,
        2,
        0.015,
        0,
        2.567,
        -0.005,
        0,
        3.033,
        -0.001,
        0,
        3.633,
        -0.021,
        0,
        4,
        0,
        0,
        5.133,
        -0.137,
        0,
        7,
        0.249,
        0,
        9.233,
        0,
        0,
        9.6,
        0.3,
        0,
        11,
        0
      ]
    },
    {
      "Target": "Parameter",
      "Id": "yuleijiaodu3",
      "Segments": [
        0,
        0,
        0,
        0.5,
        -0.002,
        0,
        0.933,
        0.001,
        0,
        1.4,
        -0.011,
        0,
        2,
        0.011,
        0,
        2.567,
        -0.004,
        0,
        3.033,
        0,
        0,
        3.633,
        -0.016,
        0,
        4,
        0,
        0,
        5.267,
        -0.137,
        0,
        7.133,
        0.249,
        0,
        9.233,
        0,
        0,
        9.633,
        0.3,
        0,
        11,
        0
      ]
    },
    {
      "Target": "Parameter",
      "Id": "yuleijiaodu4",
      "Segments": [
        0,
        0,
        0,
        0.5,
        -0.002,
        0,
        0.933,
        0.001,
        0,
        1.4,
        -0.008,
        0,
        2,
        0.008,
        0,
        2.567,
        -0.002,
        0,
        3.033,
        0,
        0,
        3.633,
        -0.01,
        0,
        4,
        0,
        0,
        5.4,
        -0.137,
        0,
        7.267,
        0.249,
        0,
        9.233,
        0,
        0,
        9.667,
        0.3,
        0,
        11,
        0
      ]
    },
    {
      "Target": "Parameter",
      "Id": "yuleijiaodu5",
      "Segments": [
        0,
        0,
        0,
        0.5,
        -0.001,
        0,
        0.933,
        0,
        0,
        1.4,
        -0.004,
        0,
        2,
        0.004,
        0,
        2.567,
        -0.001,
        0,
        3.033,
        0,
        0,
        3.633,
        -0.005,
        0,
        4,
        0,
        0,
        5.533,
        -0.137,
        0,
        7.4,
        0.249,
        0,
        9.233,
        0.1,
        0,
        9.7,
        0.3,
        0,
        11,
        0
      ]
    },
    {
      "Target": "Parameter",
      "Id": "jianzhuanjiaodu",
      "Segments": [
        0,
        0,
        2,
        0.033,
        0,
        0,
        0.8,
        -0.007,
        0,
        1.333,
        0.023,
        0,
        2.033,
        -0.008,
        0,
        2.533,
        -0.001,
        0,
        3.133,
        -0.006,
        1,
        3.3,
        -0.006,
        3.466,
        -0.003,
        3.633,
        -0.001,
        1,
        3.755,
        0,
        3.878,
        0,
        4,
        0,
        2,
        4.033,
        0,
        0,
        5.933,
        -0.027,
        0,
        6.667,
        0.005,
        0,
        7.333,
        -0.002,
        0,
        9.5,
        0.057,
        0,
        11,
        0
      ]
    },
    {
      "Target": "Parameter",
      "Id": "jianzhuanshangxia",
      "Segments": [
        0,
        0,
        2,
        0.033,
        0,
        0,
        0.567,
        0.003,
        0,
        1.233,
        -0.016,
        0,
        2,
        0.013,
        0,
        2.5,
        0.01,
        0,
        3.067,
        0.013,
        0,
        3.8,
        -0.004,
        0,
        4,
        0,
        2,
        11,
        0
      ]
    },
    {
      "Target": "Parameter",
      "Id": "jianzhuangqumian",
      "Segments": [
        0,
        0,
        2,
        0.033,
        0,
        0,
        0.567,
        0.014,
        0,
        1.233,
        -0.063,
        0,
        2,
        0.052,
        0,
        2.5,
        0.039,
        0,
        3.067,
        0.053,
        0,
        3.8,
        -0.017,
        0,
        4,
        0,
        2,
        11,
        0
      ]
    },
    {
      "Target": "Parameter",
      "Id": "shoudongwuli",
      "Segments": [
        0,
        0,
        0,
        0.333,
        1,
        2,
        10.433,
        1,
        0,
        11,
        0
      ]
    },
    {
      "Target": "Parameter",
      "Id": "mwzy",
      "Segments": [
        0,
        0,
        2,
        0.833,
        0,
        0,
        2.567,
        0.37,
        0,
        4,
        0,
        2,
        11,
        0
      ]
    },
    {
      "Target": "Parameter",
      "Id": "mwbx",
      "Segments": [
        0,
        0,
        0,
        1.633,
        -0.41,
        0,
        3.367,
        0.339,
        0,
        4,
        0,
        2,
        11,
        0
      ]
    },
    {
      "Target": "Parameter",
      "Id": "youtuoxietuer",
      "Segments": [
        0,
        0,
        0,
        1.167,
        -0.628,
        0,
        2.467,
        0.472,
        0,
        3.7,
        -0.528,
        1,
        3.8,
        -0.528,
        3.9,
        -0.188,
        4,
        0,
        1,
        4.111,
        0.209,
        4.222,
        0.221,
        4.333,
        0.221,
        0,
        5.333,
        -0.188,
        1,
        5.522,
        -0.188,
        5.711,
        -0.18,
        5.9,
        -0.126,
        1,
        6.078,
        -0.075,
        6.255,
        0.054,
        6.433,
        0.102,
        1,
        6.789,
        0.196,
        7.144,
        0.221,
        7.5,
        0.221,
        0,
        8.467,
        -0.169,
        1,
        8.7,
        -0.169,
        8.934,
        -0.173,
        9.167,
        -0.085,
        1,
        9.445,
        0.02,
        9.722,
        0.221,
        10,
        0.221,
        0,
        11,
        0
      ]
    },
    {
      "Target": "Parameter",
      "Id": "zuotuoxietuer",
      "Segments": [
        0,
        0,
        0,
        1.167,
        -0.528,
        0,
        2.467,
        0.372,
        0,
        3.7,
        -0.428,
        1,
        3.8,
        -0.428,
        3.9,
        -0.178,
        4,
        0,
        1,
        4.111,
        0.197,
        4.222,
        0.221,
        4.333,
        0.221,
        0,
        5.333,
        -0.188,
        1,
        5.522,
        -0.188,
        5.711,
        -0.18,
        5.9,
        -0.126,
        1,
        6.078,
        -0.075,
        6.255,
        0.054,
        6.433,
        0.102,
        1,
        6.789,
        0.196,
        7.144,
        0.221,
        7.5,
        0.221,
        0,
        8.467,
        -0.169,
        1,
        8.7,
        -0.169,
        8.934,
        -0.173,
        9.167,
        -0.085,
        1,
        9.445,
        0.02,
        9.722,
        0.221,
        10,
        0.221,
        0,
        11,
        0
      ]
    },
    {
      "Target": "Parameter",
      "Id": "sdztryb",
      "Segments": [
        0,
        0,
        2,
        0.2,
        0,
        0,
        1.2,
        -0.66,
        0,
        2.2,
        0.142,
        0,
        3.2,
        -0.331,
        0,
        4.2,
        0.34,
        0,
        5.233,
        -0.114,
        0,
        6.233,
        0.142,
        0,
        7.267,
        -0.114,
        0,
        8.2,
        0,
        1,
        8.411,
        0,
        8.622,
        0,
        8.833,
        -0.007,
        1,
        8.955,
        -0.011,
        9.078,
        -0.116,
        9.2,
        -0.204,
        1,
        9.244,
        -0.236,
        9.289,
        -1,
        9.333,
        -1,
        0,
        9.633,
        1,
        0,
        10.133,
        -1,
        0,
        11,
        0
      ]
    },
    {
      "Target": "Parameter",
      "Id": "sdzebx",
      "Segments": [
        0,
        0,
        0,
        0.733,
        0.4,
        0,
        1.667,
        -0.347,
        0,
        2.733,
        0.177,
        0,
        3.667,
        -0.459,
        0,
        4.767,
        0.387,
        0,
        5.7,
        -0.188,
        0,
        6.8,
        0.177,
        0,
        7.733,
        -0.188,
        0,
        8.2,
        0,
        2,
        8.9,
        0,
        1,
        8.989,
        0,
        9.078,
        0.013,
        9.167,
        -0.08,
        1,
        9.256,
        -0.173,
        9.344,
        -0.638,
        9.433,
        -0.638,
        0,
        9.867,
        0.535,
        0,
        10.433,
        -0.3,
        0,
        11,
        0
      ]
    },
    {
      "Target": "Parameter",
      "Id": "sdyeyb",
      "Segments": [
        0,
        0,
        2,
        0.2,
        0,
        0,
        1.2,
        -0.512,
        0,
        2.2,
        0.142,
        0,
        3.2,
        -0.267,
        0,
        4.2,
        0.34,
        0,
        5.233,
        -0.078,
        0,
        6.233,
        0.142,
        0,
        7.267,
        -0.078,
        0,
        8.2,
        0,
        1,
        8.411,
        0,
        8.622,
        0,
        8.833,
        -0.007,
        1,
        8.955,
        -0.011,
        9.078,
        -0.116,
        9.2,
        -0.204,
        1,
        9.244,
        -0.236,
        9.289,
        -1,
        9.333,
        -1,
        0,
        9.633,
        1,
        0,
        10.133,
        -1,
        0,
        11,
        0
      ]
    },
    {
      "Target": "Parameter",
      "Id": "sdyebx",
      "Segments": [
        0,
        0,
        0,
        0.733,
        0.4,
        0,
        1.667,
        -0.292,
        0,
        2.733,
        0.177,
        0,
        3.667,
        -0.375,
        0,
        4.767,
        0.387,
        0,
        5.7,
        -0.151,
        0,
        6.8,
        0.177,
        0,
        7.733,
        -0.151,
        0,
        8.2,
        0,
        2,
        8.9,
        0,
        1,
        8.989,
        0,
        9.078,
        0.011,
        9.167,
        -0.08,
        1,
        9.256,
        -0.17,
        9.344,
        -0.534,
        9.433,
        -0.534,
        0,
        9.867,
        0.535,
        0,
        10.433,
        -0.3,
        0,
        11,
        0
      ]
    },
    {
      "Target": "Parameter",
      "Id": "sdjzjd",
      "Segments": [
        0,
        0,
        2,
        4,
        0,
        0,
        5.067,
        0.115,
        0,
        6.833,
        -0.09,
        0,
        9.3,
        0.081,
        0,
        9.733,
        -0.241,
        0,
        10.5,
        0.093,
        0,
        11,
        0
      ]
    },
    {
      "Target": "Parameter",
      "Id": "zuotueryaobai",
      "Segments": [
        0,
        0,
        2,
        0.033,
        0,
        0,
        0.3,
        0.006,
        0,
        0.933,
        -0.078,
        2,
        1.1,
        -0.078,
        2,
        1.133,
        -0.078,
        0,
        1.633,
        0.023,
        0,
        1.967,
        -0.006,
        0,
        2.433,
        0.025,
        0,
        2.667,
        0.023,
        0,
        3.133,
        0.036,
        1,
        3.2,
        0.036,
        3.266,
        0.038,
        3.333,
        0.034,
        1,
        3.555,
        0.022,
        3.778,
        0,
        4,
        0,
        2,
        4.033,
        0,
        0,
        4.833,
        0.025,
        0,
        5.233,
        -0.01,
        0,
        5.6,
        0.006,
        0,
        6,
        -0.003,
        0,
        6.333,
        0,
        0,
        6.8,
        -0.002,
        2,
        7.033,
        -0.002,
        0,
        9.367,
        -0.182,
        0,
        9.733,
        0.23,
        0,
        11,
        0
      ]
    },
    {
      "Target": "Parameter",
      "Id": "ztebx",
      "Segments": [
        0,
        0,
        2,
        0.033,
        0,
        0,
        0.3,
        0.015,
        0,
        0.933,
        -0.209,
        0,
        1.1,
        -0.207,
        2,
        1.133,
        -0.207,
        0,
        1.633,
        0.061,
        0,
        1.967,
        -0.016,
        0,
        2.433,
        0.067,
        0,
        2.667,
        0.06,
        0,
        3.133,
        0.097,
        1,
        3.2,
        0.097,
        3.266,
        0.101,
        3.333,
        0.091,
        1,
        3.555,
        0.058,
        3.778,
        0,
        4,
        0,
        2,
        4.033,
        0,
        0,
        4.833,
        0.067,
        0,
        5.233,
        -0.027,
        0,
        5.6,
        0.017,
        0,
        6,
        -0.007,
        0,
        6.333,
        0.001,
        0,
        6.8,
        -0.006,
        0,
        7.033,
        -0.005,
        0,
        9.367,
        -0.484,
        0,
        9.733,
        0.613,
        0,
        11,
        0
      ]
    },
    {
      "Target": "Parameter",
      "Id": "youtueryaobai",
      "Segments": [
        0,
        0,
        2,
        0.033,
        0,
        0,
        0.3,
        0.006,
        0,
        0.933,
        -0.078,
        2,
        1.1,
        -0.078,
        2,
        1.133,
        -0.078,
        0,
        1.633,
        0.023,
        0,
        1.967,
        -0.006,
        0,
        2.433,
        0.025,
        0,
        2.667,
        0.023,
        0,
        3.133,
        0.036,
        1,
        3.2,
        0.036,
        3.266,
        0.038,
        3.333,
        0.034,
        1,
        3.555,
        0.022,
        3.778,
        0,
        4,
        0,
        2,
        4.033,
        0,
        0,
        4.833,
        0.025,
        0,
        5.233,
        -0.01,
        0,
        5.6,
        0.006,
        0,
        6,
        -0.003,
        0,
        6.333,
        0,
        0,
        6.8,
        -0.002,
        2,
        7.033,
        -0.002,
        0,
        9.367,
        -0.182,
        0,
        9.733,
        0.23,
        0,
        11,
        0
      ]
    },
    {
      "Target": "Parameter",
      "Id": "ytebx",
      "Segments": [
        0,
        0,
        2,
        0.033,
        0,
        0,
        0.3,
        0.015,
        0,
        0.933,
        -0.209,
        0,
        1.1,
        -0.207,
        2,
        1.133,
        -0.207,
        0,
        1.633,
        0.061,
        0,
        1.967,
        -0.016,
        0,
        2.433,
        0.067,
        0,
        2.667,
        0.06,
        0,
        3.133,
        0.097,
        1,
        3.2,
        0.097,
        3.266,
        0.101,
        3.333,
        0.091,
        1,
        3.555,
        0.058,
        3.778,
        0,
        4,
        0,
        2,
        4.033,
        0,
        0,
        4.833,
        0.067,
        0,
        5.233,
        -0.027,
        0,
        5.6,
        0.017,
        0,
        6,
        -0.007,
        0,
        6.333,
        0.001,
        0,
        6.8,
        -0.006,
        0,
        7.033,
        -0.005,
        0,
        9.367,
        -0.484,
        0,
        9.733,
        0.613,
        0,
        11,
        0
      ]
    },
    {
      "Target": "Parameter",
      "Id": "ParamHairFront",
      "Segments": [
        0,
        0,
        2,
        0.033,
        0,
        0,
        0.3,
        0.011,
        0,
        0.933,
        -0.131,
        0,
        1.067,
        -0.13,
        2,
        1.133,
        -0.13,
        0,
        1.633,
        0.042,
        0,
        1.967,
        -0.012,
        0,
        2.433,
        0.044,
        0,
        2.667,
        0.037,
        0,
        3.133,
        0.06,
        1,
        3.2,
        0.06,
        3.266,
        0.062,
        3.333,
        0.054,
        1,
        3.555,
        0.028,
        3.778,
        0,
        4,
        0,
        2,
        4.033,
        0,
        0,
        4.8,
        0.043,
        0,
        5.167,
        -0.016,
        0,
        5.533,
        0.011,
        0,
        5.933,
        -0.004,
        0,
        6.3,
        0.001,
        0,
        6.767,
        -0.003,
        2,
        6.967,
        -0.003,
        0,
        9.367,
        -0.307,
        0,
        9.467,
        -0.274,
        0,
        9.5,
        -0.286,
        0,
        9.733,
        0.408,
        0,
        11,
        0
      ]
    },
    {
      "Target": "Parameter",
      "Id": "qianfashensuo",
      "Segments": [
        0,
        0,
        2,
        0.033,
        0,
        0,
        0.3,
        0.007,
        0,
        0.933,
        -0.079,
        0,
        1.067,
        -0.078,
        2,
        1.133,
        -0.078,
        0,
        1.633,
        0.025,
        0,
        1.967,
        -0.007,
        0,
        2.433,
        0.026,
        0,
        2.667,
        0.022,
        0,
        3.133,
        0.036,
        1,
        3.2,
        0.036,
        3.266,
        0.037,
        3.333,
        0.032,
        1,
        3.555,
        0.017,
        3.778,
        0,
        4,
        0,
        2,
        4.033,
        0,
        0,
        4.8,
        0.026,
        0,
        5.167,
        -0.01,
        0,
        5.533,
        0.007,
        0,
        5.933,
        -0.002,
        0,
        6.3,
        0.001,
        0,
        6.767,
        -0.002,
        2,
        6.967,
        -0.002,
        0,
        9.367,
        -0.184,
        0,
        9.467,
        -0.164,
        0,
        9.5,
        -0.172,
        0,
        9.733,
        0.245,
        0,
        11,
        0
      ]
    },
    {
      "Target": "Parameter",
      "Id": "ParamHairSide",
      "Segments": [
        0,
        0,
        2,
        0.033,
        0,
        0,
        0.2,
        0.009,
        0,
        1.1,
        -0.256,
        0,
        1.567,
        0.001,
        0,
        1.733,
        -0.032,
        0,
        4,
        0,
        2,
        4.033,
        0,
        0,
        4.467,
        0.032,
        0,
        4.7,
        -0.01,
        0,
        4.933,
        0.007,
        0,
        5.2,
        -0.001,
        0,
        5.4,
        0.002,
        0,
        5.7,
        -0.001,
        2,
        5.733,
        -0.001,
        0,
        9.333,
        -0.61,
        0,
        9.633,
        0.638,
        0,
        9.867,
        -0.173,
        0,
        11,
        0
      ]
    },
    {
      "Target": "Parameter",
      "Id": "ParamHairBack",
      "Segments": [
        0,
        0,
        2,
        0.033,
        0,
        0,
        0.2,
        0.007,
        0,
        1.1,
        -0.205,
        0,
        1.567,
        0.001,
        0,
        1.733,
        -0.026,
        0,
        4,
        0,
        2,
        4.033,
        0,
        0,
        4.467,
        0.026,
        0,
        4.7,
        -0.008,
        0,
        4.933,
        0.005,
        0,
        5.2,
        -0.001,
        0,
        5.4,
        0.001,
        0,
        5.7,
        -0.001,
        2,
        5.733,
        -0.001,
        0,
        9.333,
        -0.488,
        0,
        9.633,
        0.511,
        0,
        9.867,
        -0.139,
        0,
        11,
        0
      ]
    },
    {
      "Target": "Parameter",
      "Id": "lingdangyaobai",
      "Segments": [
        0,
        0,
        2,
        0.033,
        0,
        0,
        0.233,
        0.02,
        0,
        1.133,
        -0.13,
        0,
        1.533,
        -0.01,
        0,
        1.667,
        -0.016,
        0,
        3.1,
        0.056,
        0,
        3.2,
        0.053,
        0,
        3.533,
        0.07,
        1,
        3.555,
        0.07,
        3.578,
        0.071,
        3.6,
        0.065,
        1,
        3.733,
        0.027,
        3.867,
        0,
        4,
        0,
        2,
        4.033,
        0,
        0,
        4.367,
        0.029,
        0,
        4.533,
        -0.005,
        0,
        4.733,
        0.005,
        0,
        4.9,
        0.002,
        0,
        5.067,
        0.003,
        2,
        5.233,
        0.003,
        2,
        5.3,
        0.003,
        0,
        5.567,
        0.002,
        2,
        5.6,
        0.002,
        2,
        5.667,
        0.002,
        2,
        5.7,
        0.002,
        0,
        6.067,
        0,
        0,
        6.1,
        0.001,
        0,
        9.3,
        -0.29,
        0,
        9.433,
        -0.11,
        0,
        9.5,
        -0.192,
        0,
        9.6,
        0.371,
        0,
        9.8,
        -0.051,
        0,
        11,
        0
      ]
    },
    {
      "Target": "Parameter",
      "Id": "zuoshuxiujiaodu",
      "Segments": [
        0,
        0,
        0,
        2.233,
        -0.589,
        0,
        4,
        0,
        0,
        5.267,
        -0.589,
        0,
        6.9,
        0.564,
        0,
        8.5,
        -0.486,
        0,
        10.2,
        0.373,
        0,
        11,
        0
      ]
    },
    {
      "Target": "Parameter",
      "Id": "zuoshuxiuyaobai",
      "Segments": [
        0,
        0,
        0,
        1.433,
        0.484,
        0,
        3.333,
        -0.541,
        1,
        3.555,
        -0.541,
        3.778,
        -0.35,
        4,
        0,
        1,
        4.211,
        0.333,
        4.422,
        0.484,
        4.633,
        0.484,
        0,
        6.2,
        -0.541,
        0,
        8,
        0.394,
        0,
        9.9,
        -0.427,
        0,
        11,
        0
      ]
    },
    {
      "Target": "Parameter",
      "Id": "youshuxiujiaodu",
      "Segments": [
        0,
        0,
        0,
        2.1,
        -0.622,
        0,
        4,
        0,
        0,
        5.167,
        -0.622,
        0,
        6.767,
        0.671,
        0,
        8.333,
        -0.622,
        0,
        10.033,
        0.671,
        0,
        11,
        0
      ]
    },
    {
      "Target": "Parameter",
      "Id": "youshuxiudaiyaobai",
      "Segments": [
        0,
        0,
        0,
        1.267,
        0.698,
        0,
        3.033,
        -0.606,
        1,
        3.355,
        -0.606,
        3.678,
        -0.498,
        4,
        0,
        1,
        4.156,
        0.241,
        4.311,
        0.698,
        4.467,
        0.698,
        0,
        5.933,
        -0.606,
        0,
        7.533,
        0.698,
        0,
        9.267,
        -0.606,
        0,
        11,
        0
      ]
    },
    {
      "Target": "Parameter",
      "Id": "zldbx",
      "Segments": [
        0,
        0,
        0,
        1.867,
        -0.5,
        0,
        4,
        0,
        0,
        5,
        -0.5,
        0,
        7.367,
        0.5,
        0,
        9.6,
        -0.4,
        0,
        11,
        0
      ]
    },
    {
      "Target": "Parameter",
      "Id": "yldbx",
      "Segments": [
        0,
        0,
        0,
        1.1,
        -0.5,
        0,
        4,
        0,
        0,
        4.367,
        -0.5,
        0,
        6.733,
        0.5,
        0,
        9,
        -0.5,
        0,
        11,
        0
      ]
    },
    {
      "Target": "Parameter",
      "Id": "youopdaibianxing",
      "Segments": [
        0,
        0,
        0,
        1.8,
        0.515,
        0,
        3.667,
        -0.385,
        1,
        3.778,
        -0.385,
        3.889,
        -0.236,
        4,
        0,
        1,
        4.322,
        0.685,
        4.645,
        1,
        4.967,
        1,
        0,
        6.5,
        -1,
        0,
        8.867,
        0.772,
        0,
        10.567,
        -0.6,
        0,
        11,
        0
      ]
    },
    {
      "Target": "Parameter",
      "Id": "zxdyb",
      "Segments": [
        0,
        0,
        0,
        2.2,
        -1,
        0,
        4,
        0,
        0,
        5.233,
        -1,
        0,
        7.3,
        1,
        0,
        9.5,
        -1,
        0,
        11,
        0
      ]
    },
    {
      "Target": "Parameter",
      "Id": "youxiongdaijiaodu",
      "Segments": [
        0,
        0,
        0,
        1.767,
        -1,
        0,
        3.4,
        1,
        1,
        3.6,
        1,
        3.8,
        0.528,
        4,
        0,
        1,
        4.289,
        -0.763,
        4.578,
        -1,
        4.867,
        -1,
        0,
        6.233,
        1,
        0,
        7.5,
        -1,
        0,
        8.933,
        0.818,
        0,
        10.6,
        -0.728,
        0,
        11,
        0
      ]
    },
    {
      "Target": "Parameter",
      "Id": "yxdyb",
      "Segments": [
        0,
        0,
        0,
        1.067,
        0.7,
        0,
        2.533,
        -0.6,
        1,
        3.022,
        -0.6,
        3.511,
        -0.47,
        4,
        0,
        1,
        4.111,
        0.107,
        4.222,
        0.7,
        4.333,
        0.7,
        0,
        5.533,
        -0.588,
        0,
        6.867,
        0.479,
        0,
        8.267,
        -0.455,
        0,
        9.767,
        0.389,
        0,
        11,
        0
      ]
    },
    {
      "Target": "Parameter",
      "Id": "ParamAngleX",
      "Segments": [
        0,
        0,
        0,
        1.033,
        -1,
        0,
        1.467,
        0,
        0,
        3.033,
        -2,
        0,
        4,
        0,
        1,
        4.6,
        0,
        5.2,
        -1.527,
        5.8,
        -2.82,
        1,
        6.944,
        -5.287,
        8.089,
        -6,
        9.233,
        -6,
        0,
        9.5,
        0,
        2,
        11,
        0
      ]
    },
    {
      "Target": "Parameter",
      "Id": "ParamAngleY",
      "Segments": [
        0,
        0,
        0,
        1.033,
        -8.065,
        0,
        2,
        0,
        0,
        3.033,
        -18.021,
        0,
        4,
        0,
        0,
        6.033,
        -24,
        0,
        8.567,
        -8.555,
        1,
        8.745,
        -8.555,
        8.922,
        -9.476,
        9.1,
        -14.173,
        1,
        9.167,
        -15.934,
        9.233,
        -30,
        9.3,
        -30,
        0,
        9.633,
        15.762,
        0,
        11,
        0
      ]
    },
    {
      "Target": "Parameter",
      "Id": "shouZ",
      "Segments": [
        0,
        0,
        0,
        1.033,
        -6,
        0,
        1.467,
        0,
        0,
        3.1,
        -16,
        0,
        4,
        0,
        1,
        5.433,
        0,
        6.867,
        -0.276,
        8.3,
        -1.085,
        1,
        8.5,
        -1.198,
        8.7,
        -2.198,
        8.9,
        -3.277,
        1,
        9.011,
        -3.876,
        9.122,
        -14,
        9.233,
        -14,
        0,
        9.467,
        5,
        0,
        11,
        0
      ]
    },
    {
      "Target": "Parameter",
      "Id": "ParamBodyAngleXX",
      "Segments": [
        0,
        0,
        2,
        4,
        0,
        0,
        9.2,
        -0.427,
        0,
        10,
        0.2,
        0,
        11,
        0
      ]
    },
    {
      "Target": "Parameter",
      "Id": "ParamBodyAngleZ",
      "Segments": [
        0,
        0,
        0,
        2.567,
        -1.394,
        0,
        4,
        0,
        2,
        10,
        0,
        2,
        11,
        0
      ]
    },
    {
      "Target": "Parameter",
      "Id": "ParamBreath",
      "Segments": [
        0,
        0,
        0,
        1,
        1,
        0,
        3,
        0,
        2,
        4,
        0,
        0,
        5,
        1,
        0,
        7,
        0,
        0,
        8,
        1,
        0,
        11,
        0
      ]
    },
    {
      "Target": "Parameter",
      "Id": "yifuzuoyou",
      "Segments": [
        0,
        0,
        0,
        1.3,
        1,
        0,
        3,
        -1,
        1,
        3.333,
        -1,
        3.667,
        -0.58,
        4,
        0,
        1,
        4.422,
        0.735,
        4.845,
        1,
        5.267,
        1,
        0,
        7.1,
        -1,
        0,
        8.933,
        1,
        0,
        10.367,
        -1,
        0,
        11,
        0
      ]
    },
    {
      "Target": "Parameter",
      "Id": "yifubianxing",
      "Segments": [
        0,
        0,
        0,
        0.667,
        -30,
        0,
        2.067,
        30,
        0,
        3.767,
        -30,
        0,
        4,
        0,
        0,
        4.6,
        -30,
        0,
        6.033,
        30,
        0,
        7.867,
        -30,
        0,
        9.767,
        27.761,
        0,
        11,
        0
      ]
    },
    {
      "Target": "Parameter",
      "Id": "baozhaguodu",
      "Segments": [
        0,
        0,
        0,
        11,
        0
      ]
    },
    {
      "Target": "Parameter",
      "Id": "baimaotmd",
      "Segments": [
        0,
        0,
        0,
        11,
        0
      ]
    },
    {
      "Target": "Parameter",
      "Id": "baimaoshensuo",
      "Segments": [
        0,
        0,
        0,
        11,
        0
      ]
    },
    {
      "Target": "Parameter",
      "Id": "baimaojiya",
      "Segments": [
        0,
        0,
        0,
        11,
        0
      ]
    },
    {
      "Target": "Parameter",
      "Id": "maozuoyou",
      "Segments": [
        0,
        0,
        0,
        11,
        0
      ]
    },
    {
      "Target": "Parameter",
      "Id": "maoshangxia",
      "Segments": [
        0,
        0,
        0,
        11,
        0
      ]
    },
    {
      "Target": "Parameter",
      "Id": "maojiaodu",
      "Segments": [
        0,
        0,
        0,
        11,
        0
      ]
    },
    {
      "Target": "Parameter",
      "Id": "maoliandai",
      "Segments": [
        0,
        0,
        0,
        11,
        0
      ]
    },
    {
      "Target": "Parameter",
      "Id": "maoerduo",
      "Segments": [
        0,
        0,
        0,
        11,
        0
      ]
    },
    {
      "Target": "Parameter",
      "Id": "maozhayan",
      "Segments": [
        0,
        0,
        0,
        11,
        0
      ]
    },
    {
      "Target": "Parameter",
      "Id": "maogaoguang",
      "Segments": [
        0,
        0,
        0,
        11,
        0
      ]
    },
    {
      "Target": "Parameter",
      "Id": "maozui",
      "Segments": [
        0,
        0,
        0,
        11,
        0
      ]
    },
    {
      "Target": "Parameter",
      "Id": "maozuishetou",
      "Segments": [
        0,
        0,
        0,
        11,
        0
      ]
    },
    {
      "Target": "Parameter",
      "Id": "maohongyun",
      "Segments": [
        0,
        0,
        0,
        11,
        0
      ]
    },
    {
      "Target": "Parameter",
      "Id": "maozishensuo",
      "Segments": [
        0,
        0,
        0,
        11,
        0
      ]
    },
    {
      "Target": "Parameter",
      "Id": "maoshou",
      "Segments": [
        0,
        -1,
        0,
        11,
        -1
      ]
    },
    {
      "Target": "Parameter",
      "Id": "maoweibajiaodu",
      "Segments": [
        0,
        0,
        0,
        11,
        0
      ]
    },
    {
      "Target": "Parameter",
      "Id": "maoweibabianxing",
      "Segments": [
        0,
        0,
        0,
        11,
        0
      ]
    },
    {
      "Target": "Parameter",
      "Id": "maozuojiao",
      "Segments": [
        0,
        0,
        0,
        11,
        0
      ]
    },
    {
      "Target": "Parameter",
      "Id": "maoyoujiao",
      "Segments": [
        0,
        0,
        0,
        11,
        0
      ]
    },
    {
      "Target": "Parameter",
      "Id": "ParamEyeLSmile",
      "Segments": [
        0,
        0,
        0,
        11,
        0
      ]
    },
    {
      "Target": "Parameter",
      "Id": "ParamEyeRSmile",
      "Segments": [
        0,
        0,
        0,
        11,
        0
      ]
    },
    {
      "Target": "Parameter",
      "Id": "ParamBrowLX",
      "Segments": [
        0,
        0,
        0,
        11,
        0
      ]
    },
    {
      "Target": "Parameter",
      "Id": "ParamBrowRX",
      "Segments": [
        0,
        0,
        0,
        11,
        0
      ]
    },
    {
      "Target": "Parameter",
      "Id": "ParamBrowLAngle",
      "Segments": [
        0,
        0,
        0,
        11,
        0
      ]
    },
    {
      "Target": "Parameter",
      "Id": "ParamBrowRAngle",
      "Segments": [
        0,
        0,
        0,
        11,
        0
      ]
    },
    {
      "Target": "Parameter",
      "Id": "muyuqiehuan",
      "Segments": [
        0,
        0,
        0,
        11,
        0
      ]
    },
    {
      "Target": "Parameter",
      "Id": "ParamMouthOpenY",
      "Segments": [
        0,
        0,
        0,
        11,
        0
      ]
    },
    {
      "Target": "Parameter",
      "Id": "ParamCheek",
      "Segments": [
        0,
        0,
        0,
        11,
        0
      ]
    },
    {
      "Target": "Parameter",
      "Id": "yunbianxing",
      "Segments": [
        0,
        -1,
        0,
        11,
        -1
      ]
    },
    {
      "Target": "Parameter",
      "Id": "expyun1",
      "Segments": [
        0,
        0,
        0,
        11,
        0
      ]
    },
    {
      "Target": "Parameter",
      "Id": "yunjiaodu",
      "Segments": [
        0,
        0,
        0,
        11,
        0
      ]
    },
    {
      "Target": "Parameter",
      "Id": "dingjjj",
      "Segments": [
        0,
        0,
        0,
        11,
        0
      ]
    },
    {
      "Target": "Parameter",
      "Id": "youshoutui",
      "Segments": [
        0,
        0,
        0,
        11,
        0
      ]
    },
    {
      "Target": "Parameter",
      "Id": "youtuiqiehuan",
      "Segments": [
        0,
        1,
        0,
        11,
        1
      ]
    },
    {
      "Target": "Parameter",
      "Id": "zuoshoutui",
      "Segments": [
        0,
        0,
        0,
        11,
        0
      ]
    },
    {
      "Target": "Parameter",
      "Id": "zuotuiqiehuan",
      "Segments": [
        0,
        1,
        0,
        11,
        1
      ]
    },
    {
      "Target": "Parameter",
      "Id": "zuotuixuanzhuan",
      "Segments": [
        0,
        0,
        0,
        11,
        0
      ]
    },
    {
      "Target": "Parameter",
      "Id": "zuotuizuoyou",
      "Segments": [
        0,
        0,
        0,
        11,
        0
      ]
    },
    {
      "Target": "Parameter",
      "Id": "zuotuishangxia",
      "Segments": [
        0,
        0,
        0,
        11,
        0
      ]
    },
    {
      "Target": "Parameter",
      "Id": "zuotuidaxiao",
      "Segments": [
        0,
        0,
        0,
        11,
        0
      ]
    },
    {
      "Target": "Parameter",
      "Id": "youtuixuanzhuan",
      "Segments": [
        0,
        0,
        0,
        11,
        0
      ]
    },
    {
      "Target": "Parameter",
      "Id": "youtuizuoyou",
      "Segments": [
        0,
        0,
        0,
        11,
        0
      ]
    },
    {
      "Target": "Parameter",
      "Id": "youtuishangxia",
      "Segments": [
        0,
        0,
        0,
        11,
        0
      ]
    },
    {
      "Target": "Parameter",
      "Id": "youtuidaxiao",
      "Segments": [
        0,
        0,
        0,
        11,
        0
      ]
    },
    {
      "Target": "Parameter",
      "Id": "zuoxiaotuixuanzhuan",
      "Segments": [
        0,
        0,
        0,
        11,
        0
      ]
    },
    {
      "Target": "Parameter",
      "Id": "zuojiaoxuanzhuan",
      "Segments": [
        0,
        0,
        0,
        11,
        0
      ]
    },
    {
      "Target": "Parameter",
      "Id": "youjiaoxuanzhuan",
      "Segments": [
        0,
        0,
        0,
        11,
        0
      ]
    },
    {
      "Target": "Parameter",
      "Id": "zuobixuanzhuan",
      "Segments": [
        0,
        0,
        0,
        11,
        0
      ]
    },
    {
      "Target": "Parameter",
      "Id": "zuobishensuo",
      "Segments": [
        0,
        0,
        0,
        11,
        0
      ]
    },
    {
      "Target": "Parameter",
      "Id": "zuoxiabixuanzhuan",
      "Segments": [
        0,
        0,
        0,
        11,
        0
      ]
    },
    {
      "Target": "Parameter",
      "Id": "zuoxiabishensuo",
      "Segments": [
        0,
        0,
        0,
        11,
        0
      ]
    },
    {
      "Target": "Parameter",
      "Id": "zuoshoufanzhuan",
      "Segments": [
        0,
        0,
        0,
        11,
        0
      ]
    },
    {
      "Target": "Parameter",
      "Id": "xingfengtmd",
      "Segments": [
        0,
        0,
        0,
        11,
        0
      ]
    },
    {
      "Target": "Parameter",
      "Id": "xingfengjiaodu",
      "Segments": [
        0,
        0,
        0,
        11,
        0
      ]
    },
    {
      "Target": "Parameter",
      "Id": "youbixuanzhuan",
      "Segments": [
        0,
        0,
        0,
        11,
        0
      ]
    },
    {
      "Target": "Parameter",
      "Id": "youbishensuo",
      "Segments": [
        0,
        0,
        0,
        11,
        0
      ]
    },
    {
      "Target": "Parameter",
      "Id": "youbijiya",
      "Segments": [
        0,
        0,
        0,
        11,
        0
      ]
    },
    {
      "Target": "Parameter",
      "Id": "youxiabixuanzhuan",
      "Segments": [
        0,
        0,
        0,
        11,
        0
      ]
    },
    {
      "Target": "Parameter",
      "Id": "youxiabishensuo",
      "Segments": [
        0,
        0,
        0,
        11,
        0
      ]
    },
    {
      "Target": "Parameter",
      "Id": "youshouxuanzhuan",
      "Segments": [
        0,
        0,
        0,
        11,
        0
      ]
    },
    {
      "Target": "Parameter",
      "Id": "yssztmd",
      "Segments": [
        0,
        0,
        0,
        11,
        0
      ]
    },
    {
      "Target": "Parameter",
      "Id": "yousizi",
      "Segments": [
        0,
        -1,
        0,
        11,
        -1
      ]
    },
    {
      "Target": "Parameter",
      "Id": "paotaichanrao",
      "Segments": [
        0,
        4,
        0,
        11,
        4
      ]
    },
    {
      "Target": "Parameter",
      "Id": "paodishenchu",
      "Segments": [
        0,
        1,
        0,
        11,
        1
      ]
    },
    {
      "Target": "Parameter",
      "Id": "yuleichangrao",
      "Segments": [
        0,
        6,
        0,
        11,
        6
      ]
    },
    {
      "Target": "Parameter",
      "Id": "paotaishensuo",
      "Segments": [
        0,
        0,
        0,
        11,
        0
      ]
    },
    {
      "Target": "Parameter",
      "Id": "yuleiweiyi1",
      "Segments": [
        0,
        0,
        0,
        11,
        0
      ]
    },
    {
      "Target": "Parameter",
      "Id": "yuleiweiyi2",
      "Segments": [
        0,
        0,
        0,
        11,
        0
      ]
    },
    {
      "Target": "Parameter",
      "Id": "yuleiweiyi3",
      "Segments": [
        0,
        0,
        0,
        11,
        0
      ]
    },
    {
      "Target": "Parameter",
      "Id": "yuleiweiyi5",
      "Segments": [
        0,
        0,
        0,
        11,
        0
      ]
    },
    {
      "Target": "Parameter",
      "Id": "yuleiweiyi4",
      "Segments": [
        0,
        0,
        0,
        11,
        0
      ]
    },
    {
      "Target": "Parameter",
      "Id": "liuhaiyaobai",
      "Segments": [
        0,
        0,
        0,
        11,
        0
      ]
    },
    {
      "Target": "Parameter",
      "Id": "zuocefatuceng",
      "Segments": [
        0,
        0,
        0,
        11,
        0
      ]
    },
    {
      "Target": "Parameter",
      "Id": "ParamBodyAngleY",
      "Segments": [
        0,
        0,
        0,
        11,
        0
      ]
    },
    {
      "Target": "Parameter",
      "Id": "jblsbx",
      "Segments": [
        0,
        0.5,
        0,
        11,
        0.5
      ]
    },
    {
      "Target": "Parameter",
      "Id": "slszy",
      "Segments": [
        0,
        -1.24,
        0,
        11,
        -1.24
      ]
    },
    {
      "Target": "Parameter",
      "Id": "szlssx",
      "Segments": [
        0,
        0,
        0,
        11,
        0
      ]
    },
    {
      "Target": "Parameter",
      "Id": "slsjd",
      "Segments": [
        0,
        0,
        0,
        11,
        0
      ]
    },
    {
      "Target": "Parameter",
      "Id": "szlsbx",
      "Segments": [
        0,
        0,
        0,
        11,
        0
      ]
    },
    {
      "Target": "Parameter",
      "Id": "szlstc",
      "Segments": [
        0,
        0,
        0,
        11,
        0
      ]
    },
    {
      "Target": "Parameter",
      "Id": "yifuxingtai",
      "Segments": [
        0,
        0,
        0,
        11,
        0
      ]
    },
    {
      "Target": "Parameter",
      "Id": "yifuyaobai",
      "Segments": [
        0,
        0,
        0,
        11,
        0
      ]
    },
    {
      "Target": "Parameter",
      "Id": "xiashujiaodu",
      "Segments": [
        0,
        0,
        0,
        11,
        0
      ]
    },
    {
      "Target": "Parameter",
      "Id": "shentishangxia",
      "Segments": [
        0,
        0,
        0,
        11,
        0
      ]
    },
    {
      "Target": "Parameter",
      "Id": "shentidaxiao",
      "Segments": [
        0,
        0,
        0,
        11,
        0
      ]
    },
    {
      "Target": "Parameter",
      "Id": "shangshenshangxia",
      "Segments": [
        0,
        0,
        0,
        11,
        0
      ]
    },
    {
      "Target": "Parameter",
      "Id": "shangshenjiaodu",
      "Segments": [
        0,
        0,
        0,
        11,
        0
      ]
    }
  ],
  "UserData": [
    {
      "Time": 10.5,
      "Value": ""
    }
  ]
}