{
  "Version": 3,
  "Meta": {
    "Duration": 10.0,
    "Fps": 30.0,
    "Loop": true,
    "CurveCount": 170,
    "TotalSegmentCount": 1020,
    "TotalPointCount": 1332,
    "UserDataCount": 1,
    "TotalUserDataSize": 0
  },
  "Curves": [
    {
      "Target": "Parameter",
      "Id": "zhuweibabianxing",
      "Segments": [
        0,
        0,
        0,
        1.567,
        -1,
        0,
        3.633,
        0.629,
        0,
        5.067,
        -1,
        0,
        6,
        0,
        0,
        7.567,
        -1,
        0,
        9.633,
        0.629,
        0,
        10,
        0
      ]
    },
    {
      "Target": "Parameter",
      "Id": "zhupigushangxia",
      "Segments": [
        0,
        0,
        0,
        0.733,
        1,
        1,
        0.989,
        1,
        1.244,
        0.681,
        1.5,
        0,
        1,
        1.744,
        -0.652,
        1.989,
        -1,
        2.233,
        -1,
        1,
        2.489,
        -1,
        2.744,
        -0.681,
        3,
        0,
        1,
        3.244,
        0.652,
        3.489,
        1,
        3.733,
        1,
        1,
        3.989,
        1,
        4.244,
        0.681,
        4.5,
        0,
        1,
        4.744,
        -0.652,
        4.989,
        -1,
        5.233,
        -1,
        1,
        5.489,
        -1,
        5.744,
        -0.681,
        6,
        0,
        1,
        6.244,
        0.652,
        6.489,
        1,
        6.733,
        1,
        1,
        6.989,
        1,
        7.244,
        0.681,
        7.5,
        0,
        1,
        7.744,
        -0.652,
        7.989,
        -1,
        8.233,
        -1,
        1,
        8.489,
        -1,
        8.744,
        -0.681,
        9,
        0,
        1,
        9.244,
        0.652,
        9.489,
        1,
        9.733,
        1,
        0,
        10,
        0
      ]
    },
    {
      "Target": "Parameter",
      "Id": "zhupiguzuoyou",
      "Segments": [
        0,
        -1,
        1,
        0.244,
        -1,
        0.489,
        -0.652,
        0.733,
        0,
        1,
        0.989,
        0.681,
        1.244,
        1,
        1.5,
        1,
        1,
        1.744,
        1,
        1.989,
        0.652,
        2.233,
        0,
        1,
        2.489,
        -0.681,
        2.744,
        -1,
        3,
        -1,
        1,
        3.244,
        -1,
        3.489,
        -0.652,
        3.733,
        0,
        1,
        3.989,
        0.681,
        4.244,
        1,
        4.5,
        1,
        1,
        4.744,
        1,
        4.989,
        0.652,
        5.233,
        0,
        1,
        5.489,
        -0.681,
        5.744,
        -1,
        6,
        -1,
        1,
        6.244,
        -1,
        6.489,
        -0.652,
        6.733,
        0,
        1,
        6.989,
        0.681,
        7.244,
        1,
        7.5,
        1,
        1,
        7.744,
        1,
        7.989,
        0.652,
        8.233,
        0,
        1,
        8.489,
        -0.681,
        8.744,
        -1,
        9,
        -1,
        0,
        9.733,
        0,
        0,
        10,
        -1
      ]
    },
    {
      "Target": "Parameter",
      "Id": "shubianhua",
      "Segments": [
        0,
        0,
        0,
        1,
        5,
        0,
        2,
        0,
        0,
        3,
        5,
        0,
        4,
        0,
        0,
        5,
        5,
        0,
        6,
        0,
        0,
        7,
        5,
        0,
        8,
        0,
        0,
        9,
        5,
        0,
        10,
        0
      ]
    },
    {
      "Target": "Parameter",
      "Id": "shumujiaodu",
      "Segments": [
        0,
        0,
        0,
        4,
        -0.056,
        0,
        6,
        0,
        2,
        10,
        0
      ]
    },
    {
      "Target": "Parameter",
      "Id": "sz1dyb",
      "Segments": [
        0,
        0,
        0,
        2.5,
        0.707,
        0,
        6,
        0,
        0,
        8.5,
        0.707,
        0,
        10,
        0
      ]
    },
    {
      "Target": "Parameter",
      "Id": "sz2dyb",
      "Segments": [
        0,
        0,
        0,
        2.067,
        -0.6,
        0,
        6,
        0,
        0,
        8.067,
        -0.6,
        0,
        10,
        0
      ]
    },
    {
      "Target": "Parameter",
      "Id": "sz3dyb",
      "Segments": [
        0,
        0,
        0,
        2.8,
        -0.5,
        0,
        6,
        0,
        0,
        8.8,
        -0.5,
        0,
        10,
        0
      ]
    },
    {
      "Target": "Parameter",
      "Id": "ParamEyeLOpen",
      "Segments": [
        0,
        1,
        0,
        0.3,
        0,
        0,
        0.833,
        1,
        2,
        2.1,
        1,
        0,
        2.4,
        0,
        0,
        2.767,
        0.8,
        2,
        3.4,
        0.8,
        0,
        3.767,
        1,
        0,
        4.1,
        0,
        0,
        4.5,
        1,
        2,
        6,
        1,
        0,
        7.033,
        0.758,
        0,
        7.833,
        0.919,
        0,
        8.267,
        0,
        2,
        9.033,
        0,
        1,
        9.222,
        0,
        9.411,
        0.573,
        9.6,
        0.839,
        1,
        9.733,
        1.026,
        9.867,
        1,
        10,
        1
      ]
    },
    {
      "Target": "Parameter",
      "Id": "ParamEyeLSmile",
      "Segments": [
        0,
        0,
        2,
        6,
        0,
        0,
        9.033,
        1,
        0,
        10,
        0
      ]
    },
    {
      "Target": "Parameter",
      "Id": "ParamEyeROpen",
      "Segments": [
        0,
        1,
        0,
        0.3,
        0,
        0,
        0.833,
        1,
        2,
        2.1,
        1,
        0,
        2.4,
        0,
        0,
        2.767,
        0.8,
        2,
        3.4,
        0.8,
        0,
        3.767,
        1,
        0,
        4.1,
        0,
        0,
        4.5,
        1,
        2,
        6,
        1,
        0,
        7.033,
        0.758,
        0,
        7.833,
        0.919,
        0,
        8.267,
        0,
        2,
        9.033,
        0,
        1,
        9.222,
        0,
        9.411,
        0.573,
        9.6,
        0.839,
        1,
        9.733,
        1.026,
        9.867,
        1,
        10,
        1
      ]
    },
    {
      "Target": "Parameter",
      "Id": "ParamEyeRSmile",
      "Segments": [
        0,
        0,
        2,
        6,
        0,
        0,
        9.033,
        1,
        0,
        10,
        0
      ]
    },
    {
      "Target": "Parameter",
      "Id": "gaoguangdonghua",
      "Segments": [
        0,
        0,
        2,
        0.767,
        0,
        0,
        1,
        1,
        0,
        1.2,
        0,
        0,
        1.433,
        0.795,
        0,
        1.667,
        0,
        2,
        2.367,
        0,
        0,
        2.6,
        1,
        0,
        2.8,
        0,
        0,
        3.033,
        0.795,
        0,
        3.267,
        0,
        2,
        4.067,
        0,
        0,
        4.3,
        1,
        0,
        4.5,
        0,
        0,
        4.733,
        0.795,
        0,
        4.967,
        0,
        2,
        6,
        0,
        0,
        6.7,
        1,
        0,
        7.767,
        0,
        0,
        9.333,
        1,
        0,
        10,
        0
      ]
    },
    {
      "Target": "Parameter",
      "Id": "tongkongdaxiao",
      "Segments": [
        0,
        0,
        0,
        0.3,
        1,
        0,
        0.833,
        -1,
        0,
        1.133,
        0.5,
        0,
        1.333,
        0,
        2,
        2.1,
        0,
        0,
        2.4,
        1,
        0,
        2.767,
        -1,
        0,
        3,
        0.4,
        0,
        3.133,
        0,
        1,
        3.333,
        0,
        3.533,
        0.109,
        3.733,
        0.5,
        1,
        3.855,
        0.739,
        3.978,
        1,
        4.1,
        1,
        0,
        4.467,
        -0.6,
        0,
        4.767,
        0.3,
        0,
        4.933,
        0,
        2,
        6,
        0,
        0,
        6.9,
        0.9,
        0,
        8.367,
        -0.3,
        0,
        9.533,
        0.3,
        0,
        10,
        0
      ]
    },
    {
      "Target": "Parameter",
      "Id": "ParamBrowLY",
      "Segments": [
        0,
        0,
        0,
        0.3,
        -1,
        0,
        0.833,
        0,
        2,
        2.1,
        0,
        0,
        2.4,
        -1,
        0,
        2.767,
        -0.2,
        2,
        3.4,
        -0.2,
        0,
        3.767,
        0,
        0,
        4.1,
        -1,
        0,
        4.5,
        0,
        2,
        6,
        0,
        0,
        7.033,
        -0.4,
        0,
        7.833,
        -0.2,
        0,
        9.033,
        -0.5,
        1,
        9.222,
        -0.5,
        9.411,
        -0.471,
        9.6,
        -0.3,
        1,
        9.733,
        -0.179,
        9.867,
        0,
        10,
        0
      ]
    },
    {
      "Target": "Parameter",
      "Id": "ParamBrowRY",
      "Segments": [
        0,
        0,
        0,
        0.3,
        -1,
        0,
        0.833,
        0,
        2,
        2.1,
        0,
        0,
        2.4,
        -1,
        0,
        2.767,
        -0.2,
        2,
        3.4,
        -0.2,
        0,
        3.767,
        0,
        0,
        4.1,
        -1,
        0,
        4.5,
        0,
        2,
        6,
        0,
        0,
        7.033,
        -0.4,
        0,
        7.833,
        -0.2,
        0,
        9.033,
        -0.5,
        1,
        9.222,
        -0.5,
        9.411,
        -0.471,
        9.6,
        -0.3,
        1,
        9.733,
        -0.179,
        9.867,
        0,
        10,
        0
      ]
    },
    {
      "Target": "Parameter",
      "Id": "ParamBrowLForm",
      "Segments": [
        0,
        0,
        2,
        2.4,
        0,
        0,
        2.833,
        -0.6,
        1,
        3.222,
        -0.6,
        3.611,
        -0.573,
        4,
        -0.4,
        1,
        4.156,
        -0.331,
        4.311,
        0,
        4.467,
        0,
        2,
        6,
        0,
        2,
        10,
        0
      ]
    },
    {
      "Target": "Parameter",
      "Id": "ParamBrowRForm",
      "Segments": [
        0,
        0,
        2,
        2.4,
        0,
        0,
        2.833,
        -0.5,
        1,
        3.222,
        -0.5,
        3.611,
        -0.426,
        4,
        -0.2,
        1,
        4.156,
        -0.11,
        4.311,
        0,
        4.467,
        0,
        2,
        6,
        0,
        2,
        10,
        0
      ]
    },
    {
      "Target": "Parameter",
      "Id": "ParamEyeBallX",
      "Segments": [
        0,
        0,
        2,
        0.8,
        0,
        0,
        1.167,
        -0.5,
        1,
        1.578,
        -0.5,
        1.989,
        -0.485,
        2.4,
        -0.4,
        1,
        2.522,
        -0.375,
        2.645,
        0.2,
        2.767,
        0.2,
        2,
        3.933,
        0.2,
        0,
        4.333,
        0,
        2,
        6,
        0,
        0,
        8.667,
        -0.1,
        0,
        10,
        0
      ]
    },
    {
      "Target": "Parameter",
      "Id": "ParamEyeBallY",
      "Segments": [
        0,
        0,
        2,
        0.8,
        0,
        0,
        1.167,
        -0.7,
        1,
        1.578,
        -0.7,
        1.989,
        -0.686,
        2.4,
        -0.6,
        1,
        2.522,
        -0.575,
        2.645,
        0.2,
        2.767,
        0.2,
        2,
        3.933,
        0.2,
        0,
        4.333,
        0,
        2,
        6,
        0,
        0,
        8.667,
        -1,
        0,
        10,
        0
      ]
    },
    {
      "Target": "Parameter",
      "Id": "muyudaxiao",
      "Segments": [
        0,
        0,
        2,
        6,
        0,
        0,
        7.067,
        0.2,
        0,
        7.767,
        0,
        0,
        9.3,
        0.4,
        0,
        10,
        0
      ]
    },
    {
      "Target": "Parameter",
      "Id": "liuhaigaoguang",
      "Segments": [
        0,
        0,
        0,
        1.9,
        -1,
        0,
        4.4,
        0.217,
        1,
        4.933,
        0.217,
        5.467,
        0.228,
        6,
        0,
        1,
        6.422,
        -0.18,
        6.845,
        -1,
        7.267,
        -1,
        0,
        10,
        0
      ]
    },
    {
      "Target": "Parameter",
      "Id": "ParamMouthForm",
      "Segments": [
        0,
        0,
        0,
        1.2,
        -0.4,
        0,
        2.133,
        0,
        0,
        4.667,
        -0.3,
        0,
        6,
        0,
        0,
        7.2,
        -0.4,
        0,
        8.133,
        0,
        2,
        10,
        0
      ]
    },
    {
      "Target": "Parameter",
      "Id": "zuoxiaotuixuanzhuan",
      "Segments": [
        0,
        0,
        2,
        2.267,
        0,
        0,
        2.8,
        0.1,
        1,
        3.011,
        0.1,
        3.222,
        0.004,
        3.433,
        0.003,
        1,
        4.289,
        0.001,
        5.144,
        0,
        6,
        0,
        2,
        10,
        0
      ]
    },
    {
      "Target": "Parameter",
      "Id": "zuoxiaotuishensuo",
      "Segments": [
        0,
        0,
        0,
        0.4,
        -1,
        1,
        0.556,
        -1,
        0.711,
        -0.186,
        0.867,
        0.3,
        1,
        1.067,
        0.925,
        1.267,
        1,
        1.467,
        1,
        2,
        2.267,
        1,
        1,
        2.789,
        1,
        3.311,
        0.894,
        3.833,
        0.315,
        1,
        4.033,
        0.093,
        4.233,
        -0.795,
        4.433,
        -0.795,
        1,
        4.6,
        -0.795,
        4.766,
        -0.786,
        4.933,
        -0.454,
        1,
        5.122,
        -0.077,
        5.311,
        0.5,
        5.5,
        0.5,
        1,
        5.667,
        0.5,
        5.833,
        0.455,
        6,
        0,
        1,
        6.122,
        -0.334,
        6.245,
        -1,
        6.367,
        -1,
        1,
        6.556,
        -1,
        6.744,
        -0.183,
        6.933,
        0.3,
        1,
        7.178,
        0.926,
        7.422,
        1,
        7.667,
        1,
        1,
        8.078,
        1,
        8.489,
        0.631,
        8.9,
        0.315,
        1,
        9.267,
        0.033,
        9.633,
        0,
        10,
        0
      ]
    },
    {
      "Target": "Parameter",
      "Id": "zuobaijiao",
      "Segments": [
        0,
        -0.7,
        0,
        0.767,
        -1,
        1,
        0.922,
        -1,
        1.078,
        -1.058,
        1.233,
        -0.7,
        1,
        1.489,
        -0.112,
        1.744,
        1,
        2,
        1,
        2,
        2.267,
        1,
        0,
        3.833,
        -1,
        0,
        6,
        -0.7,
        0,
        6.8,
        -1,
        1,
        6.989,
        -1,
        7.178,
        -1.057,
        7.367,
        -0.7,
        1,
        7.689,
        -0.09,
        8.011,
        1,
        8.333,
        1,
        1,
        8.522,
        1,
        8.711,
        0.307,
        8.9,
        0,
        1,
        9.267,
        -0.596,
        9.633,
        -0.7,
        10,
        -0.7
      ]
    },
    {
      "Target": "Parameter",
      "Id": "zuojiaoxuanzhuan",
      "Segments": [
        0,
        0,
        2,
        2.267,
        0,
        0,
        2.5,
        1,
        0,
        3.167,
        -1,
        1,
        3.278,
        -1,
        3.389,
        -0.409,
        3.5,
        -0.327,
        1,
        3.711,
        -0.171,
        3.922,
        -0.142,
        4.133,
        0,
        1,
        4.444,
        0.209,
        4.756,
        0.395,
        5.067,
        0.395,
        0,
        6,
        0,
        2,
        10,
        0
      ]
    },
    {
      "Target": "Parameter",
      "Id": "youxiaotuixuanzhuan",
      "Segments": [
        0,
        0,
        0,
        0.433,
        -0.078,
        0,
        2.267,
        0,
        0,
        2.8,
        -0.248,
        0,
        3.433,
        0,
        0,
        4.8,
        -0.04,
        0,
        6,
        0,
        0,
        6.4,
        -0.078,
        0,
        8.533,
        0.026,
        0,
        10,
        0
      ]
    },
    {
      "Target": "Parameter",
      "Id": "youxiaotuishensuo",
      "Segments": [
        0,
        0,
        0,
        0.7,
        -1,
        1,
        0.856,
        -1,
        1.011,
        -0.186,
        1.167,
        0.3,
        1,
        1.367,
        0.925,
        1.567,
        1,
        1.767,
        1,
        0,
        2.267,
        0.4,
        1,
        2.567,
        0.4,
        2.867,
        0.609,
        3.167,
        0.888,
        1,
        3.278,
        0.991,
        3.389,
        1,
        3.5,
        1,
        1,
        3.7,
        1,
        3.9,
        0.932,
        4.1,
        0.4,
        1,
        4.3,
        -0.132,
        4.5,
        -0.795,
        4.7,
        -0.795,
        1,
        4.867,
        -0.795,
        5.033,
        -0.656,
        5.2,
        -0.454,
        1,
        5.467,
        -0.13,
        5.733,
        0,
        6,
        0,
        0,
        6.733,
        -1,
        1,
        6.922,
        -1,
        7.111,
        -0.183,
        7.3,
        0.3,
        1,
        7.544,
        0.926,
        7.789,
        1,
        8.033,
        1,
        1,
        8.444,
        1,
        8.856,
        0.817,
        9.267,
        0.4,
        1,
        9.511,
        0.152,
        9.756,
        0,
        10,
        0
      ]
    },
    {
      "Target": "Parameter",
      "Id": "youbaijiao",
      "Segments": [
        0,
        -0.7,
        0,
        1.067,
        -1,
        1,
        1.211,
        -1,
        1.356,
        -1.074,
        1.5,
        -0.8,
        1,
        1.756,
        -0.316,
        2.011,
        1,
        2.267,
        1,
        0,
        4.1,
        -1,
        0,
        6,
        -0.7,
        0,
        7.167,
        -1,
        1,
        7.345,
        -1,
        7.522,
        -1.073,
        7.7,
        -0.8,
        1,
        8.011,
        -0.322,
        8.322,
        1,
        8.633,
        1,
        1,
        8.844,
        1,
        9.056,
        0.493,
        9.267,
        0,
        1,
        9.511,
        -0.571,
        9.756,
        -0.7,
        10,
        -0.7
      ]
    },
    {
      "Target": "Parameter",
      "Id": "youjiaoxuanzhuan",
      "Segments": [
        0,
        0,
        2,
        2.267,
        0,
        0,
        2.5,
        -1,
        0,
        3.167,
        0.552,
        1,
        3.278,
        0.552,
        3.389,
        0.3,
        3.5,
        0.242,
        1,
        3.711,
        0.131,
        3.922,
        0.131,
        4.133,
        0,
        1,
        4.444,
        -0.193,
        4.756,
        -0.499,
        5.067,
        -0.499,
        0,
        6,
        0,
        2,
        10,
        0
      ]
    },
    {
      "Target": "Parameter",
      "Id": "zuobixuanzhuan",
      "Segments": [
        0,
        0,
        0,
        0.567,
        -0.026,
        0,
        1.5,
        0.049,
        0,
        5.5,
        0,
        2,
        6,
        0,
        2,
        10,
        0
      ]
    },
    {
      "Target": "Parameter",
      "Id": "zuoxiabixuanzhuan",
      "Segments": [
        0,
        0,
        0,
        0.733,
        -0.036,
        0,
        4.1,
        0.106,
        0,
        5.167,
        -0.058,
        0,
        5.5,
        0,
        2,
        6,
        0,
        2,
        10,
        0
      ]
    },
    {
      "Target": "Parameter",
      "Id": "zuoshouxuanzhuan",
      "Segments": [
        0,
        0,
        2,
        0.567,
        0,
        0,
        4.733,
        0.5,
        0,
        5.133,
        -0.4,
        0,
        5.5,
        0,
        2,
        6,
        0,
        2,
        10,
        0
      ]
    },
    {
      "Target": "Parameter",
      "Id": "zuozishousuo",
      "Segments": [
        0,
        0,
        0,
        0.3,
        1,
        2,
        0.733,
        1,
        2,
        4.7,
        1,
        0,
        5.5,
        0,
        2,
        6,
        0,
        2,
        10,
        0
      ]
    },
    {
      "Target": "Parameter",
      "Id": "zuoshoufanzhuan",
      "Segments": [
        0,
        0,
        2,
        0.3,
        0,
        0,
        0.733,
        1,
        2,
        4.867,
        1,
        0,
        5.167,
        0,
        2,
        6,
        0,
        2,
        10,
        0
      ]
    },
    {
      "Target": "Parameter",
      "Id": "youbixuanzhuan",
      "Segments": [
        0,
        0,
        0,
        0.733,
        -0.5,
        1,
        1.855,
        -0.5,
        2.978,
        -0.425,
        4.1,
        -0.2,
        1,
        4.567,
        -0.106,
        5.033,
        0,
        5.5,
        0,
        2,
        6,
        0,
        2,
        10,
        0
      ]
    },
    {
      "Target": "Parameter",
      "Id": "youxiabixuanzhuan",
      "Segments": [
        0,
        0,
        1,
        0.244,
        0,
        0.489,
        0.627,
        0.733,
        0.668,
        1,
        1.855,
        0.853,
        2.978,
        0.9,
        4.1,
        0.9,
        0,
        5.5,
        0,
        2,
        6,
        0,
        2,
        10,
        0
      ]
    },
    {
      "Target": "Parameter",
      "Id": "youxiabishensuo",
      "Segments": [
        0,
        0,
        0,
        0.5,
        -0.612,
        0,
        4.1,
        -0.5,
        0,
        4.867,
        -1,
        0,
        5.5,
        0,
        2,
        6,
        0,
        2,
        10,
        0
      ]
    },
    {
      "Target": "Parameter",
      "Id": "youshouxuanzhuan",
      "Segments": [
        0,
        0,
        0,
        0.333,
        1,
        0,
        0.733,
        0,
        1,
        0.878,
        0,
        1.022,
        0.194,
        1.167,
        0.215,
        1,
        2.145,
        0.354,
        3.122,
        0.4,
        4.1,
        0.4,
        0,
        5.5,
        0,
        2,
        6,
        0,
        2,
        10,
        0
      ]
    },
    {
      "Target": "Parameter",
      "Id": "shangzimianx",
      "Segments": [
        0,
        0,
        2,
        5.5,
        0,
        2,
        6,
        0,
        0,
        9.1,
        -0.472,
        0,
        10,
        0
      ]
    },
    {
      "Target": "Parameter",
      "Id": "youshoufanzhuan",
      "Segments": [
        0,
        0,
        1,
        0.278,
        0,
        0.555,
        0.9,
        0.833,
        1,
        1,
        1.911,
        1.386,
        2.989,
        1.475,
        4.067,
        1.475,
        0,
        5.5,
        0,
        2,
        6,
        0,
        2,
        10,
        0
      ]
    },
    {
      "Target": "Parameter",
      "Id": "paotaijiaodu",
      "Segments": [
        0,
        0,
        0,
        0.867,
        0.612,
        0,
        1.967,
        -0.305,
        0,
        3.533,
        0.358,
        0,
        5.233,
        -0.151,
        0,
        6,
        0,
        0,
        8.033,
        -0.489,
        0,
        10,
        0
      ]
    },
    {
      "Target": "Parameter",
      "Id": "paoguangxuanzhuang",
      "Segments": [
        0,
        0,
        0,
        0.533,
        -0.255,
        0,
        1.4,
        0.336,
        2,
        2.3,
        0.336,
        0,
        3.833,
        -0.451,
        0,
        5.633,
        0.092,
        1,
        5.755,
        0.092,
        5.878,
        0.082,
        6,
        0,
        1,
        6.944,
        -0.637,
        7.889,
        -1,
        8.833,
        -1,
        0,
        10,
        0
      ]
    },
    {
      "Target": "Parameter",
      "Id": "paotaixuanzhuang",
      "Segments": [
        0,
        0,
        0,
        1.5,
        0.565,
        0,
        3.2,
        -0.563,
        0,
        4.767,
        0.2,
        0,
        6,
        0,
        0,
        6.5,
        0.008,
        0,
        6.933,
        -0.003,
        0,
        7.4,
        0.038,
        0,
        8,
        -0.038,
        0,
        8.567,
        0.012,
        0,
        9.033,
        0.001,
        0,
        9.633,
        0.052,
        0,
        10,
        0
      ]
    },
    {
      "Target": "Parameter",
      "Id": "yuleijiaodu1",
      "Segments": [
        0,
        0,
        0,
        1,
        -0.3,
        0,
        2.867,
        0.873,
        1,
        3.911,
        0.873,
        4.956,
        0.097,
        6,
        0,
        1,
        6.167,
        -0.016,
        6.333,
        -0.004,
        6.5,
        -0.004,
        0,
        6.933,
        0.001,
        0,
        7.4,
        -0.019,
        0,
        8,
        0.019,
        0,
        8.567,
        -0.006,
        0,
        9.033,
        -0.001,
        0,
        9.633,
        -0.026,
        0,
        10,
        0
      ]
    },
    {
      "Target": "Parameter",
      "Id": "yuleijiaodu2",
      "Segments": [
        0,
        0,
        0,
        1.133,
        -0.3,
        0,
        3,
        0.873,
        1,
        4,
        0.873,
        5,
        0.075,
        6,
        0,
        1,
        6.167,
        -0.012,
        6.333,
        -0.003,
        6.5,
        -0.003,
        0,
        6.933,
        0.001,
        0,
        7.4,
        -0.015,
        0,
        8,
        0.015,
        0,
        8.567,
        -0.005,
        0,
        9.033,
        -0.001,
        0,
        9.633,
        -0.021,
        0,
        10,
        0
      ]
    },
    {
      "Target": "Parameter",
      "Id": "yuleijiaodu3",
      "Segments": [
        0,
        0,
        0,
        1.267,
        -0.3,
        0,
        3.133,
        0.873,
        1,
        4.089,
        0.873,
        5.044,
        0.053,
        6,
        0,
        1,
        6.167,
        -0.009,
        6.333,
        -0.002,
        6.5,
        -0.002,
        0,
        6.933,
        0.001,
        0,
        7.4,
        -0.011,
        0,
        8,
        0.011,
        0,
        8.567,
        -0.004,
        0,
        9.033,
        0,
        0,
        9.633,
        -0.016,
        0,
        10,
        0
      ]
    },
    {
      "Target": "Parameter",
      "Id": "yuleijiaodu4",
      "Segments": [
        0,
        0,
        0,
        1.4,
        -0.3,
        0,
        3.267,
        0.873,
        1,
        4.178,
        0.873,
        5.089,
        0.034,
        6,
        0,
        1,
        6.167,
        -0.006,
        6.333,
        -0.002,
        6.5,
        -0.002,
        0,
        6.933,
        0.001,
        0,
        7.4,
        -0.008,
        0,
        8,
        0.008,
        0,
        8.567,
        -0.002,
        0,
        9.033,
        0,
        0,
        9.633,
        -0.01,
        0,
        10,
        0
      ]
    },
    {
      "Target": "Parameter",
      "Id": "yuleijiaodu5",
      "Segments": [
        0,
        0,
        0,
        1.533,
        -0.3,
        0,
        3.4,
        0.873,
        1,
        4.267,
        0.873,
        5.133,
        0.016,
        6,
        0,
        1,
        6.167,
        -0.003,
        6.333,
        -0.001,
        6.5,
        -0.001,
        0,
        6.933,
        0,
        0,
        7.4,
        -0.004,
        0,
        8,
        0.004,
        0,
        8.567,
        -0.001,
        0,
        9.033,
        0,
        0,
        9.633,
        -0.005,
        0,
        10,
        0
      ]
    },
    {
      "Target": "Parameter",
      "Id": "jianzhuanjiaodu",
      "Segments": [
        0,
        0,
        2,
        0.133,
        0,
        0,
        0.6,
        0.037,
        0,
        1.4,
        -0.031,
        0,
        2.267,
        0.021,
        0,
        2.667,
        -0.001,
        0,
        3.267,
        0.045,
        0,
        3.867,
        0.025,
        0,
        4.333,
        0.055,
        0,
        5,
        -0.007,
        0,
        5.333,
        0,
        2,
        6,
        0,
        2,
        6.033,
        0,
        0,
        6.8,
        -0.007,
        0,
        7.333,
        0.023,
        0,
        8.033,
        -0.008,
        0,
        8.533,
        -0.001,
        0,
        9.133,
        -0.006,
        1,
        9.3,
        -0.006,
        9.466,
        -0.003,
        9.633,
        -0.001,
        1,
        9.755,
        0,
        9.878,
        0,
        10,
        0
      ]
    },
    {
      "Target": "Parameter",
      "Id": "jianzhuanshangxia",
      "Segments": [
        0,
        0,
        0,
        0.867,
        -0.4,
        0,
        2.667,
        1,
        0,
        4.5,
        -0.7,
        0,
        6,
        0,
        2,
        6.033,
        0,
        0,
        6.567,
        0.003,
        0,
        7.233,
        -0.016,
        0,
        8,
        0.013,
        0,
        8.5,
        0.01,
        0,
        9.067,
        0.013,
        0,
        9.8,
        -0.004,
        0,
        10,
        0
      ]
    },
    {
      "Target": "Parameter",
      "Id": "jianzhuangqumian",
      "Segments": [
        0,
        0,
        0,
        1.467,
        1,
        0,
        3.7,
        -0.164,
        0,
        6,
        0,
        2,
        6.033,
        0,
        0,
        6.567,
        0.014,
        0,
        7.233,
        -0.063,
        0,
        8,
        0.052,
        0,
        8.5,
        0.039,
        0,
        9.067,
        0.053,
        0,
        9.8,
        -0.017,
        0,
        10,
        0
      ]
    },
    {
      "Target": "Parameter",
      "Id": "shoudongwuli",
      "Segments": [
        0,
        0,
        0,
        0.5,
        1,
        2,
        8.833,
        1,
        0,
        9.5,
        0,
        2,
        10,
        0
      ]
    },
    {
      "Target": "Parameter",
      "Id": "mwzy",
      "Segments": [
        0,
        0,
        2,
        0.467,
        0,
        0,
        1.533,
        1,
        0,
        2.7,
        0,
        0,
        3.767,
        1,
        0,
        5.067,
        0,
        2,
        6,
        0,
        2,
        6.833,
        0,
        0,
        8.567,
        0.37,
        0,
        10,
        0
      ]
    },
    {
      "Target": "Parameter",
      "Id": "mwbx",
      "Segments": [
        0,
        0,
        0,
        0.933,
        -1,
        0,
        2,
        1,
        0,
        3.3,
        -1,
        0,
        4.233,
        1,
        0,
        5.3,
        -1,
        0,
        6,
        0,
        0,
        7.633,
        -0.41,
        0,
        9.367,
        0.339,
        0,
        10,
        0
      ]
    },
    {
      "Target": "Parameter",
      "Id": "youtuoxietuer",
      "Segments": [
        0,
        0,
        0,
        0.567,
        -0.628,
        0,
        1.4,
        0.472,
        0,
        1.967,
        -0.528,
        0,
        2.567,
        0.472,
        0,
        3.267,
        -0.628,
        0,
        3.867,
        0.472,
        0,
        4.633,
        -0.528,
        0,
        5.467,
        0.472,
        1,
        5.645,
        0.472,
        5.822,
        0.218,
        6,
        0,
        1,
        6.389,
        -0.477,
        6.778,
        -0.628,
        7.167,
        -0.628,
        0,
        8.467,
        0.472,
        0,
        9.7,
        -0.528,
        0,
        10,
        0
      ]
    },
    {
      "Target": "Parameter",
      "Id": "zuotuoxietuer",
      "Segments": [
        0,
        0,
        0,
        0.567,
        -0.528,
        0,
        1.4,
        0.372,
        0,
        1.967,
        -0.428,
        0,
        2.567,
        0.472,
        0,
        3.267,
        -0.528,
        0,
        3.867,
        0.472,
        0,
        4.633,
        -0.728,
        0,
        5.467,
        0.572,
        1,
        5.645,
        0.572,
        5.822,
        0.197,
        6,
        0,
        1,
        6.389,
        -0.43,
        6.778,
        -0.528,
        7.167,
        -0.528,
        0,
        8.467,
        0.372,
        0,
        9.7,
        -0.428,
        0,
        10,
        0
      ]
    },
    {
      "Target": "Parameter",
      "Id": "sdztryb",
      "Segments": [
        0,
        0,
        0,
        1.167,
        0.4,
        0,
        2.3,
        -1,
        0,
        2.967,
        0.5,
        0,
        3.867,
        -0.571,
        0,
        4.633,
        0.8,
        1,
        5.089,
        0.8,
        5.544,
        0.56,
        6,
        0,
        1,
        6.333,
        -0.41,
        6.667,
        -0.66,
        7,
        -0.66,
        0,
        8,
        0.142,
        0,
        9,
        -0.4,
        0,
        10,
        0
      ]
    },
    {
      "Target": "Parameter",
      "Id": "sdzebx",
      "Segments": [
        0,
        0,
        0,
        0.567,
        -0.787,
        0,
        1.433,
        0.6,
        1,
        1.622,
        0.6,
        1.811,
        0.626,
        2,
        0.4,
        1,
        2.189,
        0.174,
        2.378,
        -0.7,
        2.567,
        -0.7,
        0,
        3.467,
        -0.005,
        0,
        4.267,
        -0.766,
        1,
        4.645,
        -0.766,
        5.022,
        -0.045,
        5.4,
        0.2,
        1,
        5.744,
        0.424,
        6.089,
        0.4,
        6.433,
        0.4,
        0,
        7.367,
        -0.347,
        0,
        8.433,
        0.5,
        0,
        9.367,
        -0.5,
        0,
        10,
        0
      ]
    },
    {
      "Target": "Parameter",
      "Id": "sdyeyb",
      "Segments": [
        0,
        0,
        0,
        1.167,
        0.5,
        0,
        2.3,
        -1,
        0,
        2.9,
        0.6,
        0,
        3.933,
        -0.4,
        0,
        4.633,
        0.7,
        1,
        5.055,
        0.7,
        5.478,
        0.451,
        5.9,
        0,
        1,
        6.233,
        -0.356,
        6.567,
        -0.512,
        6.9,
        -0.512,
        0,
        7.9,
        0.142,
        0,
        8.9,
        -0.4,
        0,
        10,
        0
      ]
    },
    {
      "Target": "Parameter",
      "Id": "sdyebx",
      "Segments": [
        0,
        0,
        0,
        0.567,
        -0.5,
        0,
        1.433,
        0.5,
        1,
        1.622,
        0.5,
        1.811,
        0.525,
        2,
        0.4,
        1,
        2.2,
        0.267,
        2.4,
        -0.8,
        2.6,
        -0.8,
        0,
        3.5,
        0,
        0,
        4.2,
        -0.5,
        1,
        4.6,
        -0.5,
        5,
        -0.042,
        5.4,
        0.2,
        1,
        5.744,
        0.408,
        6.089,
        0.4,
        6.433,
        0.4,
        0,
        7.367,
        -0.292,
        0,
        8.433,
        0.5,
        0,
        9.367,
        -0.5,
        0,
        10,
        0
      ]
    },
    {
      "Target": "Parameter",
      "Id": "sdjzjd",
      "Segments": [
        0,
        0,
        0,
        1.067,
        0.3,
        0,
        2.833,
        -0.3,
        0,
        4.7,
        0.2,
        0,
        6,
        0,
        2,
        10,
        0
      ]
    },
    {
      "Target": "Parameter",
      "Id": "zuotueryaobai",
      "Segments": [
        0,
        0,
        2,
        0.067,
        0,
        0,
        0.5,
        -0.187,
        0,
        1.4,
        0.067,
        0,
        2.267,
        -0.076,
        0,
        2.433,
        -0.066,
        0,
        2.967,
        -0.188,
        0,
        3.367,
        -0.108,
        0,
        3.7,
        -0.139,
        0,
        3.867,
        -0.13,
        0,
        4.133,
        -0.153,
        0,
        4.667,
        -0.021,
        0,
        5,
        -0.065,
        0,
        5.5,
        -0.002,
        0,
        5.7,
        -0.006,
        0,
        6,
        0,
        2,
        6.033,
        0,
        0,
        6.3,
        0.006,
        0,
        6.933,
        -0.078,
        2,
        7.1,
        -0.078,
        2,
        7.133,
        -0.078,
        0,
        7.633,
        0.023,
        0,
        7.967,
        -0.006,
        0,
        8.433,
        0.025,
        0,
        8.667,
        0.023,
        0,
        9.133,
        0.036,
        1,
        9.2,
        0.036,
        9.266,
        0.038,
        9.333,
        0.034,
        1,
        9.555,
        0.022,
        9.778,
        0,
        10,
        0
      ]
    },
    {
      "Target": "Parameter",
      "Id": "ztebx",
      "Segments": [
        0,
        0,
        2,
        0.067,
        0,
        0,
        0.5,
        -0.499,
        0,
        1.4,
        0.179,
        0,
        2.267,
        -0.203,
        0,
        2.433,
        -0.176,
        0,
        2.967,
        -0.501,
        0,
        3.367,
        -0.287,
        0,
        3.7,
        -0.372,
        0,
        3.867,
        -0.345,
        0,
        4.133,
        -0.408,
        0,
        4.667,
        -0.057,
        0,
        5,
        -0.172,
        0,
        5.5,
        -0.007,
        0,
        5.7,
        -0.017,
        0,
        6,
        0,
        2,
        6.033,
        0,
        0,
        6.3,
        0.015,
        0,
        6.933,
        -0.209,
        0,
        7.1,
        -0.207,
        2,
        7.133,
        -0.207,
        0,
        7.633,
        0.061,
        0,
        7.967,
        -0.016,
        0,
        8.433,
        0.067,
        0,
        8.667,
        0.06,
        0,
        9.133,
        0.097,
        1,
        9.2,
        0.097,
        9.266,
        0.101,
        9.333,
        0.091,
        1,
        9.555,
        0.058,
        9.778,
        0,
        10,
        0
      ]
    },
    {
      "Target": "Parameter",
      "Id": "youtueryaobai",
      "Segments": [
        0,
        0,
        2,
        0.067,
        0,
        0,
        0.5,
        -0.187,
        0,
        1.4,
        0.067,
        0,
        2.267,
        -0.076,
        0,
        2.433,
        -0.066,
        0,
        2.967,
        -0.188,
        0,
        3.367,
        -0.108,
        0,
        3.7,
        -0.139,
        0,
        3.867,
        -0.13,
        0,
        4.133,
        -0.153,
        0,
        4.667,
        -0.021,
        0,
        5,
        -0.065,
        0,
        5.5,
        -0.002,
        0,
        5.7,
        -0.006,
        0,
        6,
        0,
        2,
        6.033,
        0,
        0,
        6.3,
        0.006,
        0,
        6.933,
        -0.078,
        2,
        7.1,
        -0.078,
        2,
        7.133,
        -0.078,
        0,
        7.633,
        0.023,
        0,
        7.967,
        -0.006,
        0,
        8.433,
        0.025,
        0,
        8.667,
        0.023,
        0,
        9.133,
        0.036,
        1,
        9.2,
        0.036,
        9.266,
        0.038,
        9.333,
        0.034,
        1,
        9.555,
        0.022,
        9.778,
        0,
        10,
        0
      ]
    },
    {
      "Target": "Parameter",
      "Id": "ytebx",
      "Segments": [
        0,
        0,
        2,
        0.067,
        0,
        0,
        0.5,
        -0.499,
        0,
        1.4,
        0.179,
        0,
        2.267,
        -0.203,
        0,
        2.433,
        -0.176,
        0,
        2.967,
        -0.501,
        0,
        3.367,
        -0.287,
        0,
        3.7,
        -0.372,
        0,
        3.867,
        -0.345,
        0,
        4.133,
        -0.408,
        0,
        4.667,
        -0.057,
        0,
        5,
        -0.172,
        0,
        5.5,
        -0.007,
        0,
        5.7,
        -0.017,
        0,
        6,
        0,
        2,
        6.033,
        0,
        0,
        6.3,
        0.015,
        0,
        6.933,
        -0.209,
        0,
        7.1,
        -0.207,
        2,
        7.133,
        -0.207,
        0,
        7.633,
        0.061,
        0,
        7.967,
        -0.016,
        0,
        8.433,
        0.067,
        0,
        8.667,
        0.06,
        0,
        9.133,
        0.097,
        1,
        9.2,
        0.097,
        9.266,
        0.101,
        9.333,
        0.091,
        1,
        9.555,
        0.058,
        9.778,
        0,
        10,
        0
      ]
    },
    {
      "Target": "Parameter",
      "Id": "ParamHairFront",
      "Segments": [
        0,
        0,
        2,
        0.067,
        0,
        0,
        0.5,
        -0.312,
        0,
        1.4,
        0.112,
        0,
        2.267,
        -0.125,
        0,
        2.467,
        -0.094,
        0,
        2.967,
        -0.331,
        0,
        3.367,
        -0.171,
        0,
        3.7,
        -0.236,
        0,
        3.867,
        -0.219,
        0,
        4.133,
        -0.27,
        0,
        4.667,
        -0.02,
        0,
        5,
        -0.115,
        0,
        5.433,
        0,
        2,
        6,
        0,
        2,
        6.033,
        0,
        0,
        6.3,
        0.011,
        0,
        6.933,
        -0.131,
        0,
        7.067,
        -0.13,
        2,
        7.133,
        -0.13,
        0,
        7.633,
        0.042,
        0,
        7.967,
        -0.012,
        0,
        8.433,
        0.044,
        0,
        8.667,
        0.037,
        0,
        9.133,
        0.06,
        1,
        9.2,
        0.06,
        9.266,
        0.062,
        9.333,
        0.054,
        1,
        9.555,
        0.028,
        9.778,
        0,
        10,
        0
      ]
    },
    {
      "Target": "Parameter",
      "Id": "qianfashensuo",
      "Segments": [
        0,
        0,
        2,
        0.067,
        0,
        0,
        0.5,
        -0.187,
        0,
        1.4,
        0.067,
        0,
        2.267,
        -0.075,
        0,
        2.467,
        -0.056,
        0,
        2.967,
        -0.198,
        0,
        3.367,
        -0.103,
        0,
        3.7,
        -0.142,
        0,
        3.867,
        -0.131,
        0,
        4.133,
        -0.162,
        0,
        4.667,
        -0.012,
        0,
        5,
        -0.069,
        0,
        5.433,
        0,
        2,
        6,
        0,
        2,
        6.033,
        0,
        0,
        6.3,
        0.007,
        0,
        6.933,
        -0.079,
        0,
        7.067,
        -0.078,
        2,
        7.133,
        -0.078,
        0,
        7.633,
        0.025,
        0,
        7.967,
        -0.007,
        0,
        8.433,
        0.026,
        0,
        8.667,
        0.022,
        0,
        9.133,
        0.036,
        1,
        9.2,
        0.036,
        9.266,
        0.037,
        9.333,
        0.032,
        1,
        9.555,
        0.017,
        9.778,
        0,
        10,
        0
      ]
    },
    {
      "Target": "Parameter",
      "Id": "ParamHairSide",
      "Segments": [
        0,
        0,
        2,
        0.067,
        0,
        0,
        0.433,
        -0.519,
        0,
        1.367,
        0.217,
        0,
        2.267,
        -0.231,
        0,
        2.3,
        -0.23,
        0,
        2.967,
        -0.5,
        0,
        3.2,
        -0.424,
        0,
        3.4,
        -0.451,
        0,
        3.833,
        -0.413,
        0,
        4,
        -0.462,
        0,
        4.667,
        -0.191,
        0,
        4.8,
        -0.216,
        0,
        5.833,
        0,
        2,
        6,
        0,
        2,
        6.033,
        0,
        0,
        6.2,
        0.009,
        0,
        7.1,
        -0.256,
        0,
        7.567,
        0.001,
        0,
        7.733,
        -0.032,
        0,
        10,
        0
      ]
    },
    {
      "Target": "Parameter",
      "Id": "ParamHairBack",
      "Segments": [
        0,
        0,
        2,
        0.067,
        0,
        0,
        0.433,
        -0.415,
        0,
        1.367,
        0.173,
        0,
        2.267,
        -0.185,
        0,
        2.3,
        -0.184,
        0,
        2.967,
        -0.4,
        0,
        3.2,
        -0.34,
        0,
        3.4,
        -0.361,
        0,
        3.833,
        -0.33,
        0,
        4,
        -0.369,
        0,
        4.667,
        -0.153,
        0,
        4.8,
        -0.173,
        0,
        5.833,
        0,
        2,
        6,
        0,
        2,
        6.033,
        0,
        0,
        6.2,
        0.007,
        0,
        7.1,
        -0.205,
        0,
        7.567,
        0.001,
        0,
        7.733,
        -0.026,
        0,
        10,
        0
      ]
    },
    {
      "Target": "Parameter",
      "Id": "lingdangyaobai",
      "Segments": [
        0,
        0,
        2,
        0.1,
        0,
        0,
        0.4,
        -0.228,
        0,
        1.367,
        0.104,
        0,
        2.233,
        -0.101,
        0,
        2.333,
        -0.081,
        0,
        2.967,
        -0.262,
        0,
        3.133,
        -0.212,
        0,
        3.3,
        -0.226,
        0,
        3.833,
        -0.207,
        0,
        4,
        -0.258,
        0,
        4.633,
        -0.088,
        0,
        4.767,
        -0.117,
        0,
        5.7,
        0,
        2,
        6,
        0,
        2,
        6.033,
        0,
        0,
        6.233,
        0.02,
        0,
        7.133,
        -0.13,
        0,
        7.533,
        -0.01,
        0,
        7.667,
        -0.016,
        0,
        9.1,
        0.056,
        0,
        9.2,
        0.053,
        0,
        9.533,
        0.07,
        1,
        9.555,
        0.07,
        9.578,
        0.071,
        9.6,
        0.065,
        1,
        9.733,
        0.027,
        9.867,
        0,
        10,
        0
      ]
    },
    {
      "Target": "Parameter",
      "Id": "zuoshuxiujiaodu",
      "Segments": [
        0,
        0,
        0,
        1.267,
        -0.589,
        0,
        2.6,
        0.564,
        0,
        3.9,
        -0.486,
        0,
        5.3,
        0.373,
        1,
        5.533,
        0.373,
        5.767,
        0.14,
        6,
        0,
        1,
        6.744,
        -0.446,
        7.489,
        -0.589,
        8.233,
        -0.589,
        0,
        10,
        0
      ]
    },
    {
      "Target": "Parameter",
      "Id": "zuoshuxiuyaobai",
      "Segments": [
        0,
        0,
        0,
        0.7,
        0.484,
        0,
        2,
        -0.541,
        0,
        3.467,
        0.394,
        0,
        5.067,
        -0.427,
        1,
        5.378,
        -0.427,
        5.689,
        -0.234,
        6,
        0,
        1,
        6.478,
        0.36,
        6.955,
        0.484,
        7.433,
        0.484,
        0,
        9.333,
        -0.541,
        0,
        10,
        0
      ]
    },
    {
      "Target": "Parameter",
      "Id": "youshuxiujiaodu",
      "Segments": [
        0,
        0,
        0,
        1.167,
        -0.622,
        0,
        2.5,
        0.671,
        0,
        3.8,
        -0.622,
        0,
        5.167,
        0.671,
        1,
        5.445,
        0.671,
        5.722,
        0.201,
        6,
        0,
        1,
        6.7,
        -0.506,
        7.4,
        -0.622,
        8.1,
        -0.622,
        0,
        10,
        0
      ]
    },
    {
      "Target": "Parameter",
      "Id": "youshuxiudaiyaobai",
      "Segments": [
        0,
        0,
        0,
        0.6,
        0.698,
        0,
        1.8,
        -0.606,
        0,
        3.133,
        0.698,
        0,
        4.533,
        -0.606,
        1,
        5.022,
        -0.606,
        5.511,
        -0.457,
        6,
        0,
        1,
        6.422,
        0.395,
        6.845,
        0.698,
        7.267,
        0.698,
        0,
        9.033,
        -0.606,
        0,
        10,
        0
      ]
    },
    {
      "Target": "Parameter",
      "Id": "zldbx",
      "Segments": [
        0,
        0,
        0,
        1,
        -0.5,
        0,
        2.967,
        0.5,
        0,
        4.8,
        -0.4,
        0,
        6,
        0,
        0,
        7.867,
        -0.5,
        0,
        10,
        0
      ]
    },
    {
      "Target": "Parameter",
      "Id": "yldbx",
      "Segments": [
        0,
        0,
        0,
        0.5,
        -0.5,
        0,
        2.467,
        0.5,
        0,
        4.333,
        -0.5,
        0,
        6,
        0,
        0,
        7.1,
        -0.5,
        0,
        10,
        0
      ]
    },
    {
      "Target": "Parameter",
      "Id": "youopdaibianxing",
      "Segments": [
        0,
        0,
        0,
        0.967,
        1,
        0,
        2.233,
        -1,
        0,
        4.2,
        0.772,
        0,
        5.6,
        -0.6,
        1,
        5.733,
        -0.6,
        5.867,
        -0.089,
        6,
        0,
        1,
        6.6,
        0.402,
        7.2,
        0.515,
        7.8,
        0.515,
        0,
        9.667,
        -0.385,
        0,
        10,
        0
      ]
    },
    {
      "Target": "Parameter",
      "Id": "zxdyb",
      "Segments": [
        0,
        0,
        0,
        1.233,
        -1,
        0,
        2.9,
        1,
        0,
        4.7,
        -1,
        0,
        6,
        0,
        0,
        8.2,
        -1,
        0,
        10,
        0
      ]
    },
    {
      "Target": "Parameter",
      "Id": "youxiongdaijiaodu",
      "Segments": [
        0,
        0,
        0,
        0.933,
        -1,
        0,
        2.033,
        1,
        0,
        3.1,
        -1,
        0,
        4.267,
        0.818,
        0,
        5.633,
        -0.728,
        0,
        6,
        0,
        0,
        7.767,
        -1,
        0,
        9.4,
        1,
        0,
        10,
        0
      ]
    },
    {
      "Target": "Parameter",
      "Id": "yxdyb",
      "Segments": [
        0,
        0,
        0,
        0.467,
        0.7,
        0,
        1.467,
        -0.6,
        0,
        2.567,
        0.5,
        0,
        3.733,
        -0.5,
        0,
        4.967,
        0.404,
        0,
        6,
        0,
        0,
        7.067,
        0.7,
        0,
        8.533,
        -0.6,
        0,
        10,
        0
      ]
    },
    {
      "Target": "Parameter",
      "Id": "ParamAngleX",
      "Segments": [
        0,
        0,
        2,
        0.567,
        0,
        2,
        1.367,
        0,
        2,
        2.167,
        0,
        0,
        2.9,
        -10,
        2,
        3.8,
        -10,
        0,
        4.567,
        0,
        2,
        6,
        0,
        0,
        7.033,
        -1,
        0,
        7.467,
        0,
        0,
        9.033,
        -2,
        0,
        10,
        0
      ]
    },
    {
      "Target": "Parameter",
      "Id": "ParamAngleY",
      "Segments": [
        0,
        0,
        0,
        0.567,
        -30,
        0,
        1.367,
        0,
        2,
        2.167,
        0,
        0,
        2.9,
        -30,
        2,
        3.8,
        -30,
        0,
        4.567,
        0,
        2,
        6,
        0,
        0,
        7.033,
        -8.065,
        0,
        8,
        0,
        0,
        9.033,
        -18.021,
        0,
        10,
        0
      ]
    },
    {
      "Target": "Parameter",
      "Id": "shouZ",
      "Segments": [
        0,
        0,
        0,
        0.367,
        -12,
        0,
        1.333,
        5,
        0,
        2.767,
        -13,
        1,
        3.267,
        -13,
        3.767,
        -12.908,
        4.267,
        -9.603,
        1,
        4.845,
        -5.784,
        5.422,
        0,
        6,
        0,
        0,
        7.033,
        -6,
        0,
        7.467,
        0,
        0,
        9.1,
        -16,
        0,
        10,
        0
      ]
    },
    {
      "Target": "Parameter",
      "Id": "ParamBodyAngleXX",
      "Segments": [
        0,
        0,
        0,
        1.2,
        0.3,
        0,
        2.833,
        -0.4,
        1,
        3.222,
        -0.4,
        3.611,
        -0.409,
        4,
        -0.337,
        1,
        4.356,
        -0.271,
        4.711,
        0.094,
        5.067,
        0.094,
        0,
        6,
        0,
        2,
        10,
        0
      ]
    },
    {
      "Target": "Parameter",
      "Id": "ParamBodyAngleZ",
      "Segments": [
        0,
        0,
        0,
        1.633,
        0.393,
        0,
        3.733,
        0,
        2,
        6,
        0,
        0,
        8.567,
        -1.394,
        0,
        10,
        0
      ]
    },
    {
      "Target": "Parameter",
      "Id": "ParamBreath",
      "Segments": [
        0,
        0,
        0,
        1,
        1,
        0,
        3,
        0,
        0,
        4,
        1,
        0,
        6,
        0,
        0,
        7,
        1,
        0,
        9,
        0,
        2,
        10,
        0
      ]
    },
    {
      "Target": "Parameter",
      "Id": "yifuzuoyou",
      "Segments": [
        0,
        0,
        0,
        1.3,
        1,
        0,
        3,
        -1,
        0,
        4.8,
        1,
        0,
        6,
        0,
        0,
        7.3,
        1,
        0,
        9,
        -1,
        0,
        10,
        0
      ]
    },
    {
      "Target": "Parameter",
      "Id": "yifubianxing",
      "Segments": [
        0,
        0,
        0,
        0.667,
        -30,
        0,
        2.067,
        30,
        0,
        3.767,
        -30,
        0,
        5.433,
        10,
        1,
        5.622,
        10,
        5.811,
        9.616,
        6,
        0,
        1,
        6.222,
        -11.313,
        6.445,
        -30,
        6.667,
        -30,
        0,
        8.067,
        30,
        0,
        9.767,
        -30,
        0,
        10,
        0
      ]
    },
    {
      "Target": "Parameter",
      "Id": "baozhaguodu",
      "Segments": [
        0,
        0,
        0,
        10,
        0
      ]
    },
    {
      "Target": "Parameter",
      "Id": "baimaotmd",
      "Segments": [
        0,
        0,
        0,
        10,
        0
      ]
    },
    {
      "Target": "Parameter",
      "Id": "baimaoshensuo",
      "Segments": [
        0,
        0,
        0,
        10,
        0
      ]
    },
    {
      "Target": "Parameter",
      "Id": "baimaojiya",
      "Segments": [
        0,
        0,
        0,
        10,
        0
      ]
    },
    {
      "Target": "Parameter",
      "Id": "maozuoyou",
      "Segments": [
        0,
        0,
        0,
        10,
        0
      ]
    },
    {
      "Target": "Parameter",
      "Id": "maoshangxia",
      "Segments": [
        0,
        0,
        0,
        10,
        0
      ]
    },
    {
      "Target": "Parameter",
      "Id": "maojiaodu",
      "Segments": [
        0,
        0,
        0,
        10,
        0
      ]
    },
    {
      "Target": "Parameter",
      "Id": "maoliandai",
      "Segments": [
        0,
        0,
        0,
        10,
        0
      ]
    },
    {
      "Target": "Parameter",
      "Id": "maoerduo",
      "Segments": [
        0,
        0,
        0,
        10,
        0
      ]
    },
    {
      "Target": "Parameter",
      "Id": "maozhayan",
      "Segments": [
        0,
        0,
        0,
        10,
        0
      ]
    },
    {
      "Target": "Parameter",
      "Id": "maogaoguang",
      "Segments": [
        0,
        0,
        0,
        10,
        0
      ]
    },
    {
      "Target": "Parameter",
      "Id": "maozui",
      "Segments": [
        0,
        0,
        0,
        10,
        0
      ]
    },
    {
      "Target": "Parameter",
      "Id": "maozuishetou",
      "Segments": [
        0,
        0,
        0,
        10,
        0
      ]
    },
    {
      "Target": "Parameter",
      "Id": "maohongyun",
      "Segments": [
        0,
        0,
        0,
        10,
        0
      ]
    },
    {
      "Target": "Parameter",
      "Id": "maozishensuo",
      "Segments": [
        0,
        0,
        0,
        10,
        0
      ]
    },
    {
      "Target": "Parameter",
      "Id": "maoshou",
      "Segments": [
        0,
        -1,
        0,
        10,
        -1
      ]
    },
    {
      "Target": "Parameter",
      "Id": "maoweibajiaodu",
      "Segments": [
        0,
        0,
        0,
        10,
        0
      ]
    },
    {
      "Target": "Parameter",
      "Id": "maoweibabianxing",
      "Segments": [
        0,
        0,
        0,
        10,
        0
      ]
    },
    {
      "Target": "Parameter",
      "Id": "maozuojiao",
      "Segments": [
        0,
        0,
        0,
        10,
        0
      ]
    },
    {
      "Target": "Parameter",
      "Id": "maoyoujiao",
      "Segments": [
        0,
        0,
        0,
        10,
        0
      ]
    },
    {
      "Target": "Parameter",
      "Id": "ParamBrowLX",
      "Segments": [
        0,
        0,
        0,
        10,
        0
      ]
    },
    {
      "Target": "Parameter",
      "Id": "ParamBrowRX",
      "Segments": [
        0,
        0,
        0,
        10,
        0
      ]
    },
    {
      "Target": "Parameter",
      "Id": "ParamBrowLAngle",
      "Segments": [
        0,
        0,
        0,
        10,
        0
      ]
    },
    {
      "Target": "Parameter",
      "Id": "ParamBrowRAngle",
      "Segments": [
        0,
        0,
        0,
        10,
        0
      ]
    },
    {
      "Target": "Parameter",
      "Id": "muyuqiehuan",
      "Segments": [
        0,
        0,
        0,
        10,
        0
      ]
    },
    {
      "Target": "Parameter",
      "Id": "gaoguangtoumingdu",
      "Segments": [
        0,
        0,
        0,
        10,
        0
      ]
    },
    {
      "Target": "Parameter",
      "Id": "ParamMouthOpenY",
      "Segments": [
        0,
        0,
        0,
        10,
        0
      ]
    },
    {
      "Target": "Parameter",
      "Id": "ParamCheek",
      "Segments": [
        0,
        0,
        0,
        10,
        0
      ]
    },
    {
      "Target": "Parameter",
      "Id": "yunbianxing",
      "Segments": [
        0,
        -1,
        0,
        10,
        -1
      ]
    },
    {
      "Target": "Parameter",
      "Id": "expyun1",
      "Segments": [
        0,
        0,
        0,
        10,
        0
      ]
    },
    {
      "Target": "Parameter",
      "Id": "yunjiaodu",
      "Segments": [
        0,
        0,
        0,
        10,
        0
      ]
    },
    {
      "Target": "Parameter",
      "Id": "shuijiaozzz",
      "Segments": [
        0,
        0,
        0,
        10,
        0
      ]
    },
    {
      "Target": "Parameter",
      "Id": "shuijiaozzztmd",
      "Segments": [
        0,
        0,
        0,
        10,
        0
      ]
    },
    {
      "Target": "Parameter",
      "Id": "shuijiaoyidong",
      "Segments": [
        0,
        0,
        0,
        10,
        0
      ]
    },
    {
      "Target": "Parameter",
      "Id": "dingjjj",
      "Segments": [
        0,
        0,
        0,
        10,
        0
      ]
    },
    {
      "Target": "Parameter",
      "Id": "youshoutui",
      "Segments": [
        0,
        0,
        0,
        10,
        0
      ]
    },
    {
      "Target": "Parameter",
      "Id": "youtuiqiehuan",
      "Segments": [
        0,
        1,
        0,
        10,
        1
      ]
    },
    {
      "Target": "Parameter",
      "Id": "zuoshoutui",
      "Segments": [
        0,
        0,
        0,
        10,
        0
      ]
    },
    {
      "Target": "Parameter",
      "Id": "zuotuiqiehuan",
      "Segments": [
        0,
        1,
        0,
        10,
        1
      ]
    },
    {
      "Target": "Parameter",
      "Id": "zuotuixuanzhuan",
      "Segments": [
        0,
        0,
        0,
        10,
        0
      ]
    },
    {
      "Target": "Parameter",
      "Id": "zuotuizuoyou",
      "Segments": [
        0,
        0,
        0,
        10,
        0
      ]
    },
    {
      "Target": "Parameter",
      "Id": "zuotuishangxia",
      "Segments": [
        0,
        0,
        0,
        10,
        0
      ]
    },
    {
      "Target": "Parameter",
      "Id": "zuotuidaxiao",
      "Segments": [
        0,
        0,
        0,
        10,
        0
      ]
    },
    {
      "Target": "Parameter",
      "Id": "youtuixuanzhuan",
      "Segments": [
        0,
        0,
        0,
        10,
        0
      ]
    },
    {
      "Target": "Parameter",
      "Id": "youtuizuoyou",
      "Segments": [
        0,
        0,
        0,
        10,
        0
      ]
    },
    {
      "Target": "Parameter",
      "Id": "youtuishangxia",
      "Segments": [
        0,
        0,
        0,
        10,
        0
      ]
    },
    {
      "Target": "Parameter",
      "Id": "youtuidaxiao",
      "Segments": [
        0,
        0,
        0,
        10,
        0
      ]
    },
    {
      "Target": "Parameter",
      "Id": "zuobishensuo",
      "Segments": [
        0,
        0,
        0,
        10,
        0
      ]
    },
    {
      "Target": "Parameter",
      "Id": "zuoxiabishensuo",
      "Segments": [
        0,
        0,
        0,
        10,
        0
      ]
    },
    {
      "Target": "Parameter",
      "Id": "xingfengtmd",
      "Segments": [
        0,
        0,
        0,
        10,
        0
      ]
    },
    {
      "Target": "Parameter",
      "Id": "xingfengjiaodu",
      "Segments": [
        0,
        0,
        0,
        10,
        0
      ]
    },
    {
      "Target": "Parameter",
      "Id": "youbishensuo",
      "Segments": [
        0,
        0,
        0,
        10,
        0
      ]
    },
    {
      "Target": "Parameter",
      "Id": "youbijiya",
      "Segments": [
        0,
        0,
        0,
        10,
        0
      ]
    },
    {
      "Target": "Parameter",
      "Id": "yssztmd",
      "Segments": [
        0,
        0,
        0,
        10,
        0
      ]
    },
    {
      "Target": "Parameter",
      "Id": "yousizi",
      "Segments": [
        0,
        -1,
        0,
        10,
        -1
      ]
    },
    {
      "Target": "Parameter",
      "Id": "paotaichanrao",
      "Segments": [
        0,
        4,
        0,
        10,
        4
      ]
    },
    {
      "Target": "Parameter",
      "Id": "paodishenchu",
      "Segments": [
        0,
        1,
        0,
        10,
        1
      ]
    },
    {
      "Target": "Parameter",
      "Id": "yuleichangrao",
      "Segments": [
        0,
        6,
        0,
        10,
        6
      ]
    },
    {
      "Target": "Parameter",
      "Id": "paotaishensuo",
      "Segments": [
        0,
        0,
        0,
        10,
        0
      ]
    },
    {
      "Target": "Parameter",
      "Id": "yuleiweiyi1",
      "Segments": [
        0,
        0,
        0,
        10,
        0
      ]
    },
    {
      "Target": "Parameter",
      "Id": "yuleiweiyi2",
      "Segments": [
        0,
        0,
        0,
        10,
        0
      ]
    },
    {
      "Target": "Parameter",
      "Id": "yuleiweiyi3",
      "Segments": [
        0,
        0,
        0,
        10,
        0
      ]
    },
    {
      "Target": "Parameter",
      "Id": "yuleiweiyi5",
      "Segments": [
        0,
        0,
        0,
        10,
        0
      ]
    },
    {
      "Target": "Parameter",
      "Id": "yuleiweiyi4",
      "Segments": [
        0,
        0,
        0,
        10,
        0
      ]
    },
    {
      "Target": "Parameter",
      "Id": "liuhaiyaobai",
      "Segments": [
        0,
        0,
        0,
        10,
        0
      ]
    },
    {
      "Target": "Parameter",
      "Id": "zuocefatuceng",
      "Segments": [
        0,
        0,
        0,
        10,
        0
      ]
    },
    {
      "Target": "Parameter",
      "Id": "ParamBodyAngleY",
      "Segments": [
        0,
        0,
        0,
        10,
        0
      ]
    },
    {
      "Target": "Parameter",
      "Id": "jblsbx",
      "Segments": [
        0,
        0.5,
        0,
        10,
        0.5
      ]
    },
    {
      "Target": "Parameter",
      "Id": "slszy",
      "Segments": [
        0,
        -1.24,
        0,
        10,
        -1.24
      ]
    },
    {
      "Target": "Parameter",
      "Id": "szlssx",
      "Segments": [
        0,
        0,
        0,
        10,
        0
      ]
    },
    {
      "Target": "Parameter",
      "Id": "slsjd",
      "Segments": [
        0,
        0,
        0,
        10,
        0
      ]
    },
    {
      "Target": "Parameter",
      "Id": "szlsbx",
      "Segments": [
        0,
        0,
        0,
        10,
        0
      ]
    },
    {
      "Target": "Parameter",
      "Id": "szlstc",
      "Segments": [
        0,
        0,
        0,
        10,
        0
      ]
    },
    {
      "Target": "Parameter",
      "Id": "yifuxingtai",
      "Segments": [
        0,
        0,
        0,
        10,
        0
      ]
    },
    {
      "Target": "Parameter",
      "Id": "yifuyaobai",
      "Segments": [
        0,
        0,
        0,
        10,
        0
      ]
    },
    {
      "Target": "Parameter",
      "Id": "xiashujiaodu",
      "Segments": [
        0,
        0,
        0,
        10,
        0
      ]
    },
    {
      "Target": "Parameter",
      "Id": "shentishangxia",
      "Segments": [
        0,
        0,
        0,
        10,
        0
      ]
    },
    {
      "Target": "Parameter",
      "Id": "shentidaxiao",
      "Segments": [
        0,
        0,
        0,
        10,
        0
      ]
    },
    {
      "Target": "Parameter",
      "Id": "shangshenshangxia",
      "Segments": [
        0,
        0,
        0,
        10,
        0
      ]
    },
    {
      "Target": "Parameter",
      "Id": "shangshenjiaodu",
      "Segments": [
        0,
        0,
        0,
        10,
        0
      ]
    }
  ],
  "UserData": [
    {
      "Time": 9.5,
      "Value": ""
    }
  ]
}