{
  "Version": 3,
  "Meta": {
    "Duration": 6.0,
    "Fps": 30.0,
    "Loop": true,
    "CurveCount": 170,
    "TotalSegmentCount": 553,
    "TotalPointCount": 677,
    "UserDataCount": 1,
    "TotalUserDataSize": 0
  },
  "Curves": [
    {
      "Target": "Parameter",
      "Id": "zhuweibabianxing",
      "Segments": [
        0,
        0,
        0,
        1.567,
        -1,
        0,
        3.633,
        0.629,
        0,
        5.067,
        -1,
        0,
        6,
        0
      ]
    },
    {
      "Target": "Parameter",
      "Id": "zhupigushangxia",
      "Segments": [
        0,
        0,
        0,
        0.733,
        1,
        1,
        0.989,
        1,
        1.244,
        0.681,
        1.5,
        0,
        1,
        1.744,
        -0.652,
        1.989,
        -1,
        2.233,
        -1,
        1,
        2.489,
        -1,
        2.744,
        -0.681,
        3,
        0,
        1,
        3.244,
        0.652,
        3.489,
        1,
        3.733,
        1,
        1,
        3.989,
        1,
        4.244,
        0.681,
        4.5,
        0,
        1,
        4.744,
        -0.652,
        4.989,
        -1,
        5.233,
        -1,
        0,
        6,
        0
      ]
    },
    {
      "Target": "Parameter",
      "Id": "zhupiguzuoyou",
      "Segments": [
        0,
        -1,
        1,
        0.244,
        -1,
        0.489,
        -0.652,
        0.733,
        0,
        1,
        0.989,
        0.681,
        1.244,
        1,
        1.5,
        1,
        1,
        1.744,
        1,
        1.989,
        0.652,
        2.233,
        0,
        1,
        2.489,
        -0.681,
        2.744,
        -1,
        3,
        -1,
        1,
        3.244,
        -1,
        3.489,
        -0.652,
        3.733,
        0,
        1,
        3.989,
        0.681,
        4.244,
        1,
        4.5,
        1,
        1,
        4.744,
        1,
        4.989,
        0.652,
        5.233,
        0,
        1,
        5.489,
        -0.681,
        5.744,
        -1,
        6,
        -1
      ]
    },
    {
      "Target": "Parameter",
      "Id": "shubianhua",
      "Segments": [
        0,
        0,
        0,
        1,
        5,
        0,
        2,
        0,
        0,
        3,
        5,
        0,
        4,
        0,
        0,
        5,
        5,
        0,
        6,
        0
      ]
    },
    {
      "Target": "Parameter",
      "Id": "shumujiaodu",
      "Segments": [
        0,
        0,
        0,
        1.133,
        -0.3,
        0,
        2.667,
        0.167,
        0,
        4.633,
        -0.2,
        0,
        6,
        0
      ]
    },
    {
      "Target": "Parameter",
      "Id": "sz1dyb",
      "Segments": [
        0,
        0,
        0,
        2.5,
        0.707,
        0,
        6,
        0
      ]
    },
    {
      "Target": "Parameter",
      "Id": "sz2dyb",
      "Segments": [
        0,
        0,
        0,
        2.067,
        -0.6,
        0,
        6,
        0
      ]
    },
    {
      "Target": "Parameter",
      "Id": "sz3dyb",
      "Segments": [
        0,
        0,
        0,
        2.8,
        -0.5,
        0,
        6,
        0
      ]
    },
    {
      "Target": "Parameter",
      "Id": "ParamEyeLOpen",
      "Segments": [
        0,
        1,
        2,
        0.8,
        1,
        0,
        1.033,
        0.8,
        2,
        1.3,
        0.8,
        2,
        1.733,
        0.8,
        0,
        1.9,
        0.7,
        2,
        2.733,
        0.7,
        0,
        3,
        0,
        0,
        3.467,
        1,
        2,
        6,
        1
      ]
    },
    {
      "Target": "Parameter",
      "Id": "ParamEyeROpen",
      "Segments": [
        0,
        1,
        2,
        0.8,
        1,
        0,
        1.033,
        0.8,
        2,
        1.3,
        0.8,
        2,
        1.733,
        0.8,
        0,
        1.9,
        0.7,
        2,
        2.733,
        0.7,
        0,
        3,
        0,
        0,
        3.467,
        1,
        2,
        6,
        1
      ]
    },
    {
      "Target": "Parameter",
      "Id": "gaoguangdonghua",
      "Segments": [
        0,
        0,
        0,
        0.8,
        1,
        0,
        1.467,
        0,
        2,
        1.967,
        0,
        0,
        2.2,
        1,
        0,
        3.1,
        0,
        0,
        3.333,
        1,
        0,
        3.533,
        0,
        0,
        3.767,
        0.795,
        0,
        4,
        0,
        0,
        5.067,
        0.2,
        0,
        6,
        0
      ]
    },
    {
      "Target": "Parameter",
      "Id": "tongkongdaxiao",
      "Segments": [
        0,
        0,
        2,
        0.8,
        0,
        0,
        1.033,
        0.4,
        1,
        1.689,
        0.4,
        2.344,
        0.382,
        3,
        0.3,
        1,
        3.156,
        0.281,
        3.311,
        -0.6,
        3.467,
        -0.6,
        0,
        3.767,
        0.3,
        0,
        3.967,
        0,
        2,
        6,
        0
      ]
    },
    {
      "Target": "Parameter",
      "Id": "ParamBrowLY",
      "Segments": [
        0,
        0,
        2,
        0.8,
        0,
        1,
        0.878,
        0,
        0.955,
        -0.195,
        1.033,
        -0.2,
        1,
        1.6,
        -0.238,
        2.166,
        -0.262,
        2.733,
        -0.3,
        1,
        2.822,
        -0.306,
        2.911,
        -1,
        3,
        -1,
        0,
        3.467,
        0,
        2,
        6,
        0
      ]
    },
    {
      "Target": "Parameter",
      "Id": "ParamBrowRY",
      "Segments": [
        0,
        0,
        2,
        0.8,
        0,
        1,
        0.878,
        0,
        0.955,
        -0.195,
        1.033,
        -0.2,
        1,
        1.6,
        -0.238,
        2.166,
        -0.262,
        2.733,
        -0.3,
        1,
        2.822,
        -0.306,
        2.911,
        -1,
        3,
        -1,
        0,
        3.467,
        0,
        2,
        6,
        0
      ]
    },
    {
      "Target": "Parameter",
      "Id": "ParamBrowLForm",
      "Segments": [
        0,
        0,
        0,
        2.733,
        -0.5,
        0,
        4.167,
        0,
        2,
        6,
        0
      ]
    },
    {
      "Target": "Parameter",
      "Id": "ParamBrowRForm",
      "Segments": [
        0,
        0,
        0,
        2.733,
        -0.5,
        0,
        4.167,
        0,
        2,
        6,
        0
      ]
    },
    {
      "Target": "Parameter",
      "Id": "ParamEyeBallX",
      "Segments": [
        0,
        0,
        0,
        1.3,
        -1,
        1,
        1.5,
        -1,
        1.7,
        -0.982,
        1.9,
        -0.8,
        1,
        1.989,
        -0.719,
        2.078,
        0.571,
        2.167,
        0.6,
        1,
        2.434,
        0.687,
        2.7,
        0.7,
        2.967,
        0.7,
        0,
        3.167,
        0,
        2,
        6,
        0
      ]
    },
    {
      "Target": "Parameter",
      "Id": "ParamEyeBallY",
      "Segments": [
        0,
        0,
        0,
        1.3,
        -1,
        0,
        1.9,
        -0.8,
        0,
        2.167,
        -1,
        2,
        2.967,
        -1,
        0,
        3.167,
        0,
        2,
        6,
        0
      ]
    },
    {
      "Target": "Parameter",
      "Id": "liuhaigaoguang",
      "Segments": [
        0,
        0,
        0,
        1.9,
        -1,
        0,
        4.4,
        0.217,
        0,
        6,
        0
      ]
    },
    {
      "Target": "Parameter",
      "Id": "ParamMouthForm",
      "Segments": [
        0,
        0,
        0,
        1.2,
        -0.6,
        1,
        1.511,
        -0.6,
        1.822,
        -0.526,
        2.133,
        0,
        1,
        2.333,
        0.338,
        2.533,
        1,
        2.733,
        1,
        0,
        4.667,
        -0.3,
        0,
        6,
        0
      ]
    },
    {
      "Target": "Parameter",
      "Id": "zuoxiaotuixuanzhuan",
      "Segments": [
        0,
        0,
        0,
        0.633,
        -0.068,
        0,
        1.633,
        0.091,
        0,
        3.067,
        -0.13,
        0,
        4.767,
        0.113,
        0,
        6,
        0
      ]
    },
    {
      "Target": "Parameter",
      "Id": "zuobaijiao",
      "Segments": [
        0,
        -0.7,
        0,
        1.7,
        -0.864,
        0,
        6,
        -0.7
      ]
    },
    {
      "Target": "Parameter",
      "Id": "zuojiaoxuanzhuan",
      "Segments": [
        0,
        0,
        0,
        1.033,
        -0.376,
        0,
        2,
        0.295,
        0,
        3.7,
        -0.5,
        0,
        5.033,
        0.43,
        0,
        6,
        0
      ]
    },
    {
      "Target": "Parameter",
      "Id": "youxiaotuixuanzhuan",
      "Segments": [
        0,
        0,
        0,
        0.633,
        -0.079,
        0,
        1.633,
        0.309,
        0,
        3.067,
        -0.199,
        0,
        4.767,
        0.268,
        0,
        5.7,
        -0.056,
        0,
        6,
        0
      ]
    },
    {
      "Target": "Parameter",
      "Id": "youbaijiao",
      "Segments": [
        0,
        -0.7,
        0,
        1.567,
        -0.879,
        0,
        3.933,
        -0.64,
        0,
        6,
        -0.7
      ]
    },
    {
      "Target": "Parameter",
      "Id": "youjiaoxuanzhuan",
      "Segments": [
        0,
        0,
        0,
        1.033,
        -0.688,
        0,
        2,
        0.3,
        0,
        3.367,
        -0.6,
        0,
        5.033,
        0.507,
        0,
        6,
        0
      ]
    },
    {
      "Target": "Parameter",
      "Id": "zuobixuanzhuan",
      "Segments": [
        0,
        0,
        0,
        1.5,
        0.28,
        1,
        2.056,
        0.28,
        2.611,
        0.119,
        3.167,
        0,
        1,
        3.556,
        -0.083,
        3.944,
        -0.082,
        4.333,
        -0.082,
        0,
        6,
        0
      ]
    },
    {
      "Target": "Parameter",
      "Id": "zuoxiabixuanzhuan",
      "Segments": [
        0,
        0,
        0,
        0.667,
        -0.038,
        0,
        3.167,
        0,
        0,
        4.333,
        -0.018,
        0,
        6,
        0
      ]
    },
    {
      "Target": "Parameter",
      "Id": "zuoxiabishensuo",
      "Segments": [
        0,
        0,
        0,
        0.667,
        1,
        1,
        1.667,
        1,
        2.667,
        0.718,
        3.667,
        0,
        1,
        3.889,
        -0.16,
        4.111,
        -0.368,
        4.333,
        -0.368,
        0,
        6,
        0
      ]
    },
    {
      "Target": "Parameter",
      "Id": "zuoshouxuanzhuan",
      "Segments": [
        0,
        0,
        1,
        0.222,
        0,
        0.445,
        0,
        0.667,
        0.07,
        1,
        0.834,
        0.122,
        1,
        0.3,
        1.167,
        0.3,
        0,
        3.667,
        0,
        2,
        4,
        0,
        0,
        4.333,
        0.072,
        0,
        6,
        0
      ]
    },
    {
      "Target": "Parameter",
      "Id": "zuozishousuo",
      "Segments": [
        0,
        0,
        2,
        0.433,
        0,
        0,
        0.667,
        1,
        2,
        4.333,
        1,
        0,
        4.9,
        0,
        2,
        6,
        0
      ]
    },
    {
      "Target": "Parameter",
      "Id": "zuoshoufanzhuan",
      "Segments": [
        0,
        0,
        2,
        0.667,
        0,
        0,
        1.2,
        1,
        2,
        3.8,
        1,
        0,
        4.333,
        0,
        2,
        6,
        0
      ]
    },
    {
      "Target": "Parameter",
      "Id": "youbixuanzhuan",
      "Segments": [
        0,
        0,
        1,
        0.144,
        0,
        0.289,
        -0.13,
        0.433,
        -0.17,
        1,
        0.511,
        -0.192,
        0.589,
        -0.175,
        0.667,
        -0.2,
        1,
        0.834,
        -0.254,
        1,
        -0.475,
        1.167,
        -0.475,
        0,
        1.833,
        0,
        2,
        4.333,
        0,
        2,
        6,
        0
      ]
    },
    {
      "Target": "Parameter",
      "Id": "youbishensuo",
      "Segments": [
        0,
        0,
        0,
        1.167,
        0.4,
        0,
        1.933,
        0,
        2,
        6,
        0
      ]
    },
    {
      "Target": "Parameter",
      "Id": "youxiabixuanzhuan",
      "Segments": [
        0,
        0,
        1,
        0.111,
        0,
        0.222,
        0.003,
        0.333,
        0.008,
        1,
        0.444,
        0.013,
        0.556,
        0.007,
        0.667,
        0.024,
        1,
        0.922,
        0.063,
        1.178,
        1,
        1.433,
        1,
        0,
        2,
        0.918,
        0,
        2.7,
        0.98,
        2,
        3,
        0.98,
        1,
        3.2,
        0.98,
        3.4,
        0.964,
        3.6,
        0.808,
        1,
        3.844,
        0.618,
        4.089,
        0.235,
        4.333,
        0,
        1,
        4.478,
        -0.139,
        4.622,
        -0.171,
        4.767,
        -0.171,
        0,
        5.167,
        0,
        2,
        6,
        0
      ]
    },
    {
      "Target": "Parameter",
      "Id": "youxiabishensuo",
      "Segments": [
        0,
        0,
        0,
        0.333,
        -0.048,
        2,
        0.667,
        -0.048,
        0,
        1,
        -0.705,
        0,
        1.333,
        1,
        0,
        2.7,
        0.8,
        2,
        3,
        0.8,
        1,
        3.267,
        0.8,
        3.533,
        -0.323,
        3.8,
        -0.377,
        1,
        3.978,
        -0.414,
        4.155,
        -0.4,
        4.333,
        -0.4,
        0,
        6,
        0
      ]
    },
    {
      "Target": "Parameter",
      "Id": "youshouxuanzhuan",
      "Segments": [
        0,
        0,
        0,
        0.333,
        -0.32,
        1,
        0.444,
        -0.32,
        0.556,
        -0.325,
        0.667,
        -0.028,
        1,
        0.834,
        0.417,
        1,
        1,
        1.167,
        1,
        0,
        2,
        -0.5,
        0,
        2.7,
        -0.1,
        2,
        3,
        -0.1,
        2,
        3.167,
        -0.1,
        0,
        3.6,
        -1,
        2,
        4.033,
        -1,
        0,
        4.333,
        0,
        2,
        6,
        0
      ]
    },
    {
      "Target": "Parameter",
      "Id": "yssztmd",
      "Segments": [
        0,
        0,
        2,
        0.667,
        0,
        0,
        0.7,
        1,
        2,
        1.3,
        1,
        2,
        4.333,
        1,
        0,
        4.367,
        0,
        2,
        6,
        0
      ]
    },
    {
      "Target": "Parameter",
      "Id": "youshoufanzhuan",
      "Segments": [
        0,
        0,
        2,
        0.833,
        0,
        0,
        1.5,
        2,
        2,
        2.7,
        2,
        2,
        3,
        2,
        2,
        3.533,
        2,
        0,
        4.333,
        0,
        2,
        6,
        0
      ]
    },
    {
      "Target": "Parameter",
      "Id": "yousizi",
      "Segments": [
        0,
        -1,
        2,
        1.333,
        -1,
        0,
        1.833,
        0,
        0,
        2.367,
        -0.028,
        0,
        2.8,
        0,
        2,
        3.267,
        0,
        0,
        3.833,
        -1,
        2,
        6,
        -1
      ]
    },
    {
      "Target": "Parameter",
      "Id": "paotaijiaodu",
      "Segments": [
        0,
        0,
        0,
        0.867,
        0.612,
        0,
        1.967,
        -0.305,
        0,
        3.533,
        0.358,
        0,
        5.233,
        -0.151,
        0,
        6,
        0
      ]
    },
    {
      "Target": "Parameter",
      "Id": "paoguangxuanzhuang",
      "Segments": [
        0,
        0,
        0,
        0.533,
        -0.255,
        0,
        1.4,
        0.336,
        2,
        2.3,
        0.336,
        0,
        3.833,
        -0.451,
        0,
        5.633,
        0.092,
        0,
        6,
        0
      ]
    },
    {
      "Target": "Parameter",
      "Id": "paotaixuanzhuang",
      "Segments": [
        0,
        0,
        0,
        1.5,
        0.565,
        0,
        3.2,
        -0.563,
        0,
        4.767,
        0.2,
        0,
        6,
        0
      ]
    },
    {
      "Target": "Parameter",
      "Id": "yuleijiaodu1",
      "Segments": [
        0,
        0,
        0,
        1,
        -0.3,
        0,
        2.867,
        0.873,
        0,
        6,
        0
      ]
    },
    {
      "Target": "Parameter",
      "Id": "yuleijiaodu2",
      "Segments": [
        0,
        0,
        0,
        1.133,
        -0.3,
        0,
        3,
        0.873,
        0,
        6,
        0
      ]
    },
    {
      "Target": "Parameter",
      "Id": "yuleijiaodu3",
      "Segments": [
        0,
        0,
        0,
        1.267,
        -0.3,
        0,
        3.133,
        0.873,
        0,
        6,
        0
      ]
    },
    {
      "Target": "Parameter",
      "Id": "yuleijiaodu4",
      "Segments": [
        0,
        0,
        0,
        1.4,
        -0.3,
        0,
        3.267,
        0.873,
        0,
        6,
        0
      ]
    },
    {
      "Target": "Parameter",
      "Id": "yuleijiaodu5",
      "Segments": [
        0,
        0,
        0,
        1.533,
        -0.3,
        0,
        3.4,
        0.873,
        0,
        6,
        0
      ]
    },
    {
      "Target": "Parameter",
      "Id": "jianzhuanjiaodu",
      "Segments": [
        0,
        0,
        2,
        0.7,
        0,
        0,
        1.3,
        -0.037,
        0,
        2.2,
        0.042,
        0,
        3.267,
        -0.037,
        0,
        4.9,
        0.023,
        0,
        6,
        0
      ]
    },
    {
      "Target": "Parameter",
      "Id": "shoudongwuli",
      "Segments": [
        0,
        0,
        0,
        0.5,
        1,
        2,
        5.333,
        1,
        0,
        6,
        0
      ]
    },
    {
      "Target": "Parameter",
      "Id": "mwzy",
      "Segments": [
        0,
        0,
        2,
        0.467,
        0,
        0,
        1.533,
        1,
        0,
        2.7,
        0,
        0,
        3.767,
        1,
        0,
        5.067,
        0,
        2,
        6,
        0
      ]
    },
    {
      "Target": "Parameter",
      "Id": "mwbx",
      "Segments": [
        0,
        0,
        0,
        0.933,
        -1,
        0,
        2,
        1,
        0,
        3.3,
        -1,
        0,
        4.233,
        1,
        0,
        5.3,
        -1,
        0,
        6,
        0
      ]
    },
    {
      "Target": "Parameter",
      "Id": "youtuoxietuer",
      "Segments": [
        0,
        0,
        0,
        0.333,
        1,
        0,
        1.2,
        -1,
        1,
        1.344,
        -1,
        1.489,
        -0.963,
        1.633,
        -0.7,
        1,
        1.766,
        -0.457,
        1.9,
        0.205,
        2.033,
        0.413,
        1,
        2.333,
        0.881,
        2.633,
        1,
        2.933,
        1,
        0,
        3.733,
        -0.91,
        1,
        3.922,
        -0.91,
        4.111,
        -0.931,
        4.3,
        -0.5,
        1,
        4.533,
        0.033,
        4.767,
        1,
        5,
        1,
        0,
        6,
        0
      ]
    },
    {
      "Target": "Parameter",
      "Id": "zuotuoxietuer",
      "Segments": [
        0,
        0,
        0,
        0.333,
        1,
        0,
        1.2,
        -1,
        1,
        1.344,
        -1,
        1.489,
        -0.963,
        1.633,
        -0.7,
        1,
        1.766,
        -0.457,
        1.9,
        0.205,
        2.033,
        0.413,
        1,
        2.333,
        0.881,
        2.633,
        1,
        2.933,
        1,
        0,
        3.733,
        -0.91,
        1,
        3.922,
        -0.91,
        4.111,
        -0.931,
        4.3,
        -0.5,
        1,
        4.533,
        0.033,
        4.767,
        1,
        5,
        1,
        0,
        6,
        0
      ]
    },
    {
      "Target": "Parameter",
      "Id": "sdztryb",
      "Segments": [
        0,
        0,
        0,
        1.167,
        0.4,
        0,
        2.3,
        -1,
        0,
        2.967,
        0.5,
        0,
        3.867,
        -0.571,
        0,
        4.633,
        0.8,
        0,
        5.2,
        -0.5,
        0,
        6,
        0
      ]
    },
    {
      "Target": "Parameter",
      "Id": "sdzebx",
      "Segments": [
        0,
        0,
        0,
        0.567,
        -0.787,
        0,
        1.433,
        0.6,
        1,
        1.622,
        0.6,
        1.811,
        0.626,
        2,
        0.4,
        1,
        2.189,
        0.174,
        2.378,
        -0.7,
        2.567,
        -0.7,
        0,
        3.467,
        -0.005,
        0,
        4.367,
        -0.766,
        0,
        5.5,
        0.2,
        0,
        6,
        0
      ]
    },
    {
      "Target": "Parameter",
      "Id": "sdyeyb",
      "Segments": [
        0,
        0,
        0,
        1.167,
        0.5,
        0,
        2.3,
        -1,
        0,
        2.9,
        0.6,
        0,
        4.033,
        -0.4,
        0,
        4.733,
        0.7,
        0,
        5.2,
        -0.5,
        0,
        6,
        0
      ]
    },
    {
      "Target": "Parameter",
      "Id": "sdyebx",
      "Segments": [
        0,
        0,
        0,
        0.567,
        -0.5,
        0,
        1.433,
        0.5,
        1,
        1.622,
        0.5,
        1.811,
        0.525,
        2,
        0.4,
        1,
        2.2,
        0.267,
        2.4,
        -0.8,
        2.6,
        -0.8,
        0,
        3.5,
        0,
        0,
        4.3,
        -0.5,
        0,
        5.5,
        0.2,
        0,
        6,
        0
      ]
    },
    {
      "Target": "Parameter",
      "Id": "sdjzjd",
      "Segments": [
        0,
        0,
        0,
        1.067,
        0.3,
        0,
        2.833,
        -0.3,
        0,
        4.7,
        0.2,
        0,
        6,
        0
      ]
    },
    {
      "Target": "Parameter",
      "Id": "zuotueryaobai",
      "Segments": [
        0,
        0,
        2,
        0.367,
        0,
        0,
        0.967,
        0.086,
        0,
        2.167,
        -0.083,
        0,
        3.267,
        0.079,
        0,
        4.867,
        -0.059,
        0,
        5.967,
        0.007,
        0,
        6,
        0
      ]
    },
    {
      "Target": "Parameter",
      "Id": "ztebx",
      "Segments": [
        0,
        0,
        2,
        0.367,
        0,
        0,
        0.967,
        0.23,
        0,
        2.167,
        -0.22,
        0,
        3.267,
        0.212,
        0,
        4.867,
        -0.157,
        0,
        5.967,
        0.017,
        0,
        6,
        0
      ]
    },
    {
      "Target": "Parameter",
      "Id": "youtueryaobai",
      "Segments": [
        0,
        0,
        2,
        0.367,
        0,
        0,
        0.967,
        0.086,
        0,
        2.167,
        -0.083,
        0,
        3.267,
        0.079,
        0,
        4.867,
        -0.059,
        0,
        5.967,
        0.007,
        0,
        6,
        0
      ]
    },
    {
      "Target": "Parameter",
      "Id": "ytebx",
      "Segments": [
        0,
        0,
        2,
        0.367,
        0,
        0,
        0.967,
        0.23,
        0,
        2.167,
        -0.22,
        0,
        3.267,
        0.212,
        0,
        4.867,
        -0.157,
        0,
        5.967,
        0.017,
        0,
        6,
        0
      ]
    },
    {
      "Target": "Parameter",
      "Id": "ParamHairFront",
      "Segments": [
        0,
        0,
        2,
        0.367,
        0,
        0,
        0.967,
        0.144,
        0,
        2.167,
        -0.138,
        0,
        3.267,
        0.132,
        0,
        4.867,
        -0.098,
        0,
        5.967,
        0.011,
        0,
        6,
        0
      ]
    },
    {
      "Target": "Parameter",
      "Id": "qianfashensuo",
      "Segments": [
        0,
        0,
        2,
        0.367,
        0,
        0,
        0.967,
        0.029,
        0,
        2.167,
        -0.028,
        0,
        3.267,
        0.026,
        0,
        4.867,
        -0.02,
        0,
        5.967,
        0.002,
        0,
        6,
        0
      ]
    },
    {
      "Target": "Parameter",
      "Id": "ParamHairSide",
      "Segments": [
        0,
        0,
        2,
        0.267,
        0,
        0,
        1.167,
        0.288,
        0,
        2.2,
        -0.247,
        0,
        3.3,
        0.24,
        0,
        4.933,
        -0.188,
        0,
        5.967,
        0.012,
        0,
        6,
        0
      ]
    },
    {
      "Target": "Parameter",
      "Id": "lingdangyaobai",
      "Segments": [
        0,
        0,
        2,
        0.367,
        0,
        0,
        1.2,
        0.142,
        0,
        2.2,
        -0.119,
        0,
        3.3,
        0.117,
        0,
        4.133,
        0,
        2,
        4.333,
        0,
        0,
        4.9,
        -0.093,
        0,
        5.8,
        0,
        2,
        6,
        0
      ]
    },
    {
      "Target": "Parameter",
      "Id": "zuoshuxiujiaodu",
      "Segments": [
        0,
        0,
        0,
        1.267,
        -0.589,
        0,
        2.6,
        0.564,
        0,
        3.9,
        -0.486,
        0,
        5.3,
        0.373,
        0,
        6,
        0
      ]
    },
    {
      "Target": "Parameter",
      "Id": "zuoshuxiuyaobai",
      "Segments": [
        0,
        0,
        0,
        0.7,
        0.484,
        0,
        2,
        -0.541,
        0,
        3.467,
        0.394,
        0,
        5.067,
        -0.427,
        0,
        6,
        0
      ]
    },
    {
      "Target": "Parameter",
      "Id": "youshuxiujiaodu",
      "Segments": [
        0,
        0,
        0,
        1.167,
        -0.622,
        0,
        2.5,
        0.671,
        0,
        3.8,
        -0.622,
        0,
        5.167,
        0.671,
        0,
        6,
        0
      ]
    },
    {
      "Target": "Parameter",
      "Id": "youshuxiudaiyaobai",
      "Segments": [
        0,
        0,
        0,
        0.6,
        0.698,
        0,
        1.8,
        -0.606,
        0,
        3.133,
        0.698,
        0,
        4.533,
        -0.606,
        0,
        6,
        0
      ]
    },
    {
      "Target": "Parameter",
      "Id": "zldbx",
      "Segments": [
        0,
        0,
        0,
        1,
        -0.5,
        0,
        2.967,
        0.5,
        0,
        4.8,
        -0.4,
        0,
        6,
        0
      ]
    },
    {
      "Target": "Parameter",
      "Id": "yldbx",
      "Segments": [
        0,
        0,
        0,
        0.5,
        -0.5,
        0,
        2.467,
        0.5,
        0,
        4.333,
        -0.5,
        0,
        6,
        0
      ]
    },
    {
      "Target": "Parameter",
      "Id": "youopdaibianxing",
      "Segments": [
        0,
        0,
        0,
        0.967,
        1,
        0,
        2.233,
        -1,
        0,
        4.2,
        0.772,
        0,
        5.6,
        -0.6,
        0,
        6,
        0
      ]
    },
    {
      "Target": "Parameter",
      "Id": "zxdyb",
      "Segments": [
        0,
        0,
        0,
        1.233,
        -1,
        0,
        2.9,
        1,
        0,
        4.7,
        -1,
        0,
        6,
        0
      ]
    },
    {
      "Target": "Parameter",
      "Id": "youxiongdaijiaodu",
      "Segments": [
        0,
        0,
        0,
        0.933,
        -1,
        0,
        2.033,
        1,
        0,
        3.1,
        -1,
        0,
        4.267,
        0.818,
        0,
        5.633,
        -0.728,
        0,
        6,
        0
      ]
    },
    {
      "Target": "Parameter",
      "Id": "yxdyb",
      "Segments": [
        0,
        0,
        0,
        0.467,
        0.7,
        0,
        1.467,
        -0.6,
        0,
        2.567,
        0.5,
        0,
        3.733,
        -0.5,
        0,
        4.967,
        0.404,
        0,
        6,
        0
      ]
    },
    {
      "Target": "Parameter",
      "Id": "ParamAngleX",
      "Segments": [
        0,
        0,
        0,
        0.933,
        -3,
        0,
        1.967,
        2,
        0,
        3.433,
        0,
        2,
        6,
        0
      ]
    },
    {
      "Target": "Parameter",
      "Id": "ParamAngleY",
      "Segments": [
        0,
        0,
        0,
        1.233,
        -23,
        1,
        1.955,
        -23,
        2.678,
        -22.98,
        3.4,
        -21,
        1,
        3.789,
        -19.934,
        4.178,
        0,
        4.567,
        0,
        2,
        6,
        0
      ]
    },
    {
      "Target": "Parameter",
      "Id": "shouZ",
      "Segments": [
        0,
        0,
        0,
        1.167,
        8.081,
        0,
        2.167,
        -6.623,
        0,
        3.267,
        6.551,
        0,
        4.9,
        -5.229,
        0,
        6,
        0
      ]
    },
    {
      "Target": "Parameter",
      "Id": "ParamBodyAngleXX",
      "Segments": [
        0,
        0,
        0,
        0.833,
        0.532,
        0,
        1.833,
        -0.565,
        0,
        3.067,
        0.227,
        0,
        4.633,
        -0.199,
        0,
        6,
        0
      ]
    },
    {
      "Target": "Parameter",
      "Id": "ParamBreath",
      "Segments": [
        0,
        0,
        0,
        1,
        1,
        0,
        3,
        0,
        0,
        4,
        1,
        0,
        6,
        0
      ]
    },
    {
      "Target": "Parameter",
      "Id": "yifuzuoyou",
      "Segments": [
        0,
        0,
        0,
        1.167,
        1,
        0,
        2.7,
        -1,
        0,
        4.3,
        1,
        0,
        5.533,
        -1,
        0,
        6,
        0
      ]
    },
    {
      "Target": "Parameter",
      "Id": "yifubianxing",
      "Segments": [
        0,
        0,
        0,
        0.6,
        -30,
        0,
        1.833,
        30,
        0,
        3.367,
        -30,
        0,
        5.033,
        27.761,
        0,
        6,
        0
      ]
    },
    {
      "Target": "Parameter",
      "Id": "baozhaguodu",
      "Segments": [
        0,
        0,
        0,
        6,
        0
      ]
    },
    {
      "Target": "Parameter",
      "Id": "baimaotmd",
      "Segments": [
        0,
        0,
        0,
        6,
        0
      ]
    },
    {
      "Target": "Parameter",
      "Id": "baimaoshensuo",
      "Segments": [
        0,
        0,
        0,
        6,
        0
      ]
    },
    {
      "Target": "Parameter",
      "Id": "baimaojiya",
      "Segments": [
        0,
        0,
        0,
        6,
        0
      ]
    },
    {
      "Target": "Parameter",
      "Id": "maozuoyou",
      "Segments": [
        0,
        0,
        0,
        6,
        0
      ]
    },
    {
      "Target": "Parameter",
      "Id": "maoshangxia",
      "Segments": [
        0,
        0,
        0,
        6,
        0
      ]
    },
    {
      "Target": "Parameter",
      "Id": "maojiaodu",
      "Segments": [
        0,
        0,
        0,
        6,
        0
      ]
    },
    {
      "Target": "Parameter",
      "Id": "maoliandai",
      "Segments": [
        0,
        0,
        0,
        6,
        0
      ]
    },
    {
      "Target": "Parameter",
      "Id": "maoerduo",
      "Segments": [
        0,
        0,
        0,
        6,
        0
      ]
    },
    {
      "Target": "Parameter",
      "Id": "maozhayan",
      "Segments": [
        0,
        0,
        0,
        6,
        0
      ]
    },
    {
      "Target": "Parameter",
      "Id": "maogaoguang",
      "Segments": [
        0,
        0,
        0,
        6,
        0
      ]
    },
    {
      "Target": "Parameter",
      "Id": "maozui",
      "Segments": [
        0,
        0,
        0,
        6,
        0
      ]
    },
    {
      "Target": "Parameter",
      "Id": "maozuishetou",
      "Segments": [
        0,
        0,
        0,
        6,
        0
      ]
    },
    {
      "Target": "Parameter",
      "Id": "maohongyun",
      "Segments": [
        0,
        0,
        0,
        6,
        0
      ]
    },
    {
      "Target": "Parameter",
      "Id": "maozishensuo",
      "Segments": [
        0,
        0,
        0,
        6,
        0
      ]
    },
    {
      "Target": "Parameter",
      "Id": "maoshou",
      "Segments": [
        0,
        -1,
        0,
        6,
        -1
      ]
    },
    {
      "Target": "Parameter",
      "Id": "maoweibajiaodu",
      "Segments": [
        0,
        0,
        0,
        6,
        0
      ]
    },
    {
      "Target": "Parameter",
      "Id": "maoweibabianxing",
      "Segments": [
        0,
        0,
        0,
        6,
        0
      ]
    },
    {
      "Target": "Parameter",
      "Id": "maozuojiao",
      "Segments": [
        0,
        0,
        0,
        6,
        0
      ]
    },
    {
      "Target": "Parameter",
      "Id": "maoyoujiao",
      "Segments": [
        0,
        0,
        0,
        6,
        0
      ]
    },
    {
      "Target": "Parameter",
      "Id": "ParamEyeLSmile",
      "Segments": [
        0,
        0,
        0,
        6,
        0
      ]
    },
    {
      "Target": "Parameter",
      "Id": "ParamEyeRSmile",
      "Segments": [
        0,
        0,
        0,
        6,
        0
      ]
    },
    {
      "Target": "Parameter",
      "Id": "ParamBrowLX",
      "Segments": [
        0,
        0,
        0,
        6,
        0
      ]
    },
    {
      "Target": "Parameter",
      "Id": "ParamBrowRX",
      "Segments": [
        0,
        0,
        0,
        6,
        0
      ]
    },
    {
      "Target": "Parameter",
      "Id": "ParamBrowLAngle",
      "Segments": [
        0,
        0,
        0,
        6,
        0
      ]
    },
    {
      "Target": "Parameter",
      "Id": "ParamBrowRAngle",
      "Segments": [
        0,
        0,
        0,
        6,
        0
      ]
    },
    {
      "Target": "Parameter",
      "Id": "muyudaxiao",
      "Segments": [
        0,
        0,
        0,
        6,
        0
      ]
    },
    {
      "Target": "Parameter",
      "Id": "muyuqiehuan",
      "Segments": [
        0,
        0,
        0,
        6,
        0
      ]
    },
    {
      "Target": "Parameter",
      "Id": "gaoguangtoumingdu",
      "Segments": [
        0,
        0,
        0,
        6,
        0
      ]
    },
    {
      "Target": "Parameter",
      "Id": "ParamMouthOpenY",
      "Segments": [
        0,
        0,
        0,
        6,
        0
      ]
    },
    {
      "Target": "Parameter",
      "Id": "ParamCheek",
      "Segments": [
        0,
        0,
        0,
        6,
        0
      ]
    },
    {
      "Target": "Parameter",
      "Id": "yunbianxing",
      "Segments": [
        0,
        -1,
        0,
        6,
        -1
      ]
    },
    {
      "Target": "Parameter",
      "Id": "expyun1",
      "Segments": [
        0,
        0,
        0,
        6,
        0
      ]
    },
    {
      "Target": "Parameter",
      "Id": "yunjiaodu",
      "Segments": [
        0,
        0,
        0,
        6,
        0
      ]
    },
    {
      "Target": "Parameter",
      "Id": "shuijiaozzz",
      "Segments": [
        0,
        0,
        0,
        6,
        0
      ]
    },
    {
      "Target": "Parameter",
      "Id": "shuijiaozzztmd",
      "Segments": [
        0,
        0,
        0,
        6,
        0
      ]
    },
    {
      "Target": "Parameter",
      "Id": "shuijiaoyidong",
      "Segments": [
        0,
        0,
        0,
        6,
        0
      ]
    },
    {
      "Target": "Parameter",
      "Id": "dingjjj",
      "Segments": [
        0,
        0,
        0,
        6,
        0
      ]
    },
    {
      "Target": "Parameter",
      "Id": "youshoutui",
      "Segments": [
        0,
        0,
        0,
        6,
        0
      ]
    },
    {
      "Target": "Parameter",
      "Id": "youtuiqiehuan",
      "Segments": [
        0,
        1,
        0,
        6,
        1
      ]
    },
    {
      "Target": "Parameter",
      "Id": "zuoshoutui",
      "Segments": [
        0,
        0,
        0,
        6,
        0
      ]
    },
    {
      "Target": "Parameter",
      "Id": "zuotuiqiehuan",
      "Segments": [
        0,
        1,
        0,
        6,
        1
      ]
    },
    {
      "Target": "Parameter",
      "Id": "zuotuixuanzhuan",
      "Segments": [
        0,
        0,
        0,
        6,
        0
      ]
    },
    {
      "Target": "Parameter",
      "Id": "zuotuizuoyou",
      "Segments": [
        0,
        0,
        0,
        6,
        0
      ]
    },
    {
      "Target": "Parameter",
      "Id": "zuotuishangxia",
      "Segments": [
        0,
        0,
        0,
        6,
        0
      ]
    },
    {
      "Target": "Parameter",
      "Id": "zuotuidaxiao",
      "Segments": [
        0,
        0,
        0,
        6,
        0
      ]
    },
    {
      "Target": "Parameter",
      "Id": "youtuixuanzhuan",
      "Segments": [
        0,
        0,
        0,
        6,
        0
      ]
    },
    {
      "Target": "Parameter",
      "Id": "youtuizuoyou",
      "Segments": [
        0,
        0,
        0,
        6,
        0
      ]
    },
    {
      "Target": "Parameter",
      "Id": "youtuishangxia",
      "Segments": [
        0,
        0,
        0,
        6,
        0
      ]
    },
    {
      "Target": "Parameter",
      "Id": "youtuidaxiao",
      "Segments": [
        0,
        0,
        0,
        6,
        0
      ]
    },
    {
      "Target": "Parameter",
      "Id": "zuoxiaotuishensuo",
      "Segments": [
        0,
        0,
        0,
        6,
        0
      ]
    },
    {
      "Target": "Parameter",
      "Id": "youxiaotuishensuo",
      "Segments": [
        0,
        0,
        0,
        6,
        0
      ]
    },
    {
      "Target": "Parameter",
      "Id": "zuobishensuo",
      "Segments": [
        0,
        0,
        0,
        6,
        0
      ]
    },
    {
      "Target": "Parameter",
      "Id": "xingfengtmd",
      "Segments": [
        0,
        0,
        0,
        6,
        0
      ]
    },
    {
      "Target": "Parameter",
      "Id": "xingfengjiaodu",
      "Segments": [
        0,
        0,
        0,
        6,
        0
      ]
    },
    {
      "Target": "Parameter",
      "Id": "youbijiya",
      "Segments": [
        0,
        0,
        0,
        6,
        0
      ]
    },
    {
      "Target": "Parameter",
      "Id": "shangzimianx",
      "Segments": [
        0,
        0,
        0,
        6,
        0
      ]
    },
    {
      "Target": "Parameter",
      "Id": "paotaichanrao",
      "Segments": [
        0,
        4,
        0,
        6,
        4
      ]
    },
    {
      "Target": "Parameter",
      "Id": "paodishenchu",
      "Segments": [
        0,
        1,
        0,
        6,
        1
      ]
    },
    {
      "Target": "Parameter",
      "Id": "yuleichangrao",
      "Segments": [
        0,
        6,
        0,
        6,
        6
      ]
    },
    {
      "Target": "Parameter",
      "Id": "paotaishensuo",
      "Segments": [
        0,
        0,
        0,
        6,
        0
      ]
    },
    {
      "Target": "Parameter",
      "Id": "yuleiweiyi1",
      "Segments": [
        0,
        0,
        0,
        6,
        0
      ]
    },
    {
      "Target": "Parameter",
      "Id": "yuleiweiyi2",
      "Segments": [
        0,
        0,
        0,
        6,
        0
      ]
    },
    {
      "Target": "Parameter",
      "Id": "yuleiweiyi3",
      "Segments": [
        0,
        0,
        0,
        6,
        0
      ]
    },
    {
      "Target": "Parameter",
      "Id": "yuleiweiyi5",
      "Segments": [
        0,
        0,
        0,
        6,
        0
      ]
    },
    {
      "Target": "Parameter",
      "Id": "yuleiweiyi4",
      "Segments": [
        0,
        0,
        0,
        6,
        0
      ]
    },
    {
      "Target": "Parameter",
      "Id": "jianzhuanshangxia",
      "Segments": [
        0,
        0,
        0,
        6,
        0
      ]
    },
    {
      "Target": "Parameter",
      "Id": "jianzhuangqumian",
      "Segments": [
        0,
        0,
        0,
        6,
        0
      ]
    },
    {
      "Target": "Parameter",
      "Id": "liuhaiyaobai",
      "Segments": [
        0,
        0,
        0,
        6,
        0
      ]
    },
    {
      "Target": "Parameter",
      "Id": "ParamHairBack",
      "Segments": [
        0,
        0,
        0,
        6,
        0
      ]
    },
    {
      "Target": "Parameter",
      "Id": "zuocefatuceng",
      "Segments": [
        0,
        0,
        0,
        6,
        0
      ]
    },
    {
      "Target": "Parameter",
      "Id": "ParamBodyAngleY",
      "Segments": [
        0,
        0,
        0,
        6,
        0
      ]
    },
    {
      "Target": "Parameter",
      "Id": "ParamBodyAngleZ",
      "Segments": [
        0,
        0,
        0,
        6,
        0
      ]
    },
    {
      "Target": "Parameter",
      "Id": "jblsbx",
      "Segments": [
        0,
        0.5,
        0,
        6,
        0.5
      ]
    },
    {
      "Target": "Parameter",
      "Id": "slszy",
      "Segments": [
        0,
        -1.24,
        0,
        6,
        -1.24
      ]
    },
    {
      "Target": "Parameter",
      "Id": "szlssx",
      "Segments": [
        0,
        0,
        0,
        6,
        0
      ]
    },
    {
      "Target": "Parameter",
      "Id": "slsjd",
      "Segments": [
        0,
        0,
        0,
        6,
        0
      ]
    },
    {
      "Target": "Parameter",
      "Id": "szlsbx",
      "Segments": [
        0,
        0,
        0,
        6,
        0
      ]
    },
    {
      "Target": "Parameter",
      "Id": "szlstc",
      "Segments": [
        0,
        0,
        0,
        6,
        0
      ]
    },
    {
      "Target": "Parameter",
      "Id": "yifuxingtai",
      "Segments": [
        0,
        0,
        0,
        6,
        0
      ]
    },
    {
      "Target": "Parameter",
      "Id": "yifuyaobai",
      "Segments": [
        0,
        0,
        0,
        6,
        0
      ]
    },
    {
      "Target": "Parameter",
      "Id": "xiashujiaodu",
      "Segments": [
        0,
        0,
        0,
        6,
        0
      ]
    },
    {
      "Target": "Parameter",
      "Id": "shentishangxia",
      "Segments": [
        0,
        0,
        0,
        6,
        0
      ]
    },
    {
      "Target": "Parameter",
      "Id": "shentidaxiao",
      "Segments": [
        0,
        0,
        0,
        6,
        0
      ]
    },
    {
      "Target": "Parameter",
      "Id": "shangshenshangxia",
      "Segments": [
        0,
        0,
        0,
        6,
        0
      ]
    },
    {
      "Target": "Parameter",
      "Id": "shangshenjiaodu",
      "Segments": [
        0,
        0,
        0,
        6,
        0
      ]
    }
  ],
  "UserData": [
    {
      "Time": 5.5,
      "Value": ""
    }
  ]
}