{
  "Version": 3,
  "Meta": {
    "Duration": 6.0,
    "Fps": 30.0,
    "Loop": true,
    "CurveCount": 171,
    "TotalSegmentCount": 656,
    "TotalPointCount": 826,
    "UserDataCount": 1,
    "TotalUserDataSize": 0
  },
  "Curves": [
    {
      "Target": "Parameter",
      "Id": "zhuweibabianxing",
      "Segments": [
        0,
        0,
        0,
        1.567,
        -1,
        0,
        3.633,
        0.629,
        0,
        5.067,
        -1,
        0,
        6,
        0
      ]
    },
    {
      "Target": "Parameter",
      "Id": "zhupigushangxia",
      "Segments": [
        0,
        0,
        0,
        0.733,
        1,
        1,
        0.989,
        1,
        1.244,
        0.681,
        1.5,
        0,
        1,
        1.744,
        -0.652,
        1.989,
        -1,
        2.233,
        -1,
        1,
        2.489,
        -1,
        2.744,
        -0.681,
        3,
        0,
        1,
        3.244,
        0.652,
        3.489,
        1,
        3.733,
        1,
        1,
        3.989,
        1,
        4.244,
        0.681,
        4.5,
        0,
        1,
        4.744,
        -0.652,
        4.989,
        -1,
        5.233,
        -1,
        0,
        6,
        0
      ]
    },
    {
      "Target": "Parameter",
      "Id": "zhupiguzuoyou",
      "Segments": [
        0,
        -1,
        1,
        0.244,
        -1,
        0.489,
        -0.652,
        0.733,
        0,
        1,
        0.989,
        0.681,
        1.244,
        1,
        1.5,
        1,
        1,
        1.744,
        1,
        1.989,
        0.652,
        2.233,
        0,
        1,
        2.489,
        -0.681,
        2.744,
        -1,
        3,
        -1,
        1,
        3.244,
        -1,
        3.489,
        -0.652,
        3.733,
        0,
        1,
        3.989,
        0.681,
        4.244,
        1,
        4.5,
        1,
        1,
        4.744,
        1,
        4.989,
        0.652,
        5.233,
        0,
        1,
        5.489,
        -0.681,
        5.744,
        -1,
        6,
        -1
      ]
    },
    {
      "Target": "Parameter",
      "Id": "shubianhua",
      "Segments": [
        0,
        0,
        0,
        1,
        5,
        0,
        2,
        0,
        0,
        3,
        5,
        0,
        4,
        0,
        0,
        5,
        5,
        0,
        6,
        0
      ]
    },
    {
      "Target": "Parameter",
      "Id": "shumujiaodu",
      "Segments": [
        0,
        0,
        0,
        0.5,
        0.2,
        0,
        1.467,
        -0.4,
        0,
        3.6,
        0.2,
        0,
        5.1,
        -0.056,
        0,
        6,
        0
      ]
    },
    {
      "Target": "Parameter",
      "Id": "sz1dyb",
      "Segments": [
        0,
        0,
        0,
        2.5,
        0.707,
        0,
        6,
        0
      ]
    },
    {
      "Target": "Parameter",
      "Id": "sz2dyb",
      "Segments": [
        0,
        0,
        0,
        2.067,
        -0.6,
        0,
        6,
        0
      ]
    },
    {
      "Target": "Parameter",
      "Id": "sz3dyb",
      "Segments": [
        0,
        0,
        0,
        2.8,
        -0.5,
        0,
        6,
        0
      ]
    },
    {
      "Target": "Parameter",
      "Id": "baozhaguodu",
      "Segments": [
        0,
        0,
        0,
        1.033,
        1.5,
        3,
        1.067,
        0,
        2,
        4.667,
        0,
        0,
        5.5,
        1.5,
        3,
        6,
        0
      ]
    },
    {
      "Target": "Parameter",
      "Id": "baimaotmd",
      "Segments": [
        0,
        0,
        2,
        0.233,
        0,
        0,
        0.3,
        1,
        2,
        5.1,
        1,
        0,
        5.133,
        0,
        2,
        6,
        0
      ]
    },
    {
      "Target": "Parameter",
      "Id": "baimaoshensuo",
      "Segments": [
        0,
        0,
        0,
        0.367,
        1,
        0,
        0.5,
        -0.8,
        0,
        0.6,
        1,
        0,
        1.033,
        -0.502,
        0,
        1.4,
        1,
        0,
        1.833,
        0,
        2,
        6,
        0
      ]
    },
    {
      "Target": "Parameter",
      "Id": "baimaojiya",
      "Segments": [
        0,
        0,
        2,
        1.567,
        0,
        0,
        1.833,
        1,
        2,
        4.9,
        1,
        0,
        6,
        0
      ]
    },
    {
      "Target": "Parameter",
      "Id": "maozuoyou",
      "Segments": [
        0,
        0,
        0,
        0.467,
        -0.133,
        0,
        0.833,
        -0.1,
        0,
        1.133,
        -0.105,
        1,
        1.366,
        -0.105,
        1.6,
        -0.042,
        1.833,
        -0.04,
        1,
        2.022,
        -0.039,
        2.211,
        -0.039,
        2.4,
        -0.038,
        1,
        2.644,
        -0.037,
        2.889,
        -0.035,
        3.133,
        -0.031,
        1,
        3.722,
        -0.021,
        4.311,
        -0.002,
        4.9,
        0.015,
        1,
        4.967,
        0.017,
        5.033,
        0.034,
        5.1,
        0.034,
        0,
        6,
        0
      ]
    },
    {
      "Target": "Parameter",
      "Id": "maoshangxia",
      "Segments": [
        0,
        0,
        2,
        0.233,
        0,
        0,
        0.467,
        -0.4,
        2,
        1.133,
        -0.4,
        1,
        1.233,
        -0.4,
        1.333,
        -0.417,
        1.433,
        -0.351,
        1,
        1.566,
        -0.263,
        1.7,
        0.2,
        1.833,
        0.2,
        2,
        5.1,
        0.2,
        0,
        6,
        0
      ]
    },
    {
      "Target": "Parameter",
      "Id": "maojiaodu",
      "Segments": [
        0,
        0,
        0,
        1.833,
        0.3,
        0,
        3.133,
        0,
        2,
        6,
        0
      ]
    },
    {
      "Target": "Parameter",
      "Id": "maoliandai",
      "Segments": [
        0,
        0,
        2,
        0.367,
        0,
        0,
        0.433,
        1,
        0,
        0.567,
        -1,
        0,
        0.667,
        0.833,
        0,
        0.8,
        -0.781,
        0,
        0.9,
        0.505,
        1,
        0.944,
        0.505,
        0.989,
        0.049,
        1.033,
        0,
        1,
        1.255,
        -0.243,
        1.478,
        -0.312,
        1.7,
        -0.312,
        0,
        2.933,
        0.314,
        0,
        4.033,
        -0.154,
        0,
        5.167,
        0.227,
        0,
        6,
        0
      ]
    },
    {
      "Target": "Parameter",
      "Id": "maoerduo",
      "Segments": [
        0,
        0,
        0,
        0.6,
        -1,
        0,
        0.767,
        1,
        0,
        0.933,
        -0.776,
        0,
        1.067,
        0.844,
        0,
        1.167,
        -0.615,
        0,
        1.3,
        0.5,
        0,
        1.433,
        0,
        0,
        2.4,
        0.8,
        0,
        3.9,
        -0.7,
        0,
        5.033,
        0.426,
        0,
        6,
        0
      ]
    },
    {
      "Target": "Parameter",
      "Id": "maozhayan",
      "Segments": [
        0,
        0,
        2,
        1.6,
        0,
        0,
        1.767,
        1,
        0,
        1.933,
        0,
        0,
        2.067,
        1,
        0,
        2.2,
        0,
        2,
        6,
        0
      ]
    },
    {
      "Target": "Parameter",
      "Id": "maogaoguang",
      "Segments": [
        0,
        0,
        2,
        1.3,
        0,
        0,
        2,
        1,
        0,
        2.133,
        0,
        0,
        2.333,
        0.741,
        0,
        2.5,
        0,
        0,
        2.667,
        0.545,
        0,
        2.833,
        0,
        0,
        3.667,
        1,
        0,
        6,
        0
      ]
    },
    {
      "Target": "Parameter",
      "Id": "maozui",
      "Segments": [
        0,
        0,
        0,
        1.833,
        -1,
        1,
        1.989,
        -1,
        2.144,
        -0.226,
        2.3,
        0,
        1,
        2.578,
        0.404,
        2.855,
        0.442,
        3.133,
        0.442,
        0,
        4.867,
        -0.2,
        0,
        6,
        0
      ]
    },
    {
      "Target": "Parameter",
      "Id": "maozuishetou",
      "Segments": [
        0,
        0,
        2,
        2.1,
        0,
        0,
        2.867,
        1,
        0,
        3.133,
        0.8,
        0,
        3.433,
        0.97,
        0,
        3.7,
        0.829,
        0,
        4.133,
        0.926,
        0,
        5,
        0,
        2,
        6,
        0
      ]
    },
    {
      "Target": "Parameter",
      "Id": "maohongyun",
      "Segments": [
        0,
        0,
        2,
        1.467,
        0,
        0,
        2.733,
        1,
        0,
        6,
        0
      ]
    },
    {
      "Target": "Parameter",
      "Id": "maozishensuo",
      "Segments": [
        0,
        0,
        2,
        0.233,
        0,
        0,
        0.367,
        1,
        0,
        0.533,
        -1,
        0,
        0.7,
        1,
        0,
        0.867,
        -1,
        0,
        1.067,
        1,
        0,
        1.233,
        -1,
        0,
        1.4,
        1,
        1,
        1.444,
        1,
        1.489,
        0.03,
        1.533,
        0,
        1,
        1.966,
        -0.293,
        2.4,
        -0.4,
        2.833,
        -0.4,
        0,
        5,
        0.2,
        0,
        6,
        0
      ]
    },
    {
      "Target": "Parameter",
      "Id": "maoshou",
      "Segments": [
        0,
        -1,
        2,
        1.267,
        -1,
        0,
        1.8,
        1,
        2,
        4.667,
        1,
        1,
        4.811,
        1,
        4.956,
        0.386,
        5.1,
        0,
        1,
        5.4,
        -0.802,
        5.7,
        -1,
        6,
        -1
      ]
    },
    {
      "Target": "Parameter",
      "Id": "maoweibajiaodu",
      "Segments": [
        0,
        0,
        0,
        1,
        -1,
        0,
        2.333,
        0.739,
        0,
        3.7,
        -0.472,
        0,
        5.167,
        0.498,
        0,
        6,
        0
      ]
    },
    {
      "Target": "Parameter",
      "Id": "maoweibabianxing",
      "Segments": [
        0,
        0,
        0,
        0.633,
        1,
        0,
        1.567,
        -1,
        0,
        2.867,
        1,
        0,
        4.133,
        -0.432,
        0,
        5.367,
        0.613,
        0,
        6,
        0
      ]
    },
    {
      "Target": "Parameter",
      "Id": "maozuojiao",
      "Segments": [
        0,
        0,
        2,
        1.033,
        0,
        0,
        1.433,
        1,
        0,
        1.833,
        -1,
        0,
        2.733,
        0.6,
        0,
        4.067,
        -0.5,
        0,
        6,
        0
      ]
    },
    {
      "Target": "Parameter",
      "Id": "maoyoujiao",
      "Segments": [
        0,
        0,
        2,
        1.033,
        0,
        0,
        1.433,
        1,
        0,
        1.833,
        -1,
        0,
        2.733,
        0.6,
        0,
        4.067,
        -0.6,
        0,
        6,
        0
      ]
    },
    {
      "Target": "Parameter",
      "Id": "ParamEyeLOpen",
      "Segments": [
        0,
        1,
        2,
        0.333,
        1,
        0,
        0.667,
        0,
        0,
        1.1,
        1,
        2,
        4.2,
        1,
        0,
        4.4,
        0,
        0,
        4.767,
        1,
        2,
        6,
        1
      ]
    },
    {
      "Target": "Parameter",
      "Id": "ParamEyeLSmile",
      "Segments": [
        0,
        0,
        0,
        1.1,
        -1,
        0,
        6,
        0
      ]
    },
    {
      "Target": "Parameter",
      "Id": "ParamEyeROpen",
      "Segments": [
        0,
        1,
        2,
        0.333,
        1,
        0,
        0.667,
        0,
        0,
        1.1,
        1,
        2,
        4.2,
        1,
        0,
        4.4,
        0,
        0,
        4.767,
        1,
        2,
        6,
        1
      ]
    },
    {
      "Target": "Parameter",
      "Id": "ParamEyeRSmile",
      "Segments": [
        0,
        0,
        0,
        1.1,
        -1,
        0,
        6,
        0
      ]
    },
    {
      "Target": "Parameter",
      "Id": "ParamBrowLY",
      "Segments": [
        0,
        0,
        0,
        1.1,
        -0.52,
        2,
        4.033,
        -0.52,
        0,
        4.4,
        -1,
        0,
        4.767,
        0,
        2,
        6,
        0
      ]
    },
    {
      "Target": "Parameter",
      "Id": "ParamBrowRY",
      "Segments": [
        0,
        0,
        1,
        0.367,
        0,
        0.733,
        -0.304,
        1.1,
        -0.334,
        1,
        2.078,
        -0.415,
        3.055,
        -0.449,
        4.033,
        -0.518,
        1,
        4.155,
        -0.527,
        4.278,
        -1,
        4.4,
        -1,
        0,
        4.767,
        0,
        2,
        6,
        0
      ]
    },
    {
      "Target": "Parameter",
      "Id": "ParamBrowLX",
      "Segments": [
        0,
        0,
        1,
        0.367,
        0,
        0.733,
        -0.463,
        1.1,
        -0.492,
        1,
        2.078,
        -0.569,
        3.055,
        -0.578,
        4.033,
        -0.578,
        0,
        6,
        0
      ]
    },
    {
      "Target": "Parameter",
      "Id": "ParamBrowRX",
      "Segments": [
        0,
        0,
        0,
        1.1,
        0.492,
        1,
        2.078,
        0.492,
        3.055,
        0.489,
        4.033,
        0.372,
        1,
        4.689,
        0.294,
        5.344,
        0,
        6,
        0
      ]
    },
    {
      "Target": "Parameter",
      "Id": "ParamBrowLAngle",
      "Segments": [
        0,
        0,
        1,
        0.367,
        0,
        0.733,
        0.027,
        1.1,
        0.078,
        1,
        2.078,
        0.215,
        3.055,
        0.282,
        4.033,
        0.282,
        0,
        6,
        0
      ]
    },
    {
      "Target": "Parameter",
      "Id": "ParamBrowRAngle",
      "Segments": [
        0,
        0,
        1,
        0.367,
        0,
        0.733,
        0.251,
        1.1,
        0.282,
        1,
        2.078,
        0.366,
        3.055,
        0.378,
        4.033,
        0.378,
        0,
        6,
        0
      ]
    },
    {
      "Target": "Parameter",
      "Id": "ParamBrowLForm",
      "Segments": [
        0,
        0,
        0,
        1.1,
        -0.3,
        2,
        4.033,
        -0.3,
        0,
        4.767,
        0,
        2,
        6,
        0
      ]
    },
    {
      "Target": "Parameter",
      "Id": "ParamBrowRForm",
      "Segments": [
        0,
        0,
        0,
        1.1,
        -0.3,
        2,
        4.033,
        -0.3,
        0,
        4.767,
        0,
        2,
        6,
        0
      ]
    },
    {
      "Target": "Parameter",
      "Id": "muyuqiehuan",
      "Segments": [
        0,
        0,
        2,
        0.567,
        0,
        0,
        0.733,
        1,
        2,
        2.333,
        1,
        2,
        4.333,
        1,
        0,
        4.433,
        0,
        2,
        6,
        0
      ]
    },
    {
      "Target": "Parameter",
      "Id": "gaoguangtoumingdu",
      "Segments": [
        0,
        0,
        2,
        0.567,
        0,
        0,
        0.767,
        1,
        2,
        2.367,
        1,
        2,
        4.333,
        1,
        0,
        4.433,
        0,
        2,
        6,
        0
      ]
    },
    {
      "Target": "Parameter",
      "Id": "heihuatmd",
      "Segments": [
        0,
        0,
        0,
        1.1,
        1,
        2,
        4.033,
        1,
        0,
        4.967,
        0,
        2,
        6,
        0
      ]
    },
    {
      "Target": "Parameter",
      "Id": "liuhaigaoguang",
      "Segments": [
        0,
        0,
        0,
        1.9,
        -1,
        0,
        4.4,
        0.217,
        0,
        6,
        0
      ]
    },
    {
      "Target": "Parameter",
      "Id": "ParamMouthForm",
      "Segments": [
        0,
        0,
        0,
        0.3,
        1,
        0,
        0.533,
        -1,
        2,
        4.033,
        -1,
        0,
        4.733,
        0,
        2,
        6,
        0
      ]
    },
    {
      "Target": "Parameter",
      "Id": "zuoxiaotuixuanzhuan",
      "Segments": [
        0,
        0,
        2,
        4.6,
        0,
        0,
        5.4,
        -0.021,
        0,
        6,
        0
      ]
    },
    {
      "Target": "Parameter",
      "Id": "zuoxiaotuishensuo",
      "Segments": [
        0,
        0,
        0,
        0.333,
        -1,
        1,
        0.489,
        -1,
        0.644,
        -0.242,
        0.8,
        0.3,
        1,
        0.978,
        0.919,
        1.155,
        1,
        1.333,
        1,
        1,
        1.644,
        1,
        1.956,
        0.912,
        2.267,
        0.315,
        1,
        2.478,
        -0.09,
        2.689,
        -0.795,
        2.9,
        -0.795,
        1,
        3.078,
        -0.795,
        3.255,
        -0.787,
        3.433,
        -0.454,
        1,
        3.633,
        -0.079,
        3.833,
        0.5,
        4.033,
        0.5,
        1,
        4.244,
        0.5,
        4.456,
        0.473,
        4.667,
        0.3,
        1,
        4.945,
        0.073,
        5.222,
        -0.14,
        5.5,
        -0.14,
        0,
        6,
        0
      ]
    },
    {
      "Target": "Parameter",
      "Id": "zuobaijiao",
      "Segments": [
        0,
        -0.7,
        0,
        0.7,
        -1,
        1,
        0.833,
        -1,
        0.967,
        -1.054,
        1.1,
        -0.7,
        1,
        1.356,
        -0.022,
        1.611,
        1,
        1.867,
        1,
        1,
        2,
        1,
        2.134,
        0.275,
        2.267,
        0,
        1,
        2.656,
        -0.801,
        3.044,
        -1,
        3.433,
        -1,
        1,
        3.844,
        -1,
        4.256,
        -0.984,
        4.667,
        -0.869,
        1,
        4.911,
        -0.801,
        5.156,
        -0.65,
        5.4,
        -0.65,
        0,
        6,
        -0.7
      ]
    },
    {
      "Target": "Parameter",
      "Id": "youxiaotuixuanzhuan",
      "Segments": [
        0,
        0,
        0,
        0.367,
        -0.078,
        0,
        1.967,
        0.026,
        0,
        3.3,
        -0.04,
        1,
        3.733,
        -0.04,
        4.167,
        -0.025,
        4.6,
        0,
        1,
        4.867,
        0.015,
        5.133,
        0.02,
        5.4,
        0.02,
        0,
        6,
        0
      ]
    },
    {
      "Target": "Parameter",
      "Id": "youxiaotuishensuo",
      "Segments": [
        0,
        0,
        0,
        0.6,
        -1,
        1,
        0.756,
        -1,
        0.911,
        -0.213,
        1.067,
        0.3,
        1,
        1.256,
        0.923,
        1.444,
        1,
        1.633,
        1,
        1,
        1.933,
        1,
        2.233,
        0.946,
        2.533,
        0.4,
        1,
        2.744,
        0.016,
        2.956,
        -0.795,
        3.167,
        -0.795,
        1,
        3.356,
        -0.795,
        3.544,
        -0.798,
        3.733,
        -0.454,
        1,
        3.944,
        -0.069,
        4.156,
        0.613,
        4.367,
        0.613,
        1,
        4.545,
        0.613,
        4.722,
        0.62,
        4.9,
        0.443,
        1,
        5.1,
        0.243,
        5.3,
        -0.165,
        5.5,
        -0.165,
        0,
        6,
        0
      ]
    },
    {
      "Target": "Parameter",
      "Id": "youbaijiao",
      "Segments": [
        0,
        -0.7,
        0,
        0.967,
        -1,
        1,
        1.111,
        -1,
        1.256,
        -1.07,
        1.4,
        -0.8,
        1,
        1.633,
        -0.364,
        1.867,
        1,
        2.1,
        1,
        1,
        2.244,
        1,
        2.389,
        0.29,
        2.533,
        0,
        1,
        2.933,
        -0.802,
        3.333,
        -1,
        3.733,
        -1,
        1,
        4.044,
        -1,
        4.356,
        -0.979,
        4.667,
        -0.857,
        1,
        4.911,
        -0.761,
        5.156,
        -0.636,
        5.4,
        -0.636,
        0,
        6,
        -0.7
      ]
    },
    {
      "Target": "Parameter",
      "Id": "zuobixuanzhuan",
      "Segments": [
        0,
        0,
        0,
        0.3,
        1,
        0,
        0.9,
        0.4,
        0,
        1.467,
        0.8,
        0,
        1.967,
        0,
        2,
        4.667,
        0,
        2,
        6,
        0
      ]
    },
    {
      "Target": "Parameter",
      "Id": "zuoxiabixuanzhuan",
      "Segments": [
        0,
        0,
        0,
        0.533,
        0.6,
        1,
        0.633,
        0.6,
        0.733,
        0.024,
        0.833,
        0,
        1,
        1.166,
        -0.079,
        1.5,
        -0.092,
        1.833,
        -0.092,
        0,
        3.367,
        -0.052,
        0,
        4.667,
        -0.092,
        0,
        6,
        0
      ]
    },
    {
      "Target": "Parameter",
      "Id": "zuoxiabishensuo",
      "Segments": [
        0,
        0,
        2,
        0.9,
        0,
        0,
        1.833,
        -1,
        2,
        4.667,
        -1,
        0,
        6,
        0
      ]
    },
    {
      "Target": "Parameter",
      "Id": "zuoshouxuanzhuan",
      "Segments": [
        0,
        0,
        0,
        0.233,
        -0.2,
        0,
        0.9,
        1,
        2,
        1.467,
        1,
        0,
        1.833,
        0,
        2,
        4.667,
        0,
        2,
        6,
        0
      ]
    },
    {
      "Target": "Parameter",
      "Id": "zuozishousuo",
      "Segments": [
        0,
        0,
        0,
        0.1,
        -1,
        0,
        0.433,
        1,
        0,
        1.067,
        -0.804,
        0,
        1.6,
        1,
        1,
        1.744,
        1,
        1.889,
        0.19,
        2.033,
        0,
        1,
        2.255,
        -0.293,
        2.478,
        -0.3,
        2.7,
        -0.3,
        0,
        3.833,
        0.2,
        0,
        4.967,
        -0.1,
        0,
        6,
        0
      ]
    },
    {
      "Target": "Parameter",
      "Id": "youbixuanzhuan",
      "Segments": [
        0,
        0,
        0,
        0.3,
        -1,
        0,
        0.9,
        -0.5,
        0,
        1.467,
        -0.9,
        0,
        1.967,
        0,
        2,
        4.667,
        0,
        2,
        6,
        0
      ]
    },
    {
      "Target": "Parameter",
      "Id": "youbijiya",
      "Segments": [
        0,
        0,
        0,
        1.467,
        1,
        0,
        1.967,
        -1,
        2,
        4.667,
        -1,
        0,
        6,
        0
      ]
    },
    {
      "Target": "Parameter",
      "Id": "youxiabixuanzhuan",
      "Segments": [
        0,
        0,
        0,
        0.533,
        -1,
        1,
        0.633,
        -1,
        0.733,
        -0.038,
        0.833,
        0,
        1,
        1.166,
        0.128,
        1.5,
        0.15,
        1.833,
        0.15,
        1,
        2.344,
        0.15,
        2.856,
        0.093,
        3.367,
        0.088,
        1,
        3.8,
        0.084,
        4.234,
        0.086,
        4.667,
        0.082,
        1,
        5.111,
        0.078,
        5.556,
        0,
        6,
        0
      ]
    },
    {
      "Target": "Parameter",
      "Id": "youxiabishensuo",
      "Segments": [
        0,
        0,
        2,
        0.9,
        0,
        0,
        1.833,
        -1,
        2,
        4.667,
        -1,
        0,
        6,
        0
      ]
    },
    {
      "Target": "Parameter",
      "Id": "youshouxuanzhuan",
      "Segments": [
        0,
        0,
        0,
        0.9,
        -0.8,
        0,
        1.833,
        0,
        2,
        4.667,
        0,
        2,
        6,
        0
      ]
    },
    {
      "Target": "Parameter",
      "Id": "shangzimianx",
      "Segments": [
        0,
        0,
        2,
        1.5,
        0,
        0,
        2.833,
        2.16,
        0,
        4.667,
        -0.3,
        0,
        6,
        0
      ]
    },
    {
      "Target": "Parameter",
      "Id": "youshoufanzhuan",
      "Segments": [
        0,
        0,
        0,
        0.467,
        0.9,
        1,
        0.922,
        0.9,
        1.378,
        0.395,
        1.833,
        0,
        1,
        2.178,
        -0.299,
        2.522,
        -0.309,
        2.867,
        -0.309,
        0,
        4.667,
        0,
        2,
        6,
        0
      ]
    },
    {
      "Target": "Parameter",
      "Id": "paotaijiaodu",
      "Segments": [
        0,
        0,
        0,
        0.867,
        0.612,
        0,
        1.967,
        -0.305,
        0,
        3.533,
        0.358,
        0,
        5.233,
        -0.151,
        0,
        6,
        0
      ]
    },
    {
      "Target": "Parameter",
      "Id": "paoguangxuanzhuang",
      "Segments": [
        0,
        0,
        0,
        0.533,
        -0.255,
        0,
        1.4,
        0.336,
        2,
        2.3,
        0.336,
        0,
        3.833,
        -0.451,
        0,
        5.633,
        0.092,
        0,
        6,
        0
      ]
    },
    {
      "Target": "Parameter",
      "Id": "paotaixuanzhuang",
      "Segments": [
        0,
        0,
        0,
        1.5,
        0.565,
        0,
        3.2,
        -0.563,
        0,
        4.767,
        0.2,
        0,
        6,
        0
      ]
    },
    {
      "Target": "Parameter",
      "Id": "yuleijiaodu1",
      "Segments": [
        0,
        0,
        0,
        1,
        -0.3,
        0,
        2.867,
        0.873,
        0,
        6,
        0
      ]
    },
    {
      "Target": "Parameter",
      "Id": "yuleijiaodu2",
      "Segments": [
        0,
        0,
        0,
        1.133,
        -0.3,
        0,
        3,
        0.873,
        0,
        6,
        0
      ]
    },
    {
      "Target": "Parameter",
      "Id": "yuleijiaodu3",
      "Segments": [
        0,
        0,
        0,
        1.267,
        -0.3,
        0,
        3.133,
        0.873,
        0,
        6,
        0
      ]
    },
    {
      "Target": "Parameter",
      "Id": "yuleijiaodu4",
      "Segments": [
        0,
        0,
        0,
        1.4,
        -0.3,
        0,
        3.267,
        0.873,
        0,
        6,
        0
      ]
    },
    {
      "Target": "Parameter",
      "Id": "yuleijiaodu5",
      "Segments": [
        0,
        0,
        0,
        1.533,
        -0.3,
        0,
        3.4,
        0.873,
        0,
        6,
        0
      ]
    },
    {
      "Target": "Parameter",
      "Id": "jianzhuanjiaodu",
      "Segments": [
        0,
        0,
        2,
        0.767,
        0,
        0,
        1.533,
        -0.047,
        0,
        3.267,
        0.061,
        0,
        4.733,
        -0.031,
        0,
        5.967,
        0.005,
        2,
        6,
        0.005
      ]
    },
    {
      "Target": "Parameter",
      "Id": "shoudongwuli",
      "Segments": [
        0,
        0,
        0,
        0.5,
        1,
        2,
        5.333,
        1,
        0,
        6,
        0
      ]
    },
    {
      "Target": "Parameter",
      "Id": "mwzy",
      "Segments": [
        0,
        0,
        2,
        0.467,
        0,
        0,
        1.533,
        1,
        0,
        2.7,
        0,
        0,
        3.767,
        1,
        0,
        5.067,
        0,
        2,
        6,
        0
      ]
    },
    {
      "Target": "Parameter",
      "Id": "mwbx",
      "Segments": [
        0,
        0,
        0,
        0.933,
        -1,
        0,
        2,
        1,
        0,
        3.3,
        -1,
        0,
        4.233,
        1,
        0,
        5.3,
        -1,
        0,
        6,
        0
      ]
    },
    {
      "Target": "Parameter",
      "Id": "youtuoxietuer",
      "Segments": [
        0,
        0,
        0,
        0.567,
        -0.628,
        0,
        1.4,
        0.472,
        0,
        1.967,
        -0.528,
        0,
        2.567,
        0.472,
        0,
        3.267,
        -0.628,
        0,
        3.867,
        0.472,
        0,
        4.633,
        -0.528,
        0,
        5.467,
        0.472,
        0,
        6,
        0
      ]
    },
    {
      "Target": "Parameter",
      "Id": "zuotuoxietuer",
      "Segments": [
        0,
        0,
        0,
        0.567,
        -0.528,
        0,
        1.4,
        0.372,
        0,
        1.967,
        -0.428,
        0,
        2.567,
        0.472,
        0,
        3.267,
        -0.528,
        0,
        3.867,
        0.472,
        0,
        4.633,
        -0.728,
        0,
        5.467,
        0.572,
        0,
        6,
        0
      ]
    },
    {
      "Target": "Parameter",
      "Id": "sdztryb",
      "Segments": [
        0,
        0,
        0,
        1.167,
        0.4,
        0,
        2.3,
        -1,
        0,
        3.233,
        0.198,
        0,
        3.867,
        -0.571,
        0,
        4.633,
        0.8,
        0,
        5.2,
        -0.5,
        0,
        6,
        0
      ]
    },
    {
      "Target": "Parameter",
      "Id": "sdzebx",
      "Segments": [
        0,
        0,
        0,
        0.567,
        -0.787,
        0,
        1.433,
        0.6,
        1,
        1.622,
        0.6,
        1.811,
        0.626,
        2,
        0.4,
        1,
        2.189,
        0.174,
        2.378,
        -0.7,
        2.567,
        -0.7,
        0,
        3.5,
        -0.005,
        0,
        4.367,
        -0.766,
        0,
        5.167,
        0.632,
        0,
        5.667,
        -0.2,
        0,
        6,
        0
      ]
    },
    {
      "Target": "Parameter",
      "Id": "sdyeyb",
      "Segments": [
        0,
        0,
        0,
        1.167,
        0.5,
        0,
        2.3,
        -1,
        0,
        3.167,
        0.238,
        0,
        4.033,
        -0.4,
        0,
        4.733,
        0.7,
        0,
        5.2,
        -0.5,
        0,
        6,
        0
      ]
    },
    {
      "Target": "Parameter",
      "Id": "sdyebx",
      "Segments": [
        0,
        0,
        0,
        0.567,
        -0.5,
        0,
        1.433,
        0.5,
        1,
        1.622,
        0.5,
        1.811,
        0.525,
        2,
        0.4,
        1,
        2.2,
        0.267,
        2.4,
        -0.8,
        2.6,
        -0.8,
        0,
        3.5,
        0,
        0,
        4.3,
        -0.5,
        0,
        5.167,
        0.632,
        0,
        5.667,
        -0.1,
        0,
        6,
        0
      ]
    },
    {
      "Target": "Parameter",
      "Id": "sdjzjd",
      "Segments": [
        0,
        0,
        0,
        1.067,
        0.3,
        0,
        2.833,
        -0.3,
        0,
        4.7,
        0.2,
        0,
        6,
        0
      ]
    },
    {
      "Target": "Parameter",
      "Id": "zuotueryaobai",
      "Segments": [
        0,
        0,
        2,
        0.333,
        0,
        0,
        1.533,
        0.176,
        0,
        3.267,
        -0.229,
        0,
        4.767,
        0.111,
        0,
        5.967,
        -0.009,
        2,
        6,
        -0.009
      ]
    },
    {
      "Target": "Parameter",
      "Id": "ztebx",
      "Segments": [
        0,
        0,
        2,
        0.333,
        0,
        0,
        1.533,
        0.47,
        0,
        3.267,
        -0.611,
        0,
        4.767,
        0.295,
        0,
        5.967,
        -0.024,
        2,
        6,
        -0.024
      ]
    },
    {
      "Target": "Parameter",
      "Id": "youtueryaobai",
      "Segments": [
        0,
        0,
        2,
        0.333,
        0,
        0,
        1.533,
        0.176,
        0,
        3.267,
        -0.229,
        0,
        4.767,
        0.111,
        0,
        5.967,
        -0.009,
        2,
        6,
        -0.009
      ]
    },
    {
      "Target": "Parameter",
      "Id": "ytebx",
      "Segments": [
        0,
        0,
        2,
        0.333,
        0,
        0,
        1.533,
        0.47,
        0,
        3.267,
        -0.611,
        0,
        4.767,
        0.295,
        0,
        5.967,
        -0.024,
        2,
        6,
        -0.024
      ]
    },
    {
      "Target": "Parameter",
      "Id": "ParamHairFront",
      "Segments": [
        0,
        0,
        2,
        0.333,
        0,
        0,
        1.533,
        0.294,
        0,
        3.267,
        -0.382,
        0,
        4.767,
        0.184,
        0,
        5.967,
        -0.015,
        2,
        6,
        -0.015
      ]
    },
    {
      "Target": "Parameter",
      "Id": "qianfashensuo",
      "Segments": [
        0,
        0,
        2,
        0.333,
        0,
        0,
        1.533,
        0.176,
        0,
        3.267,
        -0.229,
        0,
        4.767,
        0.111,
        0,
        5.967,
        -0.009,
        2,
        6,
        -0.009
      ]
    },
    {
      "Target": "Parameter",
      "Id": "ParamHairSide",
      "Segments": [
        0,
        0,
        2,
        0.233,
        0,
        0,
        1.567,
        0.564,
        0,
        3.3,
        -0.735,
        0,
        4.767,
        0.342,
        0,
        5.9,
        0,
        2,
        6,
        0
      ]
    },
    {
      "Target": "Parameter",
      "Id": "ParamHairBack",
      "Segments": [
        0,
        0,
        2,
        0.233,
        0,
        0,
        1.567,
        0.451,
        0,
        3.3,
        -0.588,
        0,
        4.767,
        0.274,
        0,
        5.9,
        0,
        2,
        6,
        0
      ]
    },
    {
      "Target": "Parameter",
      "Id": "lingdangyaobai",
      "Segments": [
        0,
        0,
        2,
        0.333,
        0,
        0,
        1.567,
        0.28,
        0,
        3.3,
        -0.364,
        0,
        4.8,
        0.167,
        0,
        5.833,
        0,
        2,
        6,
        0
      ]
    },
    {
      "Target": "Parameter",
      "Id": "zuoshuxiujiaodu",
      "Segments": [
        0,
        0,
        0,
        1.267,
        -0.589,
        0,
        2.6,
        0.564,
        0,
        3.9,
        -0.486,
        0,
        5.3,
        0.373,
        0,
        6,
        0
      ]
    },
    {
      "Target": "Parameter",
      "Id": "zuoshuxiuyaobai",
      "Segments": [
        0,
        0,
        0,
        0.7,
        0.484,
        0,
        2,
        -0.541,
        0,
        3.467,
        0.394,
        0,
        5.067,
        -0.427,
        0,
        6,
        0
      ]
    },
    {
      "Target": "Parameter",
      "Id": "youshuxiujiaodu",
      "Segments": [
        0,
        0,
        0,
        1.167,
        -0.622,
        0,
        2.5,
        0.671,
        0,
        3.8,
        -0.622,
        0,
        5.167,
        0.671,
        0,
        6,
        0
      ]
    },
    {
      "Target": "Parameter",
      "Id": "youshuxiudaiyaobai",
      "Segments": [
        0,
        0,
        0,
        0.6,
        0.698,
        0,
        1.8,
        -0.606,
        0,
        3.133,
        0.698,
        0,
        4.533,
        -0.606,
        0,
        6,
        0
      ]
    },
    {
      "Target": "Parameter",
      "Id": "zldbx",
      "Segments": [
        0,
        0,
        0,
        1,
        -0.5,
        0,
        2.967,
        0.5,
        0,
        4.8,
        -0.4,
        0,
        6,
        0
      ]
    },
    {
      "Target": "Parameter",
      "Id": "yldbx",
      "Segments": [
        0,
        0,
        0,
        0.5,
        -0.5,
        0,
        2.467,
        0.5,
        0,
        4.333,
        -0.5,
        0,
        6,
        0
      ]
    },
    {
      "Target": "Parameter",
      "Id": "youopdaibianxing",
      "Segments": [
        0,
        0,
        0,
        0.967,
        1,
        0,
        2.233,
        -1,
        0,
        4.2,
        0.772,
        0,
        5.6,
        -0.6,
        0,
        6,
        0
      ]
    },
    {
      "Target": "Parameter",
      "Id": "zxdyb",
      "Segments": [
        0,
        0,
        0,
        1.233,
        -1,
        0,
        2.9,
        1,
        0,
        4.7,
        -1,
        0,
        6,
        0
      ]
    },
    {
      "Target": "Parameter",
      "Id": "youxiongdaijiaodu",
      "Segments": [
        0,
        0,
        0,
        0.933,
        -1,
        0,
        2.033,
        1,
        0,
        3.1,
        -1,
        0,
        4.267,
        0.818,
        0,
        5.633,
        -0.728,
        0,
        6,
        0
      ]
    },
    {
      "Target": "Parameter",
      "Id": "yxdyb",
      "Segments": [
        0,
        0,
        0,
        0.467,
        0.7,
        0,
        1.467,
        -0.6,
        0,
        2.567,
        0.5,
        0,
        3.733,
        -0.5,
        0,
        4.967,
        0.404,
        0,
        6,
        0
      ]
    },
    {
      "Target": "Parameter",
      "Id": "ParamAngleY",
      "Segments": [
        0,
        0,
        0,
        0.267,
        -30,
        0,
        0.733,
        30,
        0,
        1.6,
        -30,
        0,
        3.3,
        0,
        0,
        4.8,
        -30,
        0,
        6,
        0
      ]
    },
    {
      "Target": "Parameter",
      "Id": "shouZ",
      "Segments": [
        0,
        0,
        0,
        1.567,
        17,
        0,
        3.267,
        -18,
        0,
        4.733,
        11,
        0,
        6,
        0
      ]
    },
    {
      "Target": "Parameter",
      "Id": "ParamBodyAngleY",
      "Segments": [
        0,
        0,
        0,
        0.5,
        -10,
        0,
        1.3,
        0,
        2,
        6,
        0
      ]
    },
    {
      "Target": "Parameter",
      "Id": "ParamBodyAngleXX",
      "Segments": [
        0,
        0,
        2,
        1.533,
        0,
        0,
        2.733,
        -0.4,
        0,
        4.333,
        0.5,
        0,
        6,
        0
      ]
    },
    {
      "Target": "Parameter",
      "Id": "ParamBodyAngleZ",
      "Segments": [
        0,
        0,
        0,
        3.733,
        -1.394,
        0,
        6,
        0
      ]
    },
    {
      "Target": "Parameter",
      "Id": "ParamBreath",
      "Segments": [
        0,
        0,
        0,
        1,
        1,
        0,
        3,
        0,
        0,
        4,
        1,
        0,
        6,
        0
      ]
    },
    {
      "Target": "Parameter",
      "Id": "yifuzuoyou",
      "Segments": [
        0,
        0,
        0,
        1.167,
        1,
        0,
        2.7,
        -1,
        0,
        4.3,
        1,
        0,
        5.533,
        -1,
        0,
        6,
        0
      ]
    },
    {
      "Target": "Parameter",
      "Id": "yifubianxing",
      "Segments": [
        0,
        0,
        0,
        0.6,
        -30,
        0,
        1.833,
        30,
        0,
        3.367,
        -30,
        0,
        5.033,
        27.761,
        0,
        6,
        0
      ]
    },
    {
      "Target": "Parameter",
      "Id": "gaoguangdonghua",
      "Segments": [
        0,
        0,
        0,
        6,
        0
      ]
    },
    {
      "Target": "Parameter",
      "Id": "tongkongdaxiao",
      "Segments": [
        0,
        0,
        0,
        6,
        0
      ]
    },
    {
      "Target": "Parameter",
      "Id": "ParamEyeBallX",
      "Segments": [
        0,
        0,
        0,
        6,
        0
      ]
    },
    {
      "Target": "Parameter",
      "Id": "ParamEyeBallY",
      "Segments": [
        0,
        0,
        0,
        6,
        0
      ]
    },
    {
      "Target": "Parameter",
      "Id": "muyudaxiao",
      "Segments": [
        0,
        0,
        0,
        6,
        0
      ]
    },
    {
      "Target": "Parameter",
      "Id": "ParamMouthOpenY",
      "Segments": [
        0,
        0,
        0,
        6,
        0
      ]
    },
    {
      "Target": "Parameter",
      "Id": "ParamCheek",
      "Segments": [
        0,
        0,
        0,
        6,
        0
      ]
    },
    {
      "Target": "Parameter",
      "Id": "yunbianxing",
      "Segments": [
        0,
        -1,
        0,
        6,
        -1
      ]
    },
    {
      "Target": "Parameter",
      "Id": "expyun1",
      "Segments": [
        0,
        0,
        0,
        6,
        0
      ]
    },
    {
      "Target": "Parameter",
      "Id": "yunjiaodu",
      "Segments": [
        0,
        0,
        0,
        6,
        0
      ]
    },
    {
      "Target": "Parameter",
      "Id": "shuijiaozzz",
      "Segments": [
        0,
        0,
        0,
        6,
        0
      ]
    },
    {
      "Target": "Parameter",
      "Id": "shuijiaozzztmd",
      "Segments": [
        0,
        0,
        0,
        6,
        0
      ]
    },
    {
      "Target": "Parameter",
      "Id": "shuijiaoyidong",
      "Segments": [
        0,
        0,
        0,
        6,
        0
      ]
    },
    {
      "Target": "Parameter",
      "Id": "dingjjj",
      "Segments": [
        0,
        0,
        0,
        6,
        0
      ]
    },
    {
      "Target": "Parameter",
      "Id": "youshoutui",
      "Segments": [
        0,
        0,
        0,
        6,
        0
      ]
    },
    {
      "Target": "Parameter",
      "Id": "youtuiqiehuan",
      "Segments": [
        0,
        1,
        0,
        6,
        1
      ]
    },
    {
      "Target": "Parameter",
      "Id": "zuoshoutui",
      "Segments": [
        0,
        0,
        0,
        6,
        0
      ]
    },
    {
      "Target": "Parameter",
      "Id": "zuotuiqiehuan",
      "Segments": [
        0,
        1,
        0,
        6,
        1
      ]
    },
    {
      "Target": "Parameter",
      "Id": "zuotuixuanzhuan",
      "Segments": [
        0,
        0,
        0,
        6,
        0
      ]
    },
    {
      "Target": "Parameter",
      "Id": "zuotuizuoyou",
      "Segments": [
        0,
        0,
        0,
        6,
        0
      ]
    },
    {
      "Target": "Parameter",
      "Id": "zuotuishangxia",
      "Segments": [
        0,
        0,
        0,
        6,
        0
      ]
    },
    {
      "Target": "Parameter",
      "Id": "zuotuidaxiao",
      "Segments": [
        0,
        0,
        0,
        6,
        0
      ]
    },
    {
      "Target": "Parameter",
      "Id": "youtuixuanzhuan",
      "Segments": [
        0,
        0,
        0,
        6,
        0
      ]
    },
    {
      "Target": "Parameter",
      "Id": "youtuizuoyou",
      "Segments": [
        0,
        0,
        0,
        6,
        0
      ]
    },
    {
      "Target": "Parameter",
      "Id": "youtuishangxia",
      "Segments": [
        0,
        0,
        0,
        6,
        0
      ]
    },
    {
      "Target": "Parameter",
      "Id": "youtuidaxiao",
      "Segments": [
        0,
        0,
        0,
        6,
        0
      ]
    },
    {
      "Target": "Parameter",
      "Id": "zuojiaoxuanzhuan",
      "Segments": [
        0,
        0,
        0,
        6,
        0
      ]
    },
    {
      "Target": "Parameter",
      "Id": "youjiaoxuanzhuan",
      "Segments": [
        0,
        0,
        0,
        6,
        0
      ]
    },
    {
      "Target": "Parameter",
      "Id": "zuobishensuo",
      "Segments": [
        0,
        0,
        0,
        6,
        0
      ]
    },
    {
      "Target": "Parameter",
      "Id": "zuoshoufanzhuan",
      "Segments": [
        0,
        0,
        0,
        6,
        0
      ]
    },
    {
      "Target": "Parameter",
      "Id": "xingfengtmd",
      "Segments": [
        0,
        0,
        0,
        6,
        0
      ]
    },
    {
      "Target": "Parameter",
      "Id": "xingfengjiaodu",
      "Segments": [
        0,
        0,
        0,
        6,
        0
      ]
    },
    {
      "Target": "Parameter",
      "Id": "youbishensuo",
      "Segments": [
        0,
        0,
        0,
        6,
        0
      ]
    },
    {
      "Target": "Parameter",
      "Id": "yssztmd",
      "Segments": [
        0,
        0,
        0,
        6,
        0
      ]
    },
    {
      "Target": "Parameter",
      "Id": "yousizi",
      "Segments": [
        0,
        -1,
        0,
        6,
        -1
      ]
    },
    {
      "Target": "Parameter",
      "Id": "paotaichanrao",
      "Segments": [
        0,
        4,
        0,
        6,
        4
      ]
    },
    {
      "Target": "Parameter",
      "Id": "paodishenchu",
      "Segments": [
        0,
        1,
        0,
        6,
        1
      ]
    },
    {
      "Target": "Parameter",
      "Id": "yuleichangrao",
      "Segments": [
        0,
        6,
        0,
        6,
        6
      ]
    },
    {
      "Target": "Parameter",
      "Id": "paotaishensuo",
      "Segments": [
        0,
        0,
        0,
        6,
        0
      ]
    },
    {
      "Target": "Parameter",
      "Id": "yuleiweiyi1",
      "Segments": [
        0,
        0,
        0,
        6,
        0
      ]
    },
    {
      "Target": "Parameter",
      "Id": "yuleiweiyi2",
      "Segments": [
        0,
        0,
        0,
        6,
        0
      ]
    },
    {
      "Target": "Parameter",
      "Id": "yuleiweiyi3",
      "Segments": [
        0,
        0,
        0,
        6,
        0
      ]
    },
    {
      "Target": "Parameter",
      "Id": "yuleiweiyi5",
      "Segments": [
        0,
        0,
        0,
        6,
        0
      ]
    },
    {
      "Target": "Parameter",
      "Id": "yuleiweiyi4",
      "Segments": [
        0,
        0,
        0,
        6,
        0
      ]
    },
    {
      "Target": "Parameter",
      "Id": "jianzhuanshangxia",
      "Segments": [
        0,
        0,
        0,
        6,
        0
      ]
    },
    {
      "Target": "Parameter",
      "Id": "jianzhuangqumian",
      "Segments": [
        0,
        0,
        0,
        6,
        0
      ]
    },
    {
      "Target": "Parameter",
      "Id": "liuhaiyaobai",
      "Segments": [
        0,
        0,
        0,
        6,
        0
      ]
    },
    {
      "Target": "Parameter",
      "Id": "ParamAngleX",
      "Segments": [
        0,
        0,
        0,
        6,
        0
      ]
    },
    {
      "Target": "Parameter",
      "Id": "zuocefatuceng",
      "Segments": [
        0,
        0,
        0,
        6,
        0
      ]
    },
    {
      "Target": "Parameter",
      "Id": "jblsbx",
      "Segments": [
        0,
        0.5,
        0,
        6,
        0.5
      ]
    },
    {
      "Target": "Parameter",
      "Id": "slszy",
      "Segments": [
        0,
        -1.24,
        0,
        6,
        -1.24
      ]
    },
    {
      "Target": "Parameter",
      "Id": "szlssx",
      "Segments": [
        0,
        0,
        0,
        6,
        0
      ]
    },
    {
      "Target": "Parameter",
      "Id": "slsjd",
      "Segments": [
        0,
        0,
        0,
        6,
        0
      ]
    },
    {
      "Target": "Parameter",
      "Id": "szlsbx",
      "Segments": [
        0,
        0,
        0,
        6,
        0
      ]
    },
    {
      "Target": "Parameter",
      "Id": "szlstc",
      "Segments": [
        0,
        0,
        0,
        6,
        0
      ]
    },
    {
      "Target": "Parameter",
      "Id": "yifuxingtai",
      "Segments": [
        0,
        0,
        0,
        6,
        0
      ]
    },
    {
      "Target": "Parameter",
      "Id": "yifuyaobai",
      "Segments": [
        0,
        0,
        0,
        6,
        0
      ]
    },
    {
      "Target": "Parameter",
      "Id": "xiashujiaodu",
      "Segments": [
        0,
        0,
        0,
        6,
        0
      ]
    },
    {
      "Target": "Parameter",
      "Id": "shentishangxia",
      "Segments": [
        0,
        0,
        0,
        6,
        0
      ]
    },
    {
      "Target": "Parameter",
      "Id": "shentidaxiao",
      "Segments": [
        0,
        0,
        0,
        6,
        0
      ]
    },
    {
      "Target": "Parameter",
      "Id": "shangshenshangxia",
      "Segments": [
        0,
        0,
        0,
        6,
        0
      ]
    },
    {
      "Target": "Parameter",
      "Id": "shangshenjiaodu",
      "Segments": [
        0,
        0,
        0,
        6,
        0
      ]
    }
  ],
  "UserData": [
    {
      "Time": 5.5,
      "Value": ""
    }
  ]
}