{
  "Version": 3,
  "Meta": {
    "Duration": 7.0,
    "Fps": 30.0,
    "Loop": true,
    "CurveCount": 171,
    "TotalSegmentCount": 796,
    "TotalPointCount": 966,
    "UserDataCount": 1,
    "TotalUserDataSize": 0
  },
  "Curves": [
    {
      "Target": "Parameter",
      "Id": "zhuweibabianxing",
      "Segments": [
        0,
        0,
        0,
        1.567,
        -1,
        0,
        4.633,
        0.629,
        0,
        6.067,
        -1,
        0,
        7,
        0
      ]
    },
    {
      "Target": "Parameter",
      "Id": "zhupigushangxia",
      "Segments": [
        0,
        0,
        0,
        0.733,
        1,
        1,
        0.989,
        1,
        1.244,
        0.681,
        1.5,
        0,
        1,
        1.744,
        -0.652,
        1.989,
        -1,
        2.233,
        -1,
        1,
        2.555,
        -1,
        2.878,
        -0.49,
        3.2,
        0,
        1,
        3.711,
        0.778,
        4.222,
        1,
        4.733,
        1,
        1,
        4.989,
        1,
        5.244,
        0.681,
        5.5,
        0,
        1,
        5.744,
        -0.652,
        5.989,
        -1,
        6.233,
        -1,
        0,
        7,
        0
      ]
    },
    {
      "Target": "Parameter",
      "Id": "zhupiguzuoyou",
      "Segments": [
        0,
        -1,
        1,
        0.244,
        -1,
        0.489,
        -0.652,
        0.733,
        0,
        1,
        0.989,
        0.681,
        1.244,
        1,
        1.5,
        1,
        1,
        1.744,
        1,
        1.989,
        0.565,
        2.233,
        0,
        1,
        2.555,
        -0.744,
        2.878,
        -1,
        3.2,
        -1,
        1,
        3.711,
        -1,
        4.222,
        -0.8,
        4.733,
        0,
        1,
        4.989,
        0.4,
        5.244,
        1,
        5.5,
        1,
        1,
        5.744,
        1,
        5.989,
        0.652,
        6.233,
        0,
        1,
        6.489,
        -0.681,
        6.744,
        -1,
        7,
        -1
      ]
    },
    {
      "Target": "Parameter",
      "Id": "shubianhua",
      "Segments": [
        0,
        0,
        0,
        1,
        5,
        0,
        2,
        0,
        0,
        3.2,
        5,
        0,
        5,
        0,
        0,
        6,
        5,
        0,
        7,
        0
      ]
    },
    {
      "Target": "Parameter",
      "Id": "shumujiaodu",
      "Segments": [
        0,
        0,
        0,
        0.9,
        0.263,
        0,
        1.3,
        0,
        2,
        5.5,
        0,
        0,
        5.833,
        -0.219,
        0,
        6.567,
        0.111,
        0,
        7,
        0
      ]
    },
    {
      "Target": "Parameter",
      "Id": "sz1dyb",
      "Segments": [
        0,
        0,
        0,
        2.5,
        0.707,
        0,
        7,
        0
      ]
    },
    {
      "Target": "Parameter",
      "Id": "sz2dyb",
      "Segments": [
        0,
        0,
        0,
        2.067,
        -0.6,
        0,
        7,
        0
      ]
    },
    {
      "Target": "Parameter",
      "Id": "sz3dyb",
      "Segments": [
        0,
        0,
        0,
        2.8,
        -0.5,
        0,
        7,
        0
      ]
    },
    {
      "Target": "Parameter",
      "Id": "ParamEyeLOpen",
      "Segments": [
        0,
        1,
        2,
        0.8,
        1,
        0,
        1.033,
        0.8,
        2,
        1.3,
        0.8,
        2,
        1.733,
        0.8,
        0,
        1.9,
        0.7,
        2,
        2.733,
        0.7,
        0,
        3,
        0,
        0,
        3.467,
        1,
        2,
        4.533,
        1,
        0,
        4.733,
        0,
        2,
        5.4,
        0,
        0,
        6,
        1,
        2,
        7,
        1
      ]
    },
    {
      "Target": "Parameter",
      "Id": "ParamEyeROpen",
      "Segments": [
        0,
        1,
        2,
        0.8,
        1,
        0,
        1.033,
        0.8,
        2,
        1.3,
        0.8,
        2,
        1.733,
        0.8,
        0,
        1.9,
        0.7,
        2,
        2.733,
        0.7,
        0,
        3,
        0,
        0,
        3.467,
        1,
        2,
        4.533,
        1,
        0,
        4.733,
        0,
        2,
        5.4,
        0,
        0,
        6,
        1,
        2,
        7,
        1
      ]
    },
    {
      "Target": "Parameter",
      "Id": "gaoguangdonghua",
      "Segments": [
        0,
        0,
        0,
        0.8,
        1,
        0,
        1.467,
        0,
        2,
        1.967,
        0,
        0,
        2.2,
        1,
        0,
        3.1,
        0,
        0,
        3.333,
        1,
        0,
        3.533,
        0,
        0,
        3.767,
        0.795,
        0,
        4,
        0,
        0,
        5.067,
        0.2,
        0,
        6,
        0,
        2,
        7,
        0
      ]
    },
    {
      "Target": "Parameter",
      "Id": "tongkongdaxiao",
      "Segments": [
        0,
        0,
        2,
        0.8,
        0,
        0,
        1.033,
        0.4,
        1,
        1.689,
        0.4,
        2.344,
        0.382,
        3,
        0.3,
        1,
        3.156,
        0.281,
        3.311,
        -0.6,
        3.467,
        -0.6,
        0,
        3.767,
        0.3,
        0,
        3.967,
        0,
        2,
        6,
        0,
        2,
        7,
        0
      ]
    },
    {
      "Target": "Parameter",
      "Id": "ParamBrowLY",
      "Segments": [
        0,
        0,
        2,
        0.8,
        0,
        1,
        0.878,
        0,
        0.955,
        -0.195,
        1.033,
        -0.2,
        1,
        1.6,
        -0.238,
        2.166,
        -0.262,
        2.733,
        -0.3,
        1,
        2.822,
        -0.306,
        2.911,
        -1,
        3,
        -1,
        0,
        3.467,
        0,
        2,
        4.533,
        0,
        0,
        4.733,
        -1,
        2,
        5.4,
        -1,
        0,
        6,
        0,
        2,
        7,
        0
      ]
    },
    {
      "Target": "Parameter",
      "Id": "ParamBrowRY",
      "Segments": [
        0,
        0,
        2,
        0.8,
        0,
        1,
        0.878,
        0,
        0.955,
        -0.195,
        1.033,
        -0.2,
        1,
        1.6,
        -0.238,
        2.166,
        -0.262,
        2.733,
        -0.3,
        1,
        2.822,
        -0.306,
        2.911,
        -1,
        3,
        -1,
        0,
        3.467,
        0,
        2,
        4.533,
        0,
        0,
        4.733,
        -1,
        2,
        5.4,
        -1,
        0,
        6,
        0,
        2,
        7,
        0
      ]
    },
    {
      "Target": "Parameter",
      "Id": "ParamBrowLForm",
      "Segments": [
        0,
        0,
        0,
        2.733,
        -0.5,
        0,
        4.167,
        0,
        2,
        6,
        0,
        2,
        7,
        0
      ]
    },
    {
      "Target": "Parameter",
      "Id": "ParamBrowRForm",
      "Segments": [
        0,
        0,
        0,
        2.733,
        -0.5,
        0,
        4.167,
        0,
        2,
        6,
        0,
        2,
        7,
        0
      ]
    },
    {
      "Target": "Parameter",
      "Id": "ParamEyeBallX",
      "Segments": [
        0,
        0,
        0,
        1.3,
        -1,
        1,
        1.5,
        -1,
        1.7,
        -0.982,
        1.9,
        -0.8,
        1,
        1.989,
        -0.719,
        2.078,
        0.571,
        2.167,
        0.6,
        1,
        2.434,
        0.687,
        2.7,
        0.7,
        2.967,
        0.7,
        0,
        3.167,
        0,
        2,
        6,
        0,
        2,
        7,
        0
      ]
    },
    {
      "Target": "Parameter",
      "Id": "ParamEyeBallY",
      "Segments": [
        0,
        0,
        0,
        1.3,
        -1,
        0,
        1.9,
        -0.8,
        0,
        2.167,
        -1,
        2,
        2.967,
        -1,
        0,
        3.167,
        0,
        2,
        6,
        0,
        2,
        7,
        0
      ]
    },
    {
      "Target": "Parameter",
      "Id": "liuhaigaoguang",
      "Segments": [
        0,
        0,
        0,
        1.9,
        -1,
        0,
        4.4,
        0.217,
        0,
        6,
        0,
        2,
        7,
        0
      ]
    },
    {
      "Target": "Parameter",
      "Id": "ParamMouthForm",
      "Segments": [
        0,
        0,
        1,
        0.4,
        0,
        0.8,
        -0.2,
        1.2,
        -0.6,
        1,
        1.467,
        -0.867,
        1.733,
        -1,
        2,
        -1,
        0,
        2.133,
        0,
        0,
        2.233,
        -0.3,
        0,
        2.633,
        0.1,
        0,
        2.8,
        -0.2,
        0,
        3.367,
        0.2,
        0,
        3.6,
        -0.5,
        0,
        3.7,
        0,
        0,
        4.667,
        -0.3,
        0,
        6,
        0,
        2,
        7,
        0
      ]
    },
    {
      "Target": "Parameter",
      "Id": "ParamMouthOpenY",
      "Segments": [
        0,
        0,
        2,
        1.2,
        0,
        0,
        1.6,
        1,
        0,
        1.667,
        0,
        2,
        1.7,
        0,
        0,
        1.967,
        0.5,
        0,
        2.033,
        0,
        1,
        2.044,
        0,
        2.056,
        0.007,
        2.067,
        0.1,
        1,
        2.134,
        0.66,
        2.2,
        1,
        2.267,
        1,
        0,
        2.4,
        0,
        0,
        2.533,
        0.6,
        0,
        2.633,
        0,
        2,
        2.733,
        0,
        2,
        2.767,
        0,
        0,
        3,
        0.5,
        0,
        3.067,
        0,
        1,
        3.089,
        0,
        3.111,
        -0.037,
        3.133,
        0.1,
        1,
        3.189,
        0.443,
        3.244,
        1,
        3.3,
        1,
        0,
        3.433,
        0,
        0,
        3.6,
        0.6,
        0,
        3.667,
        0,
        2,
        3.833,
        0,
        2,
        3.867,
        0,
        0,
        4.133,
        0.5,
        0,
        4.2,
        0,
        0,
        4.233,
        0.1,
        0,
        4.667,
        0,
        2,
        6,
        0,
        2,
        7,
        0
      ]
    },
    {
      "Target": "Parameter",
      "Id": "youshoutui",
      "Segments": [
        0,
        0,
        2,
        1.3,
        0,
        0,
        1.5,
        0.5,
        0,
        2.267,
        0,
        2,
        4.5,
        0,
        0,
        4.933,
        1,
        0,
        5.233,
        0,
        2,
        7,
        0
      ]
    },
    {
      "Target": "Parameter",
      "Id": "youtuiqiehuan",
      "Segments": [
        0,
        1,
        2,
        0.767,
        1,
        0,
        1.3,
        0,
        2,
        1.733,
        0,
        2,
        4.5,
        0,
        2,
        5.1,
        0,
        2,
        5.233,
        0,
        0,
        5.6,
        1,
        2,
        7,
        1
      ]
    },
    {
      "Target": "Parameter",
      "Id": "zuoshoutui",
      "Segments": [
        0,
        0,
        2,
        1.3,
        0,
        0,
        1.5,
        0.5,
        0,
        2.267,
        0,
        2,
        4.5,
        0,
        0,
        4.933,
        1,
        0,
        5.233,
        0,
        2,
        7,
        0
      ]
    },
    {
      "Target": "Parameter",
      "Id": "zuotuiqiehuan",
      "Segments": [
        0,
        1,
        2,
        0.767,
        1,
        0,
        1.3,
        0,
        2,
        4.5,
        0,
        2,
        5.1,
        0,
        2,
        5.233,
        0,
        0,
        5.6,
        1,
        2,
        7,
        1
      ]
    },
    {
      "Target": "Parameter",
      "Id": "zuotuizuoyou",
      "Segments": [
        0,
        0,
        2,
        0.767,
        0,
        0,
        1.533,
        0.1,
        2,
        4.5,
        0.1,
        0,
        4.933,
        0.4,
        1,
        5.033,
        0.4,
        5.133,
        0.181,
        5.233,
        0.1,
        1,
        5.355,
        0.001,
        5.478,
        0,
        5.6,
        0,
        2,
        7,
        0
      ]
    },
    {
      "Target": "Parameter",
      "Id": "zuotuidaxiao",
      "Segments": [
        0,
        0,
        0,
        0.767,
        0.3,
        0,
        1.533,
        -0.3,
        2,
        4.433,
        -0.3,
        0,
        7,
        0
      ]
    },
    {
      "Target": "Parameter",
      "Id": "youtuizuoyou",
      "Segments": [
        0,
        0,
        0,
        0.767,
        0.2,
        0,
        1.533,
        -0.1,
        2,
        4.5,
        -0.1,
        0,
        4.933,
        -0.9,
        1,
        5.033,
        -0.9,
        5.133,
        -0.366,
        5.233,
        -0.2,
        1,
        5.355,
        0.003,
        5.478,
        0,
        5.6,
        0,
        2,
        7,
        0
      ]
    },
    {
      "Target": "Parameter",
      "Id": "youtuidaxiao",
      "Segments": [
        0,
        0,
        0,
        0.767,
        0.2,
        0,
        1.533,
        -0.3,
        2,
        4.433,
        -0.3,
        0,
        7,
        0
      ]
    },
    {
      "Target": "Parameter",
      "Id": "zuoxiaotuishensuo",
      "Segments": [
        0,
        0,
        0,
        0.4,
        1,
        0,
        1.367,
        0,
        2,
        4.5,
        0,
        2,
        5.6,
        0,
        2,
        7,
        0
      ]
    },
    {
      "Target": "Parameter",
      "Id": "zuobaijiao",
      "Segments": [
        0,
        -0.7,
        0,
        0.367,
        -1,
        0,
        0.767,
        1,
        2,
        1.133,
        1,
        1,
        1.211,
        1,
        1.289,
        0.037,
        1.367,
        0,
        1,
        2.411,
        -0.499,
        3.456,
        -0.7,
        4.5,
        -0.7,
        1,
        4.867,
        -0.7,
        5.233,
        -0.582,
        5.6,
        0,
        1,
        5.733,
        0.212,
        5.867,
        1,
        6,
        1,
        0,
        7,
        -0.7
      ]
    },
    {
      "Target": "Parameter",
      "Id": "youxiaotuishensuo",
      "Segments": [
        0,
        0,
        0,
        0.4,
        1,
        0,
        1.367,
        0,
        2,
        4.5,
        0,
        2,
        5.733,
        0,
        2,
        7,
        0
      ]
    },
    {
      "Target": "Parameter",
      "Id": "youbaijiao",
      "Segments": [
        0,
        -0.7,
        0,
        0.367,
        -1,
        0,
        0.767,
        1,
        2,
        1.133,
        1,
        1,
        1.211,
        1,
        1.289,
        0.037,
        1.367,
        0,
        1,
        2.411,
        -0.499,
        3.456,
        -0.7,
        4.5,
        -0.7,
        1,
        4.867,
        -0.7,
        5.233,
        -0.582,
        5.6,
        0,
        1,
        5.733,
        0.212,
        5.867,
        1,
        6,
        1,
        0,
        7,
        -0.7
      ]
    },
    {
      "Target": "Parameter",
      "Id": "zuobixuanzhuan",
      "Segments": [
        0,
        0,
        0,
        0.667,
        -0.118,
        0,
        3.567,
        0,
        0,
        5.333,
        -0.082,
        0,
        7,
        0
      ]
    },
    {
      "Target": "Parameter",
      "Id": "zuoxiabixuanzhuan",
      "Segments": [
        0,
        0,
        0,
        0.667,
        -0.038,
        0,
        3.567,
        0,
        0,
        5.333,
        -0.018,
        0,
        7,
        0
      ]
    },
    {
      "Target": "Parameter",
      "Id": "zuoxiabishensuo",
      "Segments": [
        0,
        0,
        0,
        0.667,
        1,
        1,
        2,
        1,
        3.334,
        0.723,
        4.667,
        0,
        1,
        4.889,
        -0.121,
        5.111,
        -0.368,
        5.333,
        -0.368,
        0,
        7,
        0
      ]
    },
    {
      "Target": "Parameter",
      "Id": "zuoshouxuanzhuan",
      "Segments": [
        0,
        0,
        1,
        0.222,
        0,
        0.445,
        0,
        0.667,
        0.07,
        1,
        0.834,
        0.122,
        1,
        0.3,
        1.167,
        0.3,
        0,
        4.667,
        0,
        2,
        5,
        0,
        0,
        5.333,
        0.072,
        0,
        7,
        0
      ]
    },
    {
      "Target": "Parameter",
      "Id": "zuozishousuo",
      "Segments": [
        0,
        0,
        2,
        0.433,
        0,
        0,
        0.667,
        1,
        2,
        5.333,
        1,
        0,
        5.9,
        0,
        2,
        7,
        0
      ]
    },
    {
      "Target": "Parameter",
      "Id": "zuoshoufanzhuan",
      "Segments": [
        0,
        0,
        2,
        0.667,
        0,
        0,
        1.2,
        1,
        2,
        4.8,
        1,
        0,
        5.333,
        0,
        2,
        7,
        0
      ]
    },
    {
      "Target": "Parameter",
      "Id": "youbixuanzhuan",
      "Segments": [
        0,
        0,
        0,
        0.433,
        -0.3,
        0,
        5.333,
        0,
        2,
        7,
        0
      ]
    },
    {
      "Target": "Parameter",
      "Id": "youxiabixuanzhuan",
      "Segments": [
        0,
        0,
        0,
        0.333,
        0.05,
        0,
        0.667,
        0,
        0,
        1.433,
        0.907,
        0,
        2,
        0.832,
        0,
        2.7,
        0.888,
        2,
        3.2,
        0.888,
        1,
        3.667,
        0.888,
        4.133,
        0.874,
        4.6,
        0.733,
        1,
        4.844,
        0.658,
        5.089,
        0.222,
        5.333,
        0,
        1,
        5.478,
        -0.131,
        5.622,
        -0.171,
        5.767,
        -0.171,
        0,
        6.167,
        0,
        2,
        7,
        0
      ]
    },
    {
      "Target": "Parameter",
      "Id": "youxiabishensuo",
      "Segments": [
        0,
        0,
        1,
        0.222,
        0,
        0.445,
        -0.003,
        0.667,
        -0.1,
        1,
        0.778,
        -0.149,
        0.889,
        -1,
        1,
        -1,
        0,
        1.167,
        0,
        2,
        4.267,
        0,
        1,
        4.445,
        0,
        4.622,
        -0.349,
        4.8,
        -0.377,
        1,
        4.978,
        -0.406,
        5.155,
        -0.4,
        5.333,
        -0.4,
        0,
        7,
        0
      ]
    },
    {
      "Target": "Parameter",
      "Id": "youshouxuanzhuan",
      "Segments": [
        0,
        0,
        2,
        0.667,
        0,
        0,
        1.167,
        1,
        0,
        2,
        -1,
        0,
        2.7,
        -0.1,
        2,
        3.2,
        -0.1,
        2,
        3.567,
        -0.1,
        0,
        4.6,
        -1,
        2,
        5.033,
        -1,
        0,
        5.333,
        0,
        2,
        7,
        0
      ]
    },
    {
      "Target": "Parameter",
      "Id": "yssztmd",
      "Segments": [
        0,
        0,
        2,
        0.667,
        0,
        0,
        0.7,
        1,
        2,
        1.3,
        1,
        2,
        5.333,
        1,
        0,
        5.367,
        0,
        2,
        7,
        0
      ]
    },
    {
      "Target": "Parameter",
      "Id": "youshoufanzhuan",
      "Segments": [
        0,
        0,
        2,
        0.833,
        0,
        0,
        1.5,
        2,
        2,
        2.7,
        2,
        2,
        3.2,
        2,
        2,
        4.533,
        2,
        0,
        5.333,
        0,
        2,
        7,
        0
      ]
    },
    {
      "Target": "Parameter",
      "Id": "paotaijiaodu",
      "Segments": [
        0,
        0,
        0,
        0.6,
        -0.691,
        0,
        1.3,
        1,
        0,
        1.967,
        -0.691,
        0,
        5.133,
        0.648,
        0,
        5.867,
        -1,
        0,
        6.433,
        1,
        0,
        7,
        0
      ]
    },
    {
      "Target": "Parameter",
      "Id": "paoguangxuanzhuang",
      "Segments": [
        0,
        0,
        0,
        0.367,
        -0.328,
        0,
        1,
        0.336,
        0,
        1.733,
        -1,
        0,
        2.633,
        0.425,
        0,
        3.567,
        -1,
        0,
        4.867,
        0.613,
        0,
        5.933,
        -1,
        0,
        6.4,
        1,
        0,
        7,
        0
      ]
    },
    {
      "Target": "Parameter",
      "Id": "paotaixuanzhuang",
      "Segments": [
        0,
        0,
        0,
        1.167,
        0.565,
        0,
        2.1,
        -1,
        0,
        3.467,
        -0.5,
        0,
        5.033,
        -1,
        0,
        5.767,
        0.767,
        0,
        6.133,
        -0.4,
        0,
        7,
        0
      ]
    },
    {
      "Target": "Parameter",
      "Id": "yuleijiaodu1",
      "Segments": [
        0,
        0,
        0,
        0.533,
        -1,
        0,
        2,
        1,
        0,
        4.667,
        -0.4,
        0,
        5.533,
        1,
        0,
        7,
        0
      ]
    },
    {
      "Target": "Parameter",
      "Id": "yuleijiaodu2",
      "Segments": [
        0,
        0,
        0,
        0.633,
        -1,
        0,
        2.267,
        1,
        0,
        4.767,
        -0.4,
        0,
        5.8,
        1,
        0,
        7,
        0
      ]
    },
    {
      "Target": "Parameter",
      "Id": "yuleijiaodu3",
      "Segments": [
        0,
        0,
        0,
        0.733,
        -1,
        0,
        2.5,
        1,
        0,
        4.867,
        -0.4,
        0,
        6.033,
        1,
        0,
        7,
        0
      ]
    },
    {
      "Target": "Parameter",
      "Id": "yuleijiaodu4",
      "Segments": [
        0,
        0,
        0,
        0.833,
        -1,
        0,
        2.767,
        1,
        0,
        4.967,
        -0.4,
        0,
        6.3,
        1,
        0,
        7,
        0
      ]
    },
    {
      "Target": "Parameter",
      "Id": "yuleijiaodu5",
      "Segments": [
        0,
        0,
        0,
        0.933,
        -1,
        0,
        2.933,
        1,
        0,
        5.067,
        -0.4,
        0,
        6.467,
        1,
        0,
        7,
        0
      ]
    },
    {
      "Target": "Parameter",
      "Id": "jianzhuanjiaodu",
      "Segments": [
        0,
        0,
        2,
        0.067,
        0,
        0,
        0.533,
        0.103,
        0,
        1.167,
        -0.152,
        0,
        2,
        -0.039,
        0,
        2.3,
        -0.042,
        0,
        5.033,
        0.06,
        0,
        5.967,
        -0.074,
        0,
        6.7,
        0.044,
        0,
        7,
        0
      ]
    },
    {
      "Target": "Parameter",
      "Id": "jianzhuanshangxia",
      "Segments": [
        0,
        0,
        0,
        0.8,
        1,
        0,
        1.833,
        -1,
        0,
        2.533,
        0.17,
        0,
        3.067,
        -0.515,
        0,
        4.867,
        1,
        0,
        5.367,
        -1,
        0,
        6.3,
        0.7,
        0,
        7,
        0
      ]
    },
    {
      "Target": "Parameter",
      "Id": "shoudongwuli",
      "Segments": [
        0,
        0,
        0,
        0.5,
        1,
        2,
        6.667,
        1,
        0,
        7,
        0
      ]
    },
    {
      "Target": "Parameter",
      "Id": "mwzy",
      "Segments": [
        0,
        0,
        2,
        0.567,
        0,
        0,
        1.533,
        1,
        0,
        2.333,
        0,
        0,
        3,
        1,
        0,
        3.9,
        0,
        0,
        4.833,
        1,
        0,
        6.1,
        0,
        2,
        7,
        0
      ]
    },
    {
      "Target": "Parameter",
      "Id": "mwbx",
      "Segments": [
        0,
        0,
        0,
        1.033,
        -1,
        0,
        1.867,
        1,
        0,
        2.7,
        -1,
        0,
        3.333,
        0.752,
        0,
        4.233,
        -0.537,
        0,
        5.367,
        1,
        0,
        6.6,
        -1,
        0,
        7,
        0
      ]
    },
    {
      "Target": "Parameter",
      "Id": "youtuoxietuer",
      "Segments": [
        0,
        0,
        0,
        0.333,
        1,
        0,
        1.2,
        -1,
        1,
        1.344,
        -1,
        1.489,
        -0.963,
        1.633,
        -0.7,
        1,
        1.766,
        -0.457,
        1.9,
        0.237,
        2.033,
        0.413,
        1,
        2.389,
        0.881,
        2.744,
        1,
        3.1,
        1,
        0,
        4.733,
        -0.91,
        1,
        4.922,
        -0.91,
        5.111,
        -0.931,
        5.3,
        -0.5,
        1,
        5.533,
        0.033,
        5.767,
        1,
        6,
        1,
        0,
        7,
        0
      ]
    },
    {
      "Target": "Parameter",
      "Id": "zuotuoxietuer",
      "Segments": [
        0,
        0,
        0,
        0.333,
        1,
        0,
        1.2,
        -1,
        1,
        1.344,
        -1,
        1.489,
        -0.963,
        1.633,
        -0.7,
        1,
        1.766,
        -0.457,
        1.9,
        0.237,
        2.033,
        0.413,
        1,
        2.389,
        0.881,
        2.744,
        1,
        3.1,
        1,
        0,
        4.733,
        -0.91,
        1,
        4.922,
        -0.91,
        5.111,
        -0.931,
        5.3,
        -0.5,
        1,
        5.533,
        0.033,
        5.767,
        1,
        6,
        1,
        0,
        7,
        0
      ]
    },
    {
      "Target": "Parameter",
      "Id": "sdztryb",
      "Segments": [
        0,
        0,
        0,
        0.267,
        -1,
        0,
        1.167,
        1,
        0,
        1.9,
        -1,
        0,
        2.6,
        0.5,
        0,
        3.167,
        -0.571,
        1,
        3.411,
        -0.571,
        3.656,
        -0.179,
        3.9,
        0.187,
        1,
        4.089,
        0.47,
        4.278,
        0.5,
        4.467,
        0.5,
        0,
        4.867,
        -1,
        0,
        5.5,
        1,
        0,
        6.233,
        -1,
        0,
        7,
        0
      ]
    },
    {
      "Target": "Parameter",
      "Id": "sdzebx",
      "Segments": [
        0,
        0,
        0,
        0.567,
        -0.787,
        0,
        1.367,
        1,
        1,
        1.456,
        1,
        1.544,
        0.761,
        1.633,
        0.4,
        1,
        1.822,
        -0.367,
        2.011,
        -0.7,
        2.2,
        -0.7,
        0,
        2.833,
        0.605,
        0,
        3.567,
        -0.236,
        0,
        4.633,
        0.2,
        0,
        5.2,
        -0.8,
        0,
        5.967,
        1,
        0,
        6.567,
        -0.4,
        0,
        7,
        0
      ]
    },
    {
      "Target": "Parameter",
      "Id": "sdyeyb",
      "Segments": [
        0,
        0,
        0,
        0.267,
        -1,
        0,
        1.167,
        1,
        0,
        1.9,
        -1,
        0,
        2.567,
        0.6,
        0,
        3.167,
        -0.4,
        1,
        3.4,
        -0.4,
        3.634,
        -0.256,
        3.867,
        0.135,
        1,
        4.067,
        0.47,
        4.267,
        0.7,
        4.467,
        0.7,
        0,
        4.867,
        -1,
        0,
        5.5,
        1,
        0,
        6.233,
        -1,
        0,
        7,
        0
      ]
    },
    {
      "Target": "Parameter",
      "Id": "sdyebx",
      "Segments": [
        0,
        0,
        0,
        0.533,
        -0.8,
        0,
        1.367,
        1,
        0,
        2.2,
        -0.8,
        0,
        3.033,
        0.608,
        0,
        3.567,
        -0.1,
        0,
        4.6,
        0.608,
        0,
        5.167,
        -1,
        0,
        5.967,
        0.7,
        0,
        6.667,
        -0.8,
        0,
        7,
        0
      ]
    },
    {
      "Target": "Parameter",
      "Id": "sdjzjd",
      "Segments": [
        0,
        0,
        0,
        0.8,
        0.752,
        0,
        2.033,
        -0.6,
        1,
        2.3,
        -0.6,
        2.566,
        -0.343,
        2.833,
        -0.3,
        1,
        3.622,
        -0.173,
        4.411,
        -0.124,
        5.2,
        0,
        1,
        5.411,
        0.033,
        5.622,
        0.565,
        5.833,
        0.565,
        0,
        7,
        0
      ]
    },
    {
      "Target": "Parameter",
      "Id": "zuotueryaobai",
      "Segments": [
        0,
        0,
        2,
        0.067,
        0,
        0,
        0.5,
        -0.338,
        0,
        0.967,
        0.441,
        0,
        1.367,
        0.112,
        0,
        1.733,
        0.243,
        0,
        2.2,
        0.13,
        0,
        2.333,
        0.132,
        0,
        5,
        -0.157,
        0,
        5.867,
        0.16,
        0,
        6.6,
        -0.067,
        0,
        7,
        0
      ]
    },
    {
      "Target": "Parameter",
      "Id": "ztebx",
      "Segments": [
        0,
        0,
        2,
        0.067,
        0,
        0,
        0.5,
        -0.902,
        0,
        0.9,
        1,
        2,
        1.067,
        1,
        0,
        1.367,
        0.298,
        0,
        1.733,
        0.647,
        0,
        2.2,
        0.345,
        0,
        2.333,
        0.351,
        0,
        5,
        -0.418,
        0,
        5.867,
        0.427,
        0,
        6.6,
        -0.178,
        0,
        7,
        0
      ]
    },
    {
      "Target": "Parameter",
      "Id": "youtueryaobai",
      "Segments": [
        0,
        0,
        2,
        0.067,
        0,
        0,
        0.5,
        -0.338,
        0,
        0.967,
        0.441,
        0,
        1.367,
        0.112,
        0,
        1.733,
        0.243,
        0,
        2.2,
        0.13,
        0,
        2.333,
        0.132,
        0,
        5,
        -0.157,
        0,
        5.867,
        0.16,
        0,
        6.6,
        -0.067,
        0,
        7,
        0
      ]
    },
    {
      "Target": "Parameter",
      "Id": "ytebx",
      "Segments": [
        0,
        0,
        2,
        0.067,
        0,
        0,
        0.5,
        -0.902,
        0,
        0.9,
        1,
        2,
        1.067,
        1,
        0,
        1.367,
        0.298,
        0,
        1.733,
        0.647,
        0,
        2.2,
        0.345,
        0,
        2.333,
        0.351,
        0,
        5,
        -0.418,
        0,
        5.867,
        0.427,
        0,
        6.6,
        -0.178,
        0,
        7,
        0
      ]
    },
    {
      "Target": "Parameter",
      "Id": "ParamHairFront",
      "Segments": [
        0,
        0,
        2,
        0.067,
        0,
        0,
        0.5,
        -0.564,
        0,
        0.967,
        0.735,
        0,
        1.367,
        0.186,
        0,
        1.733,
        0.404,
        0,
        2.2,
        0.216,
        0,
        2.333,
        0.219,
        0,
        5,
        -0.261,
        0,
        5.867,
        0.267,
        0,
        6.6,
        -0.111,
        0,
        7,
        0
      ]
    },
    {
      "Target": "Parameter",
      "Id": "qianfashensuo",
      "Segments": [
        0,
        0,
        2,
        0.067,
        0,
        0,
        0.5,
        -0.113,
        0,
        0.967,
        0.147,
        0,
        1.367,
        0.037,
        0,
        1.733,
        0.081,
        0,
        2.2,
        0.043,
        0,
        2.333,
        0.044,
        0,
        5,
        -0.052,
        0,
        5.867,
        0.053,
        0,
        6.6,
        -0.022,
        0,
        7,
        0
      ]
    },
    {
      "Target": "Parameter",
      "Id": "ParamHairSide",
      "Segments": [
        0,
        0,
        2,
        0.067,
        0,
        0,
        0.433,
        -0.94,
        0,
        0.967,
        0.9,
        0,
        1.2,
        0.679,
        0,
        1.4,
        0.736,
        0,
        5.033,
        -0.497,
        0,
        5.9,
        0.422,
        0,
        6.633,
        -0.169,
        0,
        7,
        0
      ]
    },
    {
      "Target": "Parameter",
      "Id": "lingdangyaobai",
      "Segments": [
        0,
        0,
        2,
        0.067,
        0,
        0,
        0.433,
        -0.416,
        0,
        0.967,
        0.412,
        0,
        1.167,
        0.362,
        0,
        1.267,
        0.367,
        0,
        5.033,
        -0.245,
        0,
        5.9,
        0.2,
        0,
        6.633,
        -0.075,
        0,
        6.933,
        0,
        2,
        7,
        0
      ]
    },
    {
      "Target": "Parameter",
      "Id": "zuoshuxiujiaodu",
      "Segments": [
        0,
        0,
        0,
        1.267,
        -0.589,
        0,
        2.6,
        0.564,
        0,
        4.9,
        -0.486,
        0,
        6.3,
        0.373,
        0,
        7,
        0
      ]
    },
    {
      "Target": "Parameter",
      "Id": "zuoshuxiuyaobai",
      "Segments": [
        0,
        0,
        0,
        0.7,
        0.484,
        0,
        2,
        -0.541,
        0,
        4.3,
        0.394,
        0,
        6.067,
        -0.427,
        0,
        7,
        0
      ]
    },
    {
      "Target": "Parameter",
      "Id": "youshuxiujiaodu",
      "Segments": [
        0,
        0,
        0,
        1.167,
        -0.622,
        0,
        2.5,
        0.671,
        0,
        4.8,
        -0.622,
        0,
        6.167,
        0.671,
        0,
        7,
        0
      ]
    },
    {
      "Target": "Parameter",
      "Id": "youshuxiudaiyaobai",
      "Segments": [
        0,
        0,
        0,
        0.6,
        0.698,
        0,
        1.8,
        -0.606,
        0,
        3.5,
        0.698,
        0,
        5.533,
        -0.606,
        0,
        7,
        0
      ]
    },
    {
      "Target": "Parameter",
      "Id": "zldbx",
      "Segments": [
        0,
        0,
        0,
        1,
        -0.5,
        0,
        3.133,
        0.5,
        0,
        5.8,
        -0.4,
        0,
        7,
        0
      ]
    },
    {
      "Target": "Parameter",
      "Id": "yldbx",
      "Segments": [
        0,
        0,
        0,
        0.5,
        -0.5,
        0,
        2.467,
        0.5,
        0,
        5.333,
        -0.5,
        0,
        7,
        0
      ]
    },
    {
      "Target": "Parameter",
      "Id": "youopdaibianxing",
      "Segments": [
        0,
        0,
        0,
        0.967,
        1,
        0,
        2.233,
        -1,
        0,
        5.2,
        0.772,
        0,
        6.6,
        -0.6,
        0,
        7,
        0
      ]
    },
    {
      "Target": "Parameter",
      "Id": "zxdyb",
      "Segments": [
        0,
        0,
        0,
        1.233,
        -1,
        0,
        3.067,
        1,
        0,
        5.7,
        -1,
        0,
        7,
        0
      ]
    },
    {
      "Target": "Parameter",
      "Id": "youxiongdaijiaodu",
      "Segments": [
        0,
        0,
        0,
        0.933,
        -1,
        0,
        2.033,
        1,
        0,
        3.367,
        -1,
        0,
        4.633,
        0.818,
        0,
        6,
        -0.728,
        0,
        6.7,
        0.467,
        0,
        7,
        0
      ]
    },
    {
      "Target": "Parameter",
      "Id": "yxdyb",
      "Segments": [
        0,
        0,
        0,
        0.467,
        0.7,
        0,
        1.467,
        -0.6,
        0,
        2.567,
        0.5,
        0,
        4.1,
        -0.5,
        0,
        5.333,
        0.404,
        0,
        6.433,
        -0.4,
        0,
        7,
        0
      ]
    },
    {
      "Target": "Parameter",
      "Id": "ParamAngleY",
      "Segments": [
        0,
        0,
        0,
        0.4,
        -30,
        0,
        0.8,
        30,
        2,
        1,
        30,
        0,
        1.6,
        -30,
        2,
        1.867,
        -30,
        0,
        2.833,
        0,
        2,
        4.5,
        0,
        0,
        4.933,
        -30,
        2,
        5.4,
        -30,
        0,
        5.8,
        30,
        0,
        6.367,
        -11,
        0,
        7,
        0
      ]
    },
    {
      "Target": "Parameter",
      "Id": "shouZ",
      "Segments": [
        0,
        0,
        0,
        0.4,
        -22,
        0,
        0.933,
        22,
        0,
        2.267,
        -7,
        0,
        3.867,
        0,
        0,
        5.1,
        -12,
        0,
        5.867,
        11,
        0,
        6.6,
        -4,
        0,
        7,
        0
      ]
    },
    {
      "Target": "Parameter",
      "Id": "ParamBodyAngleYY",
      "Segments": [
        0,
        0,
        0,
        0.967,
        -7,
        0,
        1.4,
        2.804,
        0,
        1.5,
        0,
        2,
        4.667,
        0,
        0,
        4.967,
        3,
        0,
        5.733,
        -3,
        0,
        6.1,
        0,
        2,
        7,
        0
      ]
    },
    {
      "Target": "Parameter",
      "Id": "ParamBodyAngleY",
      "Segments": [
        0,
        0,
        0,
        0.533,
        -10,
        0,
        1.4,
        3,
        0,
        2.033,
        0,
        2,
        5.6,
        0,
        2,
        7,
        0
      ]
    },
    {
      "Target": "Parameter",
      "Id": "ParamBodyAngleXX",
      "Segments": [
        0,
        0,
        0,
        0.367,
        0.5,
        0,
        2.267,
        -0.502,
        0,
        4.533,
        0.51,
        0,
        4.967,
        -1,
        0,
        5.6,
        0.96,
        0,
        6.367,
        -0.592,
        0,
        7,
        0
      ]
    },
    {
      "Target": "Parameter",
      "Id": "ParamBodyAngleZ",
      "Segments": [
        0,
        0,
        0,
        4.733,
        -1.394,
        0,
        5.6,
        0,
        2,
        7,
        0
      ]
    },
    {
      "Target": "Parameter",
      "Id": "ParamBreath",
      "Segments": [
        0,
        0,
        0,
        1,
        1,
        0,
        3.2,
        0,
        0,
        5,
        1,
        0,
        7,
        0
      ]
    },
    {
      "Target": "Parameter",
      "Id": "yifuzuoyou",
      "Segments": [
        0,
        0,
        0,
        1.167,
        1,
        0,
        2.7,
        -1,
        0,
        5.3,
        1,
        0,
        6.533,
        -1,
        0,
        7,
        0
      ]
    },
    {
      "Target": "Parameter",
      "Id": "yifubianxing",
      "Segments": [
        0,
        0,
        0,
        0.6,
        -30,
        0,
        1.833,
        30,
        0,
        4.033,
        -29.401,
        0,
        6.033,
        27.761,
        0,
        7,
        0
      ]
    },
    {
      "Target": "Parameter",
      "Id": "yifuxingtai",
      "Segments": [
        0,
        0,
        2,
        0.767,
        0,
        0,
        1.533,
        1,
        0,
        1.767,
        0.8,
        0,
        2.067,
        1,
        2,
        4.5,
        1,
        0,
        4.667,
        0.8,
        0,
        4.967,
        1,
        2,
        5.233,
        1,
        0,
        5.633,
        0,
        2,
        7,
        0
      ]
    },
    {
      "Target": "Parameter",
      "Id": "yifuyaobai",
      "Segments": [
        0,
        0,
        2,
        1.567,
        0,
        0,
        2,
        -0.4,
        0,
        2.533,
        0.3,
        0,
        3.333,
        -0.1,
        0,
        4.433,
        0,
        0,
        4.833,
        -1,
        0,
        5.367,
        0,
        2,
        7,
        0
      ]
    },
    {
      "Target": "Parameter",
      "Id": "xiashujiaodu",
      "Segments": [
        0,
        0,
        0,
        0.567,
        0.132,
        1,
        0.689,
        0.132,
        0.811,
        0.095,
        0.933,
        0,
        1,
        1.011,
        -0.06,
        1.089,
        -0.118,
        1.167,
        -0.207,
        1,
        1.211,
        -0.258,
        1.256,
        -0.397,
        1.3,
        -0.511,
        1,
        1.311,
        -0.54,
        1.322,
        -0.6,
        1.333,
        -0.6,
        0,
        2.467,
        -0.491,
        1,
        3.145,
        -0.491,
        3.822,
        -0.493,
        4.5,
        -0.504,
        1,
        4.667,
        -0.507,
        4.833,
        -0.78,
        5,
        -0.78,
        0,
        5.3,
        0.69,
        0,
        5.633,
        0,
        2,
        7,
        0
      ]
    },
    {
      "Target": "Parameter",
      "Id": "shentishangxia",
      "Segments": [
        0,
        0,
        2,
        0.767,
        0,
        1,
        0.956,
        0,
        1.144,
        -0.059,
        1.333,
        -1,
        2,
        4.5,
        -1,
        2,
        4.967,
        -1,
        0,
        5.3,
        0,
        2,
        5.567,
        0,
        0,
        5.7,
        -0.036,
        0,
        5.833,
        0,
        2,
        7,
        0
      ]
    },
    {
      "Target": "Parameter",
      "Id": "shentidaxiao",
      "Segments": [
        0,
        0,
        2,
        0.967,
        0,
        1,
        1.156,
        0.85,
        1.344,
        1,
        1.533,
        1,
        2,
        4.967,
        1,
        0,
        5.433,
        -0.34,
        0,
        5.967,
        0,
        2,
        7,
        0
      ]
    },
    {
      "Target": "Parameter",
      "Id": "shangshenshangxia",
      "Segments": [
        0,
        0,
        2,
        0.767,
        0,
        0,
        0.867,
        -0.101,
        0,
        1.167,
        0.5,
        1,
        1.2,
        0.5,
        1.234,
        0.066,
        1.267,
        0,
        1,
        1.334,
        -0.132,
        1.4,
        -0.142,
        1.467,
        -0.142,
        0,
        1.633,
        0,
        2,
        2.467,
        0,
        2,
        4.5,
        0,
        0,
        4.967,
        -1,
        1,
        5.034,
        -1,
        5.1,
        -1.01,
        5.167,
        -0.821,
        1,
        5.211,
        -0.696,
        5.256,
        1,
        5.3,
        1,
        0,
        5.633,
        0,
        2,
        7,
        0
      ]
    },
    {
      "Target": "Parameter",
      "Id": "baozhaguodu",
      "Segments": [
        0,
        0,
        0,
        7,
        0
      ]
    },
    {
      "Target": "Parameter",
      "Id": "baimaotmd",
      "Segments": [
        0,
        0,
        0,
        7,
        0
      ]
    },
    {
      "Target": "Parameter",
      "Id": "baimaoshensuo",
      "Segments": [
        0,
        0,
        0,
        7,
        0
      ]
    },
    {
      "Target": "Parameter",
      "Id": "baimaojiya",
      "Segments": [
        0,
        0,
        0,
        7,
        0
      ]
    },
    {
      "Target": "Parameter",
      "Id": "maozuoyou",
      "Segments": [
        0,
        0,
        0,
        7,
        0
      ]
    },
    {
      "Target": "Parameter",
      "Id": "maoshangxia",
      "Segments": [
        0,
        0,
        0,
        7,
        0
      ]
    },
    {
      "Target": "Parameter",
      "Id": "maojiaodu",
      "Segments": [
        0,
        0,
        0,
        7,
        0
      ]
    },
    {
      "Target": "Parameter",
      "Id": "maoliandai",
      "Segments": [
        0,
        0,
        0,
        7,
        0
      ]
    },
    {
      "Target": "Parameter",
      "Id": "maoerduo",
      "Segments": [
        0,
        0,
        0,
        7,
        0
      ]
    },
    {
      "Target": "Parameter",
      "Id": "maozhayan",
      "Segments": [
        0,
        0,
        0,
        7,
        0
      ]
    },
    {
      "Target": "Parameter",
      "Id": "maogaoguang",
      "Segments": [
        0,
        0,
        0,
        7,
        0
      ]
    },
    {
      "Target": "Parameter",
      "Id": "maozui",
      "Segments": [
        0,
        0,
        0,
        7,
        0
      ]
    },
    {
      "Target": "Parameter",
      "Id": "maozuishetou",
      "Segments": [
        0,
        0,
        0,
        7,
        0
      ]
    },
    {
      "Target": "Parameter",
      "Id": "maohongyun",
      "Segments": [
        0,
        0,
        0,
        7,
        0
      ]
    },
    {
      "Target": "Parameter",
      "Id": "maozishensuo",
      "Segments": [
        0,
        0,
        0,
        7,
        0
      ]
    },
    {
      "Target": "Parameter",
      "Id": "maoshou",
      "Segments": [
        0,
        -1,
        0,
        7,
        -1
      ]
    },
    {
      "Target": "Parameter",
      "Id": "maoweibajiaodu",
      "Segments": [
        0,
        0,
        0,
        7,
        0
      ]
    },
    {
      "Target": "Parameter",
      "Id": "maoweibabianxing",
      "Segments": [
        0,
        0,
        0,
        7,
        0
      ]
    },
    {
      "Target": "Parameter",
      "Id": "maozuojiao",
      "Segments": [
        0,
        0,
        0,
        7,
        0
      ]
    },
    {
      "Target": "Parameter",
      "Id": "maoyoujiao",
      "Segments": [
        0,
        0,
        0,
        7,
        0
      ]
    },
    {
      "Target": "Parameter",
      "Id": "ParamEyeLSmile",
      "Segments": [
        0,
        0,
        0,
        7,
        0
      ]
    },
    {
      "Target": "Parameter",
      "Id": "ParamEyeRSmile",
      "Segments": [
        0,
        0,
        0,
        7,
        0
      ]
    },
    {
      "Target": "Parameter",
      "Id": "ParamBrowLX",
      "Segments": [
        0,
        0,
        0,
        7,
        0
      ]
    },
    {
      "Target": "Parameter",
      "Id": "ParamBrowRX",
      "Segments": [
        0,
        0,
        0,
        7,
        0
      ]
    },
    {
      "Target": "Parameter",
      "Id": "ParamBrowLAngle",
      "Segments": [
        0,
        0,
        0,
        7,
        0
      ]
    },
    {
      "Target": "Parameter",
      "Id": "ParamBrowRAngle",
      "Segments": [
        0,
        0,
        0,
        7,
        0
      ]
    },
    {
      "Target": "Parameter",
      "Id": "muyudaxiao",
      "Segments": [
        0,
        0,
        0,
        7,
        0
      ]
    },
    {
      "Target": "Parameter",
      "Id": "muyuqiehuan",
      "Segments": [
        0,
        0,
        0,
        7,
        0
      ]
    },
    {
      "Target": "Parameter",
      "Id": "gaoguangtoumingdu",
      "Segments": [
        0,
        0,
        0,
        7,
        0
      ]
    },
    {
      "Target": "Parameter",
      "Id": "ParamCheek",
      "Segments": [
        0,
        0,
        0,
        7,
        0
      ]
    },
    {
      "Target": "Parameter",
      "Id": "yunbianxing",
      "Segments": [
        0,
        -1,
        0,
        7,
        -1
      ]
    },
    {
      "Target": "Parameter",
      "Id": "expyun1",
      "Segments": [
        0,
        0,
        0,
        7,
        0
      ]
    },
    {
      "Target": "Parameter",
      "Id": "yunjiaodu",
      "Segments": [
        0,
        0,
        0,
        7,
        0
      ]
    },
    {
      "Target": "Parameter",
      "Id": "shuijiaozzz",
      "Segments": [
        0,
        0,
        0,
        7,
        0
      ]
    },
    {
      "Target": "Parameter",
      "Id": "shuijiaozzztmd",
      "Segments": [
        0,
        0,
        0,
        7,
        0
      ]
    },
    {
      "Target": "Parameter",
      "Id": "shuijiaoyidong",
      "Segments": [
        0,
        0,
        0,
        7,
        0
      ]
    },
    {
      "Target": "Parameter",
      "Id": "dingjjj",
      "Segments": [
        0,
        0,
        0,
        7,
        0
      ]
    },
    {
      "Target": "Parameter",
      "Id": "zuotuixuanzhuan",
      "Segments": [
        0,
        0,
        0,
        7,
        0
      ]
    },
    {
      "Target": "Parameter",
      "Id": "zuotuishangxia",
      "Segments": [
        0,
        0,
        0,
        7,
        0
      ]
    },
    {
      "Target": "Parameter",
      "Id": "youtuixuanzhuan",
      "Segments": [
        0,
        0,
        0,
        7,
        0
      ]
    },
    {
      "Target": "Parameter",
      "Id": "youtuishangxia",
      "Segments": [
        0,
        0,
        0,
        7,
        0
      ]
    },
    {
      "Target": "Parameter",
      "Id": "zuoxiaotuixuanzhuan",
      "Segments": [
        0,
        0,
        0,
        7,
        0
      ]
    },
    {
      "Target": "Parameter",
      "Id": "zuojiaoxuanzhuan",
      "Segments": [
        0,
        0,
        0,
        7,
        0
      ]
    },
    {
      "Target": "Parameter",
      "Id": "youxiaotuixuanzhuan",
      "Segments": [
        0,
        0,
        0,
        7,
        0
      ]
    },
    {
      "Target": "Parameter",
      "Id": "youjiaoxuanzhuan",
      "Segments": [
        0,
        0,
        0,
        7,
        0
      ]
    },
    {
      "Target": "Parameter",
      "Id": "zuobishensuo",
      "Segments": [
        0,
        0,
        0,
        7,
        0
      ]
    },
    {
      "Target": "Parameter",
      "Id": "xingfengtmd",
      "Segments": [
        0,
        0,
        0,
        7,
        0
      ]
    },
    {
      "Target": "Parameter",
      "Id": "xingfengjiaodu",
      "Segments": [
        0,
        0,
        0,
        7,
        0
      ]
    },
    {
      "Target": "Parameter",
      "Id": "youbishensuo",
      "Segments": [
        0,
        0,
        0,
        7,
        0
      ]
    },
    {
      "Target": "Parameter",
      "Id": "youbijiya",
      "Segments": [
        0,
        0,
        0,
        7,
        0
      ]
    },
    {
      "Target": "Parameter",
      "Id": "shangzimianx",
      "Segments": [
        0,
        0,
        0,
        7,
        0
      ]
    },
    {
      "Target": "Parameter",
      "Id": "yousizi",
      "Segments": [
        0,
        -1,
        0,
        7,
        -1
      ]
    },
    {
      "Target": "Parameter",
      "Id": "paotaichanrao",
      "Segments": [
        0,
        4,
        0,
        7,
        4
      ]
    },
    {
      "Target": "Parameter",
      "Id": "paodishenchu",
      "Segments": [
        0,
        1,
        0,
        7,
        1
      ]
    },
    {
      "Target": "Parameter",
      "Id": "yuleichangrao",
      "Segments": [
        0,
        6,
        0,
        7,
        6
      ]
    },
    {
      "Target": "Parameter",
      "Id": "paotaishensuo",
      "Segments": [
        0,
        0,
        0,
        7,
        0
      ]
    },
    {
      "Target": "Parameter",
      "Id": "yuleiweiyi1",
      "Segments": [
        0,
        0,
        0,
        7,
        0
      ]
    },
    {
      "Target": "Parameter",
      "Id": "yuleiweiyi2",
      "Segments": [
        0,
        0,
        0,
        7,
        0
      ]
    },
    {
      "Target": "Parameter",
      "Id": "yuleiweiyi3",
      "Segments": [
        0,
        0,
        0,
        7,
        0
      ]
    },
    {
      "Target": "Parameter",
      "Id": "yuleiweiyi5",
      "Segments": [
        0,
        0,
        0,
        7,
        0
      ]
    },
    {
      "Target": "Parameter",
      "Id": "yuleiweiyi4",
      "Segments": [
        0,
        0,
        0,
        7,
        0
      ]
    },
    {
      "Target": "Parameter",
      "Id": "jianzhuangqumian",
      "Segments": [
        0,
        0,
        0,
        7,
        0
      ]
    },
    {
      "Target": "Parameter",
      "Id": "liuhaiyaobai",
      "Segments": [
        0,
        0,
        0,
        7,
        0
      ]
    },
    {
      "Target": "Parameter",
      "Id": "ParamHairBack",
      "Segments": [
        0,
        0,
        0,
        7,
        0
      ]
    },
    {
      "Target": "Parameter",
      "Id": "ParamAngleX",
      "Segments": [
        0,
        0,
        0,
        7,
        0
      ]
    },
    {
      "Target": "Parameter",
      "Id": "zuocefatuceng",
      "Segments": [
        0,
        0,
        0,
        7,
        0
      ]
    },
    {
      "Target": "Parameter",
      "Id": "jblsbx",
      "Segments": [
        0,
        0.5,
        0,
        7,
        0.5
      ]
    },
    {
      "Target": "Parameter",
      "Id": "slszy",
      "Segments": [
        0,
        -1.24,
        0,
        7,
        -1.24
      ]
    },
    {
      "Target": "Parameter",
      "Id": "szlssx",
      "Segments": [
        0,
        0,
        0,
        7,
        0
      ]
    },
    {
      "Target": "Parameter",
      "Id": "slsjd",
      "Segments": [
        0,
        0,
        0,
        7,
        0
      ]
    },
    {
      "Target": "Parameter",
      "Id": "szlsbx",
      "Segments": [
        0,
        0,
        0,
        7,
        0
      ]
    },
    {
      "Target": "Parameter",
      "Id": "szlstc",
      "Segments": [
        0,
        0,
        0,
        7,
        0
      ]
    },
    {
      "Target": "Parameter",
      "Id": "shangshenjiaodu",
      "Segments": [
        0,
        0,
        0,
        7,
        0
      ]
    }
  ],
  "UserData": [
    {
      "Time": 6.5,
      "Value": ""
    }
  ]
}