{
  "Version": 3,
  "Meta": {
    "Duration": 6.0,
    "Fps": 30.0,
    "Loop": true,
    "CurveCount": 172,
    "TotalSegmentCount": 607,
    "TotalPointCount": 717,
    "UserDataCount": 1,
    "TotalUserDataSize": 0
  },
  "Curves": [
    {
      "Target": "Parameter",
      "Id": "zhuweibabianxing",
      "Segments": [
        0,
        0,
        0,
        1.567,
        -1,
        0,
        3.633,
        0.629,
        0,
        5.067,
        -1,
        0,
        6,
        0
      ]
    },
    {
      "Target": "Parameter",
      "Id": "zhupigushangxia",
      "Segments": [
        0,
        0,
        0,
        0.733,
        1,
        1,
        0.989,
        1,
        1.244,
        0.681,
        1.5,
        0,
        1,
        1.744,
        -0.652,
        1.989,
        -1,
        2.233,
        -1,
        1,
        2.489,
        -1,
        2.744,
        -0.681,
        3,
        0,
        1,
        3.244,
        0.652,
        3.489,
        1,
        3.733,
        1,
        1,
        3.989,
        1,
        4.244,
        0.681,
        4.5,
        0,
        1,
        4.744,
        -0.652,
        4.989,
        -1,
        5.233,
        -1,
        0,
        6,
        0
      ]
    },
    {
      "Target": "Parameter",
      "Id": "zhupiguzuoyou",
      "Segments": [
        0,
        -1,
        1,
        0.244,
        -1,
        0.489,
        -0.652,
        0.733,
        0,
        1,
        0.989,
        0.681,
        1.244,
        1,
        1.5,
        1,
        1,
        1.744,
        1,
        1.989,
        0.652,
        2.233,
        0,
        1,
        2.489,
        -0.681,
        2.744,
        -1,
        3,
        -1,
        1,
        3.244,
        -1,
        3.489,
        -0.652,
        3.733,
        0,
        1,
        3.989,
        0.681,
        4.244,
        1,
        4.5,
        1,
        1,
        4.744,
        1,
        4.989,
        0.652,
        5.233,
        0,
        1,
        5.489,
        -0.681,
        5.744,
        -1,
        6,
        -1
      ]
    },
    {
      "Target": "Parameter",
      "Id": "shubianhua",
      "Segments": [
        0,
        0,
        0,
        1,
        5,
        0,
        2,
        0,
        0,
        3,
        5,
        0,
        4,
        0,
        0,
        5,
        5,
        0,
        6,
        0
      ]
    },
    {
      "Target": "Parameter",
      "Id": "shumujiaodu",
      "Segments": [
        0,
        0,
        0,
        1,
        -0.2,
        0,
        4.5,
        0.176,
        0,
        6,
        0
      ]
    },
    {
      "Target": "Parameter",
      "Id": "sz1dyb",
      "Segments": [
        0,
        0,
        0,
        2.5,
        0.707,
        0,
        6,
        0
      ]
    },
    {
      "Target": "Parameter",
      "Id": "sz2dyb",
      "Segments": [
        0,
        0,
        0,
        2.067,
        -0.6,
        0,
        6,
        0
      ]
    },
    {
      "Target": "Parameter",
      "Id": "sz3dyb",
      "Segments": [
        0,
        0,
        0,
        2.8,
        -0.5,
        0,
        6,
        0
      ]
    },
    {
      "Target": "Parameter",
      "Id": "ParamEyeLOpen",
      "Segments": [
        0,
        1,
        0,
        0.6,
        0,
        2,
        4.733,
        0,
        0,
        6,
        1
      ]
    },
    {
      "Target": "Parameter",
      "Id": "ParamEyeROpen",
      "Segments": [
        0,
        1,
        0,
        0.6,
        0,
        2,
        4.733,
        0,
        0,
        6,
        1
      ]
    },
    {
      "Target": "Parameter",
      "Id": "ParamBrowLY",
      "Segments": [
        0,
        0,
        0,
        0.6,
        -1,
        0,
        6,
        0
      ]
    },
    {
      "Target": "Parameter",
      "Id": "ParamBrowRY",
      "Segments": [
        0,
        0,
        0,
        0.6,
        -1,
        0,
        6,
        0
      ]
    },
    {
      "Target": "Parameter",
      "Id": "ParamBrowLForm",
      "Segments": [
        0,
        0,
        0,
        0.6,
        -0.9,
        1,
        1.978,
        -0.9,
        3.355,
        -0.79,
        4.733,
        -0.4,
        1,
        5.155,
        -0.281,
        5.578,
        0,
        6,
        0
      ]
    },
    {
      "Target": "Parameter",
      "Id": "ParamBrowRForm",
      "Segments": [
        0,
        0,
        0,
        0.6,
        -0.6,
        1,
        1.978,
        -0.6,
        3.355,
        -0.566,
        4.733,
        -0.4,
        1,
        5.155,
        -0.349,
        5.578,
        0,
        6,
        0
      ]
    },
    {
      "Target": "Parameter",
      "Id": "liuhaigaoguang",
      "Segments": [
        0,
        0,
        0,
        1.9,
        -1,
        0,
        4.4,
        0.217,
        0,
        6,
        0
      ]
    },
    {
      "Target": "Parameter",
      "Id": "ParamMouthForm",
      "Segments": [
        0,
        0,
        0,
        1.2,
        -0.4,
        0,
        2.133,
        0,
        0,
        4.667,
        -0.3,
        0,
        6,
        0
      ]
    },
    {
      "Target": "Parameter",
      "Id": "yunbianxing",
      "Segments": [
        0,
        -1,
        2,
        1,
        -1,
        1,
        1.333,
        -1,
        1.667,
        -0.267,
        2,
        0,
        1,
        3,
        0.8,
        4,
        1,
        5,
        1,
        0,
        6,
        -1
      ]
    },
    {
      "Target": "Parameter",
      "Id": "expyun1",
      "Segments": [
        0,
        0,
        2,
        0.5,
        0,
        1,
        0.833,
        1,
        1.167,
        2,
        1.5,
        3,
        3,
        1.533,
        0,
        1,
        1.855,
        1,
        2.178,
        2,
        2.5,
        3,
        3,
        2.533,
        0,
        1,
        2.855,
        1,
        3.178,
        2,
        3.5,
        3,
        3,
        3.533,
        0,
        1,
        3.855,
        1,
        4.178,
        2,
        4.5,
        3,
        3,
        4.533,
        0,
        1,
        4.855,
        1,
        5.178,
        2,
        5.5,
        3,
        3,
        5.533,
        0,
        1,
        5.689,
        0.333,
        5.844,
        0.667,
        6,
        1
      ]
    },
    {
      "Target": "Parameter",
      "Id": "expyun2",
      "Segments": [
        0,
        0,
        1,
        0.389,
        1,
        0.778,
        2,
        1.167,
        3,
        3,
        1.2,
        0,
        1,
        1.522,
        1,
        1.845,
        2,
        2.167,
        3,
        3,
        2.2,
        0,
        1,
        2.522,
        1,
        2.845,
        2,
        3.167,
        3,
        3,
        3.2,
        0,
        1,
        3.522,
        1,
        3.845,
        2,
        4.167,
        3,
        3,
        4.2,
        0,
        1,
        4.522,
        1,
        4.845,
        2,
        5.167,
        3,
        3,
        5.2,
        0,
        1,
        5.467,
        0.833,
        5.733,
        1.667,
        6,
        2.5
      ]
    },
    {
      "Target": "Parameter",
      "Id": "expyun3",
      "Segments": [
        0,
        0,
        1,
        0.278,
        1,
        0.555,
        2,
        0.833,
        3,
        3,
        0.867,
        0,
        1,
        1.189,
        1,
        1.511,
        2,
        1.833,
        3,
        3,
        1.867,
        0,
        1,
        2.189,
        1,
        2.511,
        2,
        2.833,
        3,
        3,
        2.867,
        0,
        1,
        3.189,
        1,
        3.511,
        2,
        3.833,
        3,
        3,
        3.867,
        0,
        1,
        4.189,
        1,
        4.511,
        2,
        4.833,
        3,
        3,
        4.867,
        0,
        1,
        5.189,
        1,
        5.511,
        2,
        5.833,
        3,
        3,
        5.867,
        0,
        1,
        5.911,
        0.167,
        5.956,
        0.333,
        6,
        0.5
      ]
    },
    {
      "Target": "Parameter",
      "Id": "yunjiaodu",
      "Segments": [
        0,
        0,
        0,
        0.6,
        -1,
        0,
        1.333,
        1,
        0,
        2.1,
        -1,
        0,
        2.9,
        1,
        0,
        3.533,
        -1,
        0,
        4.233,
        1,
        0,
        5.067,
        -1,
        0,
        6,
        0
      ]
    },
    {
      "Target": "Parameter",
      "Id": "zuoxiaotuixuanzhuan",
      "Segments": [
        0,
        0,
        0,
        3,
        -0.028,
        0,
        6,
        0
      ]
    },
    {
      "Target": "Parameter",
      "Id": "zuobaijiao",
      "Segments": [
        0,
        -0.7,
        0,
        4.067,
        -0.518,
        0,
        6,
        -0.7
      ]
    },
    {
      "Target": "Parameter",
      "Id": "youxiaotuixuanzhuan",
      "Segments": [
        0,
        0,
        0,
        2.967,
        0.038,
        0,
        6,
        0
      ]
    },
    {
      "Target": "Parameter",
      "Id": "youbaijiao",
      "Segments": [
        0,
        -0.7,
        0,
        4.067,
        -0.8,
        0,
        6,
        -0.7
      ]
    },
    {
      "Target": "Parameter",
      "Id": "shangzimianx",
      "Segments": [
        0,
        0,
        0,
        3.1,
        -0.472,
        0,
        6,
        0
      ]
    },
    {
      "Target": "Parameter",
      "Id": "paotaijiaodu",
      "Segments": [
        0,
        0,
        0,
        0.833,
        0.612,
        0,
        1.933,
        -0.305,
        0,
        3.5,
        0.358,
        0,
        5.2,
        -0.151,
        0,
        6,
        0
      ]
    },
    {
      "Target": "Parameter",
      "Id": "paoguangxuanzhuang",
      "Segments": [
        0,
        0,
        0,
        0.5,
        -0.255,
        0,
        1.367,
        0.336,
        2,
        2.267,
        0.336,
        0,
        3.8,
        -0.451,
        0,
        5.6,
        0.092,
        0,
        6,
        0
      ]
    },
    {
      "Target": "Parameter",
      "Id": "paotaixuanzhuang",
      "Segments": [
        0,
        0,
        0,
        1.133,
        0.565,
        0,
        3.133,
        -1,
        0,
        4.733,
        0.2,
        0,
        6,
        0
      ]
    },
    {
      "Target": "Parameter",
      "Id": "yuleijiaodu1",
      "Segments": [
        0,
        0,
        0,
        0.767,
        0.873,
        0,
        2.133,
        -0.3,
        0,
        3.5,
        0.873,
        0,
        4.833,
        -0.3,
        0,
        6,
        0
      ]
    },
    {
      "Target": "Parameter",
      "Id": "yuleijiaodu2",
      "Segments": [
        0,
        0,
        0,
        0.9,
        0.873,
        0,
        2.267,
        -0.3,
        0,
        3.633,
        0.873,
        0,
        4.967,
        -0.3,
        0,
        6,
        0
      ]
    },
    {
      "Target": "Parameter",
      "Id": "yuleijiaodu3",
      "Segments": [
        0,
        0,
        0,
        1.033,
        0.873,
        0,
        2.4,
        -0.3,
        0,
        3.767,
        0.873,
        0,
        5.1,
        -0.3,
        0,
        6,
        0
      ]
    },
    {
      "Target": "Parameter",
      "Id": "yuleijiaodu4",
      "Segments": [
        0,
        0,
        0,
        1.167,
        0.873,
        0,
        2.533,
        -0.3,
        0,
        3.9,
        0.873,
        0,
        5.233,
        -0.3,
        0,
        6,
        0
      ]
    },
    {
      "Target": "Parameter",
      "Id": "yuleijiaodu5",
      "Segments": [
        0,
        0,
        0,
        1.3,
        0.873,
        0,
        2.667,
        -0.3,
        0,
        4.033,
        0.873,
        0,
        5.367,
        -0.3,
        0,
        6,
        0
      ]
    },
    {
      "Target": "Parameter",
      "Id": "jianzhuanjiaodu",
      "Segments": [
        0,
        0,
        2,
        0.033,
        0,
        2,
        0.167,
        0,
        0,
        0.833,
        -0.07,
        0,
        1.833,
        0.127,
        0,
        2.433,
        0.088,
        0,
        2.9,
        0.297,
        0,
        3.567,
        -0.331,
        0,
        4,
        0.456,
        0,
        4.433,
        -0.321,
        0,
        4.867,
        0.269,
        0,
        5.333,
        -0.177,
        0,
        6,
        0.047
      ]
    },
    {
      "Target": "Parameter",
      "Id": "shoudongwuli",
      "Segments": [
        0,
        0,
        0,
        0.5,
        1,
        2,
        5.333,
        1,
        0,
        6,
        0
      ]
    },
    {
      "Target": "Parameter",
      "Id": "mwzy",
      "Segments": [
        0,
        0,
        2,
        0.467,
        0,
        0,
        1.533,
        1,
        0,
        2.7,
        0,
        0,
        3.767,
        1,
        0,
        5.067,
        0,
        2,
        6,
        0
      ]
    },
    {
      "Target": "Parameter",
      "Id": "mwbx",
      "Segments": [
        0,
        0,
        0,
        0.933,
        -1,
        0,
        2,
        1,
        0,
        3.3,
        -1,
        0,
        4.233,
        1,
        0,
        5.3,
        -1,
        0,
        6,
        0
      ]
    },
    {
      "Target": "Parameter",
      "Id": "youtuoxietuer",
      "Segments": [
        0,
        0,
        0,
        0.567,
        -0.628,
        0,
        1.4,
        0.472,
        0,
        1.967,
        -0.528,
        0,
        2.567,
        0.472,
        0,
        3.267,
        -0.628,
        0,
        3.867,
        0.472,
        0,
        4.633,
        -0.528,
        0,
        5.467,
        0.472,
        0,
        6,
        0
      ]
    },
    {
      "Target": "Parameter",
      "Id": "zuotuoxietuer",
      "Segments": [
        0,
        0,
        0,
        0.567,
        -0.528,
        0,
        1.4,
        0.372,
        0,
        1.967,
        -0.428,
        0,
        2.567,
        0.472,
        0,
        3.267,
        -0.528,
        0,
        3.867,
        0.472,
        0,
        4.633,
        -0.728,
        0,
        5.467,
        0.572,
        0,
        6,
        0
      ]
    },
    {
      "Target": "Parameter",
      "Id": "sdztryb",
      "Segments": [
        0,
        0,
        0,
        0.267,
        -1,
        0,
        1.167,
        0.4,
        0,
        2.3,
        -1,
        0,
        2.967,
        0.5,
        0,
        3.867,
        -0.571,
        0,
        4.633,
        0.8,
        0,
        5.2,
        -0.5,
        0,
        6,
        0
      ]
    },
    {
      "Target": "Parameter",
      "Id": "sdzebx",
      "Segments": [
        0,
        0,
        0,
        0.567,
        -0.787,
        0,
        1.433,
        0.6,
        1,
        1.622,
        0.6,
        1.811,
        0.633,
        2,
        0.4,
        1,
        2.189,
        0.167,
        2.378,
        -1,
        2.567,
        -1,
        0,
        3.467,
        1,
        0,
        3.9,
        -1,
        0,
        4.2,
        1,
        0,
        4.567,
        -1,
        0,
        4.967,
        0.586,
        0,
        5.367,
        -0.546,
        0,
        5.8,
        0.2,
        0,
        6,
        0
      ]
    },
    {
      "Target": "Parameter",
      "Id": "sdyeyb",
      "Segments": [
        0,
        0,
        0,
        0.267,
        -1,
        0,
        1.167,
        0.5,
        0,
        2.3,
        -1,
        0,
        2.9,
        0.6,
        0,
        4.033,
        -0.4,
        0,
        4.733,
        0.7,
        0,
        5.2,
        -0.5,
        0,
        6,
        0
      ]
    },
    {
      "Target": "Parameter",
      "Id": "sdyebx",
      "Segments": [
        0,
        0,
        0,
        0.567,
        -0.65,
        0,
        1.433,
        0.5,
        1,
        1.622,
        0.5,
        1.811,
        0.527,
        2,
        0.4,
        1,
        2.2,
        0.266,
        2.4,
        -1,
        2.6,
        -1,
        0,
        3.5,
        1,
        0,
        3.9,
        -1,
        0,
        4.2,
        1,
        0,
        4.567,
        -1,
        0,
        4.967,
        0.586,
        0,
        5.367,
        -0.546,
        0,
        5.8,
        0.2,
        0,
        6,
        0
      ]
    },
    {
      "Target": "Parameter",
      "Id": "sdjzjd",
      "Segments": [
        0,
        0,
        0,
        1,
        1,
        0,
        2.6,
        -0.659,
        0,
        4.2,
        0.376,
        0,
        5.533,
        -0.259,
        0,
        6,
        0
      ]
    },
    {
      "Target": "Parameter",
      "Id": "zuotueryaobai",
      "Segments": [
        0,
        0,
        2,
        0.033,
        0,
        0,
        0.133,
        -0.001,
        0,
        0.7,
        0.239,
        0,
        1.833,
        -0.458,
        0,
        2.433,
        -0.371,
        0,
        2.733,
        -0.639,
        0,
        3.333,
        0.352,
        0,
        3.867,
        -1,
        2,
        3.933,
        -1,
        0,
        4.167,
        1,
        2,
        4.333,
        1,
        0,
        4.567,
        -1,
        2,
        4.733,
        -1,
        0,
        5,
        1,
        2,
        5.133,
        1,
        0,
        5.467,
        -0.615,
        0,
        5.833,
        0.314,
        0,
        6,
        0.084
      ]
    },
    {
      "Target": "Parameter",
      "Id": "ztebx",
      "Segments": [
        0,
        0,
        2,
        0.033,
        0,
        0,
        0.133,
        -0.002,
        0,
        0.7,
        0.637,
        0,
        1.6,
        -1,
        2,
        2.267,
        -1,
        0,
        2.433,
        -0.989,
        0,
        2.467,
        -1,
        2,
        2.9,
        -1,
        0,
        3.333,
        0.939,
        0,
        3.733,
        -1,
        2,
        4.033,
        -1,
        0,
        4.1,
        1,
        2,
        4.4,
        1,
        0,
        4.5,
        -1,
        2,
        4.8,
        -1,
        0,
        4.933,
        1,
        2,
        5.233,
        1,
        0,
        5.367,
        -1,
        2,
        5.567,
        -1,
        0,
        5.833,
        0.838,
        0,
        6,
        0.224
      ]
    },
    {
      "Target": "Parameter",
      "Id": "youtueryaobai",
      "Segments": [
        0,
        0,
        2,
        0.033,
        0,
        0,
        0.133,
        -0.001,
        0,
        0.7,
        0.239,
        0,
        1.833,
        -0.458,
        0,
        2.433,
        -0.371,
        0,
        2.733,
        -0.639,
        0,
        3.333,
        0.352,
        0,
        3.867,
        -1,
        2,
        3.933,
        -1,
        0,
        4.167,
        1,
        2,
        4.333,
        1,
        0,
        4.567,
        -1,
        2,
        4.733,
        -1,
        0,
        5,
        1,
        2,
        5.133,
        1,
        0,
        5.467,
        -0.615,
        0,
        5.833,
        0.314,
        0,
        6,
        0.084
      ]
    },
    {
      "Target": "Parameter",
      "Id": "ytebx",
      "Segments": [
        0,
        0,
        2,
        0.033,
        0,
        0,
        0.133,
        -0.002,
        0,
        0.7,
        0.637,
        0,
        1.6,
        -1,
        2,
        2.267,
        -1,
        0,
        2.433,
        -0.989,
        0,
        2.467,
        -1,
        2,
        2.9,
        -1,
        0,
        3.333,
        0.939,
        0,
        3.733,
        -1,
        2,
        4.033,
        -1,
        0,
        4.1,
        1,
        2,
        4.4,
        1,
        0,
        4.5,
        -1,
        2,
        4.8,
        -1,
        0,
        4.933,
        1,
        2,
        5.233,
        1,
        0,
        5.367,
        -1,
        2,
        5.567,
        -1,
        0,
        5.833,
        0.838,
        0,
        6,
        0.224
      ]
    },
    {
      "Target": "Parameter",
      "Id": "ParamHairFront",
      "Segments": [
        0,
        0,
        2,
        0.033,
        0,
        0,
        0.133,
        -0.001,
        0,
        0.7,
        0.235,
        0,
        1.833,
        -0.458,
        0,
        2.433,
        -0.37,
        0,
        2.733,
        -0.605,
        0,
        3.333,
        0.303,
        0,
        3.9,
        -1,
        0,
        4.167,
        1,
        2,
        4.333,
        1,
        0,
        4.6,
        -1,
        2,
        4.7,
        -1,
        0,
        5.033,
        1,
        2,
        5.1,
        1,
        0,
        5.467,
        -0.556,
        0,
        5.833,
        0.287,
        0,
        6,
        0.074
      ]
    },
    {
      "Target": "Parameter",
      "Id": "qianfashensuo",
      "Segments": [
        0,
        0,
        2,
        0.033,
        0,
        0,
        0.133,
        -0.001,
        0,
        0.7,
        0.156,
        0,
        1.833,
        -0.305,
        0,
        2.433,
        -0.247,
        0,
        2.733,
        -0.403,
        0,
        3.333,
        0.202,
        0,
        3.9,
        -0.668,
        0,
        4.267,
        0.922,
        0,
        4.633,
        -0.796,
        0,
        5.067,
        0.721,
        0,
        5.467,
        -0.37,
        0,
        5.833,
        0.191,
        0,
        6,
        0.049
      ]
    },
    {
      "Target": "Parameter",
      "Id": "ParamHairSide",
      "Segments": [
        0,
        0,
        2,
        0.033,
        0,
        0,
        0.1,
        -0.002,
        0,
        0.7,
        0.593,
        0,
        1.5,
        -1,
        2,
        2.833,
        -1,
        0,
        3.3,
        0.105,
        0,
        3.8,
        -1,
        2,
        3.933,
        -1,
        0,
        4.033,
        1,
        2,
        4.233,
        1,
        0,
        4.467,
        -1,
        2,
        4.5,
        -1,
        0,
        4.967,
        1,
        2,
        5.033,
        1,
        0,
        5.367,
        -0.251,
        0,
        5.567,
        0.297,
        0,
        5.867,
        -0.052,
        0,
        6,
        0
      ]
    },
    {
      "Target": "Parameter",
      "Id": "ParamHairBack",
      "Segments": [
        0,
        0,
        2,
        0.033,
        0,
        0,
        0.1,
        -0.002,
        0,
        0.7,
        0.474,
        0,
        1.633,
        -1,
        2,
        2.367,
        -1,
        0,
        2.433,
        -0.981,
        0,
        2.5,
        -1,
        2,
        2.767,
        -1,
        0,
        3.3,
        0.084,
        0,
        3.8,
        -1,
        2,
        3.933,
        -1,
        0,
        4.067,
        1,
        2,
        4.233,
        1,
        0,
        4.467,
        -0.804,
        0,
        5,
        0.894,
        0,
        5.367,
        -0.201,
        0,
        5.567,
        0.238,
        0,
        5.867,
        -0.042,
        0,
        6,
        0
      ]
    },
    {
      "Target": "Parameter",
      "Id": "lingdangyaobai",
      "Segments": [
        0,
        0,
        2,
        0.033,
        0,
        0,
        0.133,
        -0.005,
        0,
        0.7,
        0.317,
        0,
        1.833,
        -0.688,
        0,
        2.433,
        -0.619,
        0,
        2.6,
        -0.986,
        0,
        3.267,
        0.221,
        0,
        3.8,
        -1,
        2,
        3.9,
        -1,
        0,
        4.033,
        1,
        2,
        4.167,
        1,
        0,
        4.533,
        -0.728,
        0,
        5,
        0.711,
        0,
        5.367,
        -0.156,
        0,
        5.533,
        0.146,
        0,
        5.733,
        0.009,
        0,
        5.833,
        0.014,
        0,
        5.933,
        0,
        2,
        6,
        0
      ]
    },
    {
      "Target": "Parameter",
      "Id": "zuoshuxiujiaodu",
      "Segments": [
        0,
        0,
        0,
        1.267,
        -0.589,
        0,
        2.6,
        0.564,
        0,
        3.9,
        -0.486,
        0,
        5.3,
        0.373,
        0,
        6,
        0
      ]
    },
    {
      "Target": "Parameter",
      "Id": "zuoshuxiuyaobai",
      "Segments": [
        0,
        0,
        0,
        0.7,
        0.484,
        0,
        2,
        -0.541,
        0,
        3.467,
        0.394,
        0,
        5.067,
        -0.427,
        0,
        6,
        0
      ]
    },
    {
      "Target": "Parameter",
      "Id": "youshuxiujiaodu",
      "Segments": [
        0,
        0,
        0,
        1.167,
        -0.622,
        0,
        2.5,
        0.671,
        0,
        3.8,
        -0.622,
        0,
        5.167,
        0.671,
        0,
        6,
        0
      ]
    },
    {
      "Target": "Parameter",
      "Id": "youshuxiudaiyaobai",
      "Segments": [
        0,
        0,
        0,
        0.6,
        0.698,
        0,
        1.8,
        -0.606,
        0,
        3.133,
        0.698,
        0,
        4.533,
        -0.606,
        0,
        6,
        0
      ]
    },
    {
      "Target": "Parameter",
      "Id": "zldbx",
      "Segments": [
        0,
        0,
        0,
        1,
        -0.5,
        0,
        2.967,
        0.5,
        0,
        4.8,
        -0.4,
        0,
        6,
        0
      ]
    },
    {
      "Target": "Parameter",
      "Id": "yldbx",
      "Segments": [
        0,
        0,
        0,
        0.5,
        -0.5,
        0,
        2.467,
        0.5,
        0,
        4.333,
        -0.5,
        0,
        6,
        0
      ]
    },
    {
      "Target": "Parameter",
      "Id": "youopdaibianxing",
      "Segments": [
        0,
        0,
        0,
        0.967,
        1,
        0,
        2.233,
        -1,
        0,
        4.2,
        0.772,
        0,
        5.6,
        -0.6,
        0,
        6,
        0
      ]
    },
    {
      "Target": "Parameter",
      "Id": "zxdyb",
      "Segments": [
        0,
        0,
        0,
        1.233,
        -1,
        0,
        2.9,
        1,
        0,
        4.7,
        -1,
        0,
        6,
        0
      ]
    },
    {
      "Target": "Parameter",
      "Id": "youxiongdaijiaodu",
      "Segments": [
        0,
        0,
        0,
        0.933,
        -1,
        0,
        2.033,
        1,
        0,
        3.1,
        -1,
        0,
        4.267,
        0.818,
        0,
        5.633,
        -0.728,
        0,
        6,
        0
      ]
    },
    {
      "Target": "Parameter",
      "Id": "yxdyb",
      "Segments": [
        0,
        0,
        0,
        0.467,
        0.7,
        0,
        1.467,
        -0.6,
        0,
        2.567,
        0.5,
        0,
        3.733,
        -0.5,
        0,
        4.967,
        0.404,
        0,
        6,
        0
      ]
    },
    {
      "Target": "Parameter",
      "Id": "ParamAngleX",
      "Segments": [
        0,
        0,
        1,
        0.222,
        0,
        0.445,
        0.338,
        0.667,
        -2,
        1,
        1.245,
        -8.078,
        1.822,
        -15,
        2.4,
        -15,
        0,
        3.1,
        14.876,
        0,
        3.7,
        -15,
        0,
        4,
        14.876,
        0,
        4.433,
        -15,
        0,
        4.9,
        11.406,
        1,
        5.033,
        11.406,
        5.167,
        0.409,
        5.3,
        0.257,
        1,
        5.533,
        -0.009,
        5.767,
        0,
        6,
        0
      ]
    },
    {
      "Target": "Parameter",
      "Id": "ParamAngleY",
      "Segments": [
        0,
        0,
        0,
        0.667,
        30,
        1,
        1.245,
        30,
        1.822,
        -7.634,
        2.4,
        -22,
        1,
        2.778,
        -31.393,
        3.155,
        -30,
        3.533,
        -30,
        2,
        4.8,
        -30,
        0,
        5.3,
        18,
        0,
        6,
        0
      ]
    },
    {
      "Target": "Parameter",
      "Id": "shouZ",
      "Segments": [
        0,
        0,
        0,
        0.7,
        20,
        0,
        1.8,
        -30,
        1,
        2.289,
        -30,
        2.778,
        -18.317,
        3.267,
        -6.415,
        1,
        3.811,
        6.839,
        4.356,
        10.059,
        4.9,
        10.059,
        0,
        6,
        0
      ]
    },
    {
      "Target": "Parameter",
      "Id": "zuocefatuceng",
      "Segments": [
        0,
        0,
        0,
        0.667,
        1,
        2,
        4.567,
        1,
        0,
        4.667,
        0,
        2,
        6,
        0
      ]
    },
    {
      "Target": "Parameter",
      "Id": "ParamBodyAngleXX",
      "Segments": [
        0,
        0,
        0,
        0.533,
        1,
        0,
        2.167,
        -1,
        0,
        3.4,
        0.291,
        0,
        4.567,
        -0.103,
        0,
        6,
        0
      ]
    },
    {
      "Target": "Parameter",
      "Id": "ParamBodyAngleZ",
      "Segments": [
        0,
        0,
        1,
        0.333,
        0,
        0.667,
        -3.478,
        1,
        -4,
        1,
        1.611,
        -4.958,
        2.222,
        -5,
        2.833,
        -5,
        1,
        3.533,
        -5,
        4.233,
        -2.73,
        4.933,
        -0.868,
        1,
        5.289,
        0.079,
        5.644,
        0,
        6,
        0
      ]
    },
    {
      "Target": "Parameter",
      "Id": "ParamBreath",
      "Segments": [
        0,
        0,
        0,
        1,
        1,
        0,
        3,
        0,
        0,
        4,
        1,
        0,
        6,
        0
      ]
    },
    {
      "Target": "Parameter",
      "Id": "yifuzuoyou",
      "Segments": [
        0,
        0,
        0,
        1.167,
        1,
        0,
        2.7,
        -1,
        0,
        4.3,
        1,
        0,
        5.533,
        -1,
        0,
        6,
        0
      ]
    },
    {
      "Target": "Parameter",
      "Id": "yifubianxing",
      "Segments": [
        0,
        0,
        0,
        0.6,
        -30,
        0,
        1.833,
        30,
        0,
        3.367,
        -30,
        0,
        5.033,
        27.761,
        0,
        6,
        0
      ]
    },
    {
      "Target": "Parameter",
      "Id": "baozhaguodu",
      "Segments": [
        0,
        0,
        0,
        6,
        0
      ]
    },
    {
      "Target": "Parameter",
      "Id": "baimaotmd",
      "Segments": [
        0,
        0,
        0,
        6,
        0
      ]
    },
    {
      "Target": "Parameter",
      "Id": "baimaoshensuo",
      "Segments": [
        0,
        0,
        0,
        6,
        0
      ]
    },
    {
      "Target": "Parameter",
      "Id": "baimaojiya",
      "Segments": [
        0,
        0,
        0,
        6,
        0
      ]
    },
    {
      "Target": "Parameter",
      "Id": "maozuoyou",
      "Segments": [
        0,
        0,
        0,
        6,
        0
      ]
    },
    {
      "Target": "Parameter",
      "Id": "maoshangxia",
      "Segments": [
        0,
        0,
        0,
        6,
        0
      ]
    },
    {
      "Target": "Parameter",
      "Id": "maojiaodu",
      "Segments": [
        0,
        0,
        0,
        6,
        0
      ]
    },
    {
      "Target": "Parameter",
      "Id": "maoliandai",
      "Segments": [
        0,
        0,
        0,
        6,
        0
      ]
    },
    {
      "Target": "Parameter",
      "Id": "maoerduo",
      "Segments": [
        0,
        0,
        0,
        6,
        0
      ]
    },
    {
      "Target": "Parameter",
      "Id": "maozhayan",
      "Segments": [
        0,
        0,
        0,
        6,
        0
      ]
    },
    {
      "Target": "Parameter",
      "Id": "maogaoguang",
      "Segments": [
        0,
        0,
        0,
        6,
        0
      ]
    },
    {
      "Target": "Parameter",
      "Id": "maozui",
      "Segments": [
        0,
        0,
        0,
        6,
        0
      ]
    },
    {
      "Target": "Parameter",
      "Id": "maozuishetou",
      "Segments": [
        0,
        0,
        0,
        6,
        0
      ]
    },
    {
      "Target": "Parameter",
      "Id": "maohongyun",
      "Segments": [
        0,
        0,
        0,
        6,
        0
      ]
    },
    {
      "Target": "Parameter",
      "Id": "maozishensuo",
      "Segments": [
        0,
        0,
        0,
        6,
        0
      ]
    },
    {
      "Target": "Parameter",
      "Id": "maoshou",
      "Segments": [
        0,
        -1,
        0,
        6,
        -1
      ]
    },
    {
      "Target": "Parameter",
      "Id": "maoweibajiaodu",
      "Segments": [
        0,
        0,
        0,
        6,
        0
      ]
    },
    {
      "Target": "Parameter",
      "Id": "maoweibabianxing",
      "Segments": [
        0,
        0,
        0,
        6,
        0
      ]
    },
    {
      "Target": "Parameter",
      "Id": "maozuojiao",
      "Segments": [
        0,
        0,
        0,
        6,
        0
      ]
    },
    {
      "Target": "Parameter",
      "Id": "maoyoujiao",
      "Segments": [
        0,
        0,
        0,
        6,
        0
      ]
    },
    {
      "Target": "Parameter",
      "Id": "ParamEyeLSmile",
      "Segments": [
        0,
        0,
        0,
        6,
        0
      ]
    },
    {
      "Target": "Parameter",
      "Id": "ParamEyeRSmile",
      "Segments": [
        0,
        0,
        0,
        6,
        0
      ]
    },
    {
      "Target": "Parameter",
      "Id": "gaoguangdonghua",
      "Segments": [
        0,
        0,
        0,
        6,
        0
      ]
    },
    {
      "Target": "Parameter",
      "Id": "tongkongdaxiao",
      "Segments": [
        0,
        0,
        0,
        6,
        0
      ]
    },
    {
      "Target": "Parameter",
      "Id": "ParamBrowLX",
      "Segments": [
        0,
        0,
        0,
        6,
        0
      ]
    },
    {
      "Target": "Parameter",
      "Id": "ParamBrowRX",
      "Segments": [
        0,
        0,
        0,
        6,
        0
      ]
    },
    {
      "Target": "Parameter",
      "Id": "ParamBrowLAngle",
      "Segments": [
        0,
        0,
        0,
        6,
        0
      ]
    },
    {
      "Target": "Parameter",
      "Id": "ParamBrowRAngle",
      "Segments": [
        0,
        0,
        0,
        6,
        0
      ]
    },
    {
      "Target": "Parameter",
      "Id": "ParamEyeBallX",
      "Segments": [
        0,
        0,
        0,
        6,
        0
      ]
    },
    {
      "Target": "Parameter",
      "Id": "ParamEyeBallY",
      "Segments": [
        0,
        0,
        0,
        6,
        0
      ]
    },
    {
      "Target": "Parameter",
      "Id": "muyudaxiao",
      "Segments": [
        0,
        0,
        0,
        6,
        0
      ]
    },
    {
      "Target": "Parameter",
      "Id": "muyuqiehuan",
      "Segments": [
        0,
        0,
        0,
        6,
        0
      ]
    },
    {
      "Target": "Parameter",
      "Id": "gaoguangtoumingdu",
      "Segments": [
        0,
        0,
        0,
        6,
        0
      ]
    },
    {
      "Target": "Parameter",
      "Id": "ParamMouthOpenY",
      "Segments": [
        0,
        0,
        0,
        6,
        0
      ]
    },
    {
      "Target": "Parameter",
      "Id": "ParamCheek",
      "Segments": [
        0,
        0,
        0,
        6,
        0
      ]
    },
    {
      "Target": "Parameter",
      "Id": "shuijiaozzz",
      "Segments": [
        0,
        0,
        0,
        6,
        0
      ]
    },
    {
      "Target": "Parameter",
      "Id": "shuijiaozzztmd",
      "Segments": [
        0,
        0,
        0,
        6,
        0
      ]
    },
    {
      "Target": "Parameter",
      "Id": "shuijiaoyidong",
      "Segments": [
        0,
        0,
        0,
        6,
        0
      ]
    },
    {
      "Target": "Parameter",
      "Id": "dingjjj",
      "Segments": [
        0,
        0,
        0,
        6,
        0
      ]
    },
    {
      "Target": "Parameter",
      "Id": "youshoutui",
      "Segments": [
        0,
        0,
        0,
        6,
        0
      ]
    },
    {
      "Target": "Parameter",
      "Id": "youtuiqiehuan",
      "Segments": [
        0,
        1,
        0,
        6,
        1
      ]
    },
    {
      "Target": "Parameter",
      "Id": "zuoshoutui",
      "Segments": [
        0,
        0,
        0,
        6,
        0
      ]
    },
    {
      "Target": "Parameter",
      "Id": "zuotuiqiehuan",
      "Segments": [
        0,
        1,
        0,
        6,
        1
      ]
    },
    {
      "Target": "Parameter",
      "Id": "zuotuixuanzhuan",
      "Segments": [
        0,
        0,
        0,
        6,
        0
      ]
    },
    {
      "Target": "Parameter",
      "Id": "zuotuizuoyou",
      "Segments": [
        0,
        0,
        0,
        6,
        0
      ]
    },
    {
      "Target": "Parameter",
      "Id": "zuotuishangxia",
      "Segments": [
        0,
        0,
        0,
        6,
        0
      ]
    },
    {
      "Target": "Parameter",
      "Id": "zuotuidaxiao",
      "Segments": [
        0,
        0,
        0,
        6,
        0
      ]
    },
    {
      "Target": "Parameter",
      "Id": "youtuixuanzhuan",
      "Segments": [
        0,
        0,
        0,
        6,
        0
      ]
    },
    {
      "Target": "Parameter",
      "Id": "youtuizuoyou",
      "Segments": [
        0,
        0,
        0,
        6,
        0
      ]
    },
    {
      "Target": "Parameter",
      "Id": "youtuishangxia",
      "Segments": [
        0,
        0,
        0,
        6,
        0
      ]
    },
    {
      "Target": "Parameter",
      "Id": "youtuidaxiao",
      "Segments": [
        0,
        0,
        0,
        6,
        0
      ]
    },
    {
      "Target": "Parameter",
      "Id": "zuoxiaotuishensuo",
      "Segments": [
        0,
        0,
        0,
        6,
        0
      ]
    },
    {
      "Target": "Parameter",
      "Id": "zuojiaoxuanzhuan",
      "Segments": [
        0,
        0,
        0,
        6,
        0
      ]
    },
    {
      "Target": "Parameter",
      "Id": "youxiaotuishensuo",
      "Segments": [
        0,
        0,
        0,
        6,
        0
      ]
    },
    {
      "Target": "Parameter",
      "Id": "youjiaoxuanzhuan",
      "Segments": [
        0,
        0,
        0,
        6,
        0
      ]
    },
    {
      "Target": "Parameter",
      "Id": "zuobixuanzhuan",
      "Segments": [
        0,
        0,
        0,
        6,
        0
      ]
    },
    {
      "Target": "Parameter",
      "Id": "zuobishensuo",
      "Segments": [
        0,
        0,
        0,
        6,
        0
      ]
    },
    {
      "Target": "Parameter",
      "Id": "zuoxiabixuanzhuan",
      "Segments": [
        0,
        0,
        0,
        6,
        0
      ]
    },
    {
      "Target": "Parameter",
      "Id": "zuoxiabishensuo",
      "Segments": [
        0,
        0,
        0,
        6,
        0
      ]
    },
    {
      "Target": "Parameter",
      "Id": "zuoshouxuanzhuan",
      "Segments": [
        0,
        0,
        0,
        6,
        0
      ]
    },
    {
      "Target": "Parameter",
      "Id": "zuozishousuo",
      "Segments": [
        0,
        0,
        0,
        6,
        0
      ]
    },
    {
      "Target": "Parameter",
      "Id": "zuoshoufanzhuan",
      "Segments": [
        0,
        0,
        0,
        6,
        0
      ]
    },
    {
      "Target": "Parameter",
      "Id": "xingfengtmd",
      "Segments": [
        0,
        0,
        0,
        6,
        0
      ]
    },
    {
      "Target": "Parameter",
      "Id": "xingfengjiaodu",
      "Segments": [
        0,
        0,
        0,
        6,
        0
      ]
    },
    {
      "Target": "Parameter",
      "Id": "youbixuanzhuan",
      "Segments": [
        0,
        0,
        0,
        6,
        0
      ]
    },
    {
      "Target": "Parameter",
      "Id": "youbishensuo",
      "Segments": [
        0,
        0,
        0,
        6,
        0
      ]
    },
    {
      "Target": "Parameter",
      "Id": "youbijiya",
      "Segments": [
        0,
        0,
        0,
        6,
        0
      ]
    },
    {
      "Target": "Parameter",
      "Id": "youxiabixuanzhuan",
      "Segments": [
        0,
        0,
        0,
        6,
        0
      ]
    },
    {
      "Target": "Parameter",
      "Id": "youxiabishensuo",
      "Segments": [
        0,
        0,
        0,
        6,
        0
      ]
    },
    {
      "Target": "Parameter",
      "Id": "youshouxuanzhuan",
      "Segments": [
        0,
        0,
        0,
        6,
        0
      ]
    },
    {
      "Target": "Parameter",
      "Id": "yssztmd",
      "Segments": [
        0,
        0,
        0,
        6,
        0
      ]
    },
    {
      "Target": "Parameter",
      "Id": "youshoufanzhuan",
      "Segments": [
        0,
        0,
        0,
        6,
        0
      ]
    },
    {
      "Target": "Parameter",
      "Id": "yousizi",
      "Segments": [
        0,
        -1,
        0,
        6,
        -1
      ]
    },
    {
      "Target": "Parameter",
      "Id": "paotaichanrao",
      "Segments": [
        0,
        4,
        0,
        6,
        4
      ]
    },
    {
      "Target": "Parameter",
      "Id": "paodishenchu",
      "Segments": [
        0,
        1,
        0,
        6,
        1
      ]
    },
    {
      "Target": "Parameter",
      "Id": "yuleichangrao",
      "Segments": [
        0,
        6,
        0,
        6,
        6
      ]
    },
    {
      "Target": "Parameter",
      "Id": "paotaishensuo",
      "Segments": [
        0,
        0,
        0,
        6,
        0
      ]
    },
    {
      "Target": "Parameter",
      "Id": "yuleiweiyi1",
      "Segments": [
        0,
        0,
        0,
        6,
        0
      ]
    },
    {
      "Target": "Parameter",
      "Id": "yuleiweiyi2",
      "Segments": [
        0,
        0,
        0,
        6,
        0
      ]
    },
    {
      "Target": "Parameter",
      "Id": "yuleiweiyi3",
      "Segments": [
        0,
        0,
        0,
        6,
        0
      ]
    },
    {
      "Target": "Parameter",
      "Id": "yuleiweiyi5",
      "Segments": [
        0,
        0,
        0,
        6,
        0
      ]
    },
    {
      "Target": "Parameter",
      "Id": "yuleiweiyi4",
      "Segments": [
        0,
        0,
        0,
        6,
        0
      ]
    },
    {
      "Target": "Parameter",
      "Id": "jianzhuanshangxia",
      "Segments": [
        0,
        0,
        0,
        6,
        0
      ]
    },
    {
      "Target": "Parameter",
      "Id": "jianzhuangqumian",
      "Segments": [
        0,
        0,
        0,
        6,
        0
      ]
    },
    {
      "Target": "Parameter",
      "Id": "liuhaiyaobai",
      "Segments": [
        0,
        0,
        0,
        6,
        0
      ]
    },
    {
      "Target": "Parameter",
      "Id": "ParamBodyAngleY",
      "Segments": [
        0,
        0,
        0,
        6,
        0
      ]
    },
    {
      "Target": "Parameter",
      "Id": "jblsbx",
      "Segments": [
        0,
        0.5,
        0,
        6,
        0.5
      ]
    },
    {
      "Target": "Parameter",
      "Id": "slszy",
      "Segments": [
        0,
        -1.24,
        0,
        6,
        -1.24
      ]
    },
    {
      "Target": "Parameter",
      "Id": "szlssx",
      "Segments": [
        0,
        0,
        0,
        6,
        0
      ]
    },
    {
      "Target": "Parameter",
      "Id": "slsjd",
      "Segments": [
        0,
        0,
        0,
        6,
        0
      ]
    },
    {
      "Target": "Parameter",
      "Id": "szlsbx",
      "Segments": [
        0,
        0,
        0,
        6,
        0
      ]
    },
    {
      "Target": "Parameter",
      "Id": "szlstc",
      "Segments": [
        0,
        0,
        0,
        6,
        0
      ]
    },
    {
      "Target": "Parameter",
      "Id": "yifuxingtai",
      "Segments": [
        0,
        0,
        0,
        6,
        0
      ]
    },
    {
      "Target": "Parameter",
      "Id": "yifuyaobai",
      "Segments": [
        0,
        0,
        0,
        6,
        0
      ]
    },
    {
      "Target": "Parameter",
      "Id": "xiashujiaodu",
      "Segments": [
        0,
        0,
        0,
        6,
        0
      ]
    },
    {
      "Target": "Parameter",
      "Id": "shentishangxia",
      "Segments": [
        0,
        0,
        0,
        6,
        0
      ]
    },
    {
      "Target": "Parameter",
      "Id": "shentidaxiao",
      "Segments": [
        0,
        0,
        0,
        6,
        0
      ]
    },
    {
      "Target": "Parameter",
      "Id": "shangshenshangxia",
      "Segments": [
        0,
        0,
        0,
        6,
        0
      ]
    },
    {
      "Target": "Parameter",
      "Id": "shangshenjiaodu",
      "Segments": [
        0,
        0,
        0,
        6,
        0
      ]
    }
  ],
  "UserData": [
    {
      "Time": 5.5,
      "Value": ""
    }
  ]
}