{
  "Version": 3,
  "Meta": {
    "Duration": 16.5,
    "Fps": 30.0,
    "Loop": true,
    "CurveCount": 171,
    "TotalSegmentCount": 1329,
    "TotalPointCount": 1765,
    "UserDataCount": 1,
    "TotalUserDataSize": 0
  },
  "Curves": [
    {
      "Target": "Parameter",
      "Id": "zhuweibabianxing",
      "Segments": [
        0,
        0,
        0,
        1.567,
        -1,
        0,
        3.633,
        0.629,
        0,
        5.067,
        -1,
        0,
        6,
        0,
        0,
        8.633,
        -1,
        0,
        12.2,
        0.629,
        0,
        14.7,
        -1,
        0,
        16.5,
        0
      ]
    },
    {
      "Target": "Parameter",
      "Id": "zhupigushangxia",
      "Segments": [
        0,
        0,
        0,
        0.733,
        1,
        1,
        0.989,
        1,
        1.244,
        0.681,
        1.5,
        0,
        1,
        1.744,
        -0.652,
        1.989,
        -1,
        2.233,
        -1,
        1,
        2.489,
        -1,
        2.744,
        -0.681,
        3,
        0,
        1,
        3.244,
        0.652,
        3.489,
        1,
        3.733,
        1,
        1,
        3.989,
        1,
        4.244,
        0.681,
        4.5,
        0,
        1,
        4.744,
        -0.652,
        4.989,
        -1,
        5.233,
        -1,
        1,
        5.489,
        -1,
        5.744,
        -0.531,
        6,
        0,
        1,
        6.367,
        0.761,
        6.733,
        1,
        7.1,
        1,
        1,
        7.556,
        1,
        8.011,
        0.691,
        8.467,
        0,
        1,
        8.889,
        -0.64,
        9.311,
        -1,
        9.733,
        -1,
        1,
        10.2,
        -1,
        10.666,
        -0.706,
        11.133,
        0,
        1,
        11.544,
        0.622,
        11.956,
        1,
        12.367,
        1,
        1,
        12.822,
        1,
        13.278,
        0.675,
        13.733,
        0,
        1,
        14.178,
        -0.658,
        14.622,
        -1,
        15.067,
        -1,
        0,
        16.5,
        0
      ]
    },
    {
      "Target": "Parameter",
      "Id": "zhupiguzuoyou",
      "Segments": [
        0,
        -1,
        1,
        0.244,
        -1,
        0.489,
        -0.652,
        0.733,
        0,
        1,
        0.989,
        0.681,
        1.244,
        1,
        1.5,
        1,
        1,
        1.744,
        1,
        1.989,
        0.652,
        2.233,
        0,
        1,
        2.489,
        -0.681,
        2.744,
        -1,
        3,
        -1,
        1,
        3.244,
        -1,
        3.489,
        -0.652,
        3.733,
        0,
        1,
        3.989,
        0.681,
        4.244,
        1,
        4.5,
        1,
        1,
        4.744,
        1,
        4.989,
        0.652,
        5.233,
        0,
        1,
        5.489,
        -0.681,
        5.744,
        -1,
        6,
        -1,
        1,
        6.367,
        -1,
        6.733,
        -0.588,
        7.1,
        0,
        1,
        7.556,
        0.73,
        8.011,
        1,
        8.467,
        1,
        1,
        8.889,
        1,
        9.311,
        0.632,
        9.733,
        0,
        1,
        10.2,
        -0.698,
        10.666,
        -1,
        11.133,
        -1,
        1,
        11.544,
        -1,
        11.956,
        -0.631,
        12.367,
        0,
        1,
        12.822,
        0.699,
        13.278,
        1,
        13.733,
        1,
        1,
        14.178,
        1,
        14.622,
        0.642,
        15.067,
        0,
        1,
        15.545,
        -0.69,
        16.022,
        -1,
        16.5,
        -1
      ]
    },
    {
      "Target": "Parameter",
      "Id": "shubianhua",
      "Segments": [
        0,
        0,
        0,
        1,
        5,
        0,
        2,
        0,
        0,
        3,
        5,
        0,
        4,
        0,
        0,
        5,
        5,
        0,
        6,
        0,
        0,
        7.167,
        5,
        0,
        8.6,
        0,
        0,
        9.967,
        5,
        0,
        11.333,
        0,
        0,
        12.7,
        5,
        0,
        14.1,
        0,
        0,
        15.2,
        5,
        0,
        16.5,
        0
      ]
    },
    {
      "Target": "Parameter",
      "Id": "shumujiaodu",
      "Segments": [
        0,
        0,
        0,
        0.5,
        0.2,
        0,
        1.467,
        -0.4,
        0,
        3.6,
        0.2,
        0,
        5.1,
        -0.056,
        0,
        6,
        0,
        0,
        8.4,
        -0.065,
        0,
        10.033,
        0.074,
        0,
        12.167,
        -0.065,
        0,
        14.033,
        0,
        0,
        15.633,
        -0.11,
        0,
        16.5,
        0
      ]
    },
    {
      "Target": "Parameter",
      "Id": "sz1dyb",
      "Segments": [
        0,
        0,
        0,
        2.5,
        0.707,
        1,
        3.667,
        0.707,
        4.833,
        0.523,
        6,
        0,
        1,
        6.578,
        -0.259,
        7.155,
        -0.5,
        7.733,
        -0.5,
        0,
        10.2,
        0.707,
        0,
        13.267,
        -0.2,
        0,
        16.5,
        0
      ]
    },
    {
      "Target": "Parameter",
      "Id": "sz2dyb",
      "Segments": [
        0,
        0,
        0,
        2.067,
        -0.6,
        0,
        6,
        0,
        0,
        9.433,
        -0.6,
        0,
        14.267,
        0.2,
        0,
        16.5,
        0
      ]
    },
    {
      "Target": "Parameter",
      "Id": "sz3dyb",
      "Segments": [
        0,
        0,
        0,
        2.8,
        -0.5,
        0,
        6,
        0,
        0,
        10.8,
        -0.5,
        0,
        13.633,
        0.2,
        0,
        16.5,
        0
      ]
    },
    {
      "Target": "Parameter",
      "Id": "baozhaguodu",
      "Segments": [
        0,
        0,
        0,
        1.033,
        1.5,
        3,
        1.067,
        0,
        2,
        4.667,
        0,
        0,
        5.5,
        1.5,
        3,
        6,
        0,
        2,
        16.5,
        0
      ]
    },
    {
      "Target": "Parameter",
      "Id": "baimaotmd",
      "Segments": [
        0,
        0,
        2,
        0.233,
        0,
        0,
        0.3,
        1,
        2,
        5.1,
        1,
        0,
        5.133,
        0,
        2,
        6,
        0,
        2,
        16.5,
        0
      ]
    },
    {
      "Target": "Parameter",
      "Id": "baimaoshensuo",
      "Segments": [
        0,
        0,
        0,
        0.367,
        1,
        0,
        0.5,
        -0.8,
        0,
        0.6,
        1,
        0,
        1.033,
        -0.502,
        0,
        1.4,
        1,
        0,
        1.833,
        0,
        2,
        6,
        0,
        2,
        16.5,
        0
      ]
    },
    {
      "Target": "Parameter",
      "Id": "baimaojiya",
      "Segments": [
        0,
        0,
        2,
        1.567,
        0,
        0,
        1.833,
        1,
        2,
        4.9,
        1,
        0,
        6,
        0,
        2,
        16.5,
        0
      ]
    },
    {
      "Target": "Parameter",
      "Id": "maozuoyou",
      "Segments": [
        0,
        0,
        0,
        0.467,
        -0.133,
        0,
        0.833,
        -0.1,
        0,
        1.133,
        -0.105,
        1,
        1.366,
        -0.105,
        1.6,
        -0.042,
        1.833,
        -0.04,
        1,
        2.022,
        -0.039,
        2.211,
        -0.039,
        2.4,
        -0.038,
        1,
        2.644,
        -0.037,
        2.889,
        -0.035,
        3.133,
        -0.031,
        1,
        3.722,
        -0.021,
        4.311,
        -0.002,
        4.9,
        0.015,
        1,
        4.967,
        0.017,
        5.033,
        0.034,
        5.1,
        0.034,
        0,
        6,
        0,
        2,
        16.5,
        0
      ]
    },
    {
      "Target": "Parameter",
      "Id": "maoshangxia",
      "Segments": [
        0,
        0,
        2,
        0.233,
        0,
        0,
        0.467,
        -0.4,
        2,
        1.133,
        -0.4,
        1,
        1.233,
        -0.4,
        1.333,
        -0.417,
        1.433,
        -0.351,
        1,
        1.566,
        -0.263,
        1.7,
        0.2,
        1.833,
        0.2,
        2,
        5.1,
        0.2,
        0,
        6,
        0,
        2,
        16.5,
        0
      ]
    },
    {
      "Target": "Parameter",
      "Id": "maojiaodu",
      "Segments": [
        0,
        0,
        0,
        1.833,
        0.3,
        0,
        3.133,
        0,
        2,
        6,
        0,
        2,
        16.5,
        0
      ]
    },
    {
      "Target": "Parameter",
      "Id": "maoliandai",
      "Segments": [
        0,
        0,
        2,
        0.367,
        0,
        0,
        0.433,
        1,
        0,
        0.567,
        -1,
        0,
        0.667,
        0.833,
        0,
        0.8,
        -0.781,
        0,
        0.9,
        0.505,
        1,
        0.944,
        0.505,
        0.989,
        0.049,
        1.033,
        0,
        1,
        1.255,
        -0.243,
        1.478,
        -0.312,
        1.7,
        -0.312,
        0,
        2.933,
        0.314,
        0,
        4.033,
        -0.154,
        0,
        5.167,
        0.227,
        0,
        6,
        0,
        2,
        16.5,
        0
      ]
    },
    {
      "Target": "Parameter",
      "Id": "maoerduo",
      "Segments": [
        0,
        0,
        0,
        0.6,
        -1,
        0,
        0.767,
        1,
        0,
        0.933,
        -0.776,
        0,
        1.067,
        0.844,
        0,
        1.167,
        -0.615,
        0,
        1.3,
        0.5,
        0,
        1.433,
        0,
        0,
        2.4,
        0.8,
        0,
        3.9,
        -0.7,
        0,
        5.033,
        0.426,
        0,
        6,
        0,
        2,
        16.5,
        0
      ]
    },
    {
      "Target": "Parameter",
      "Id": "maozhayan",
      "Segments": [
        0,
        0,
        2,
        1.6,
        0,
        0,
        1.767,
        1,
        0,
        1.933,
        0,
        0,
        2.067,
        1,
        0,
        2.2,
        0,
        2,
        6,
        0,
        2,
        16.5,
        0
      ]
    },
    {
      "Target": "Parameter",
      "Id": "maogaoguang",
      "Segments": [
        0,
        0,
        2,
        1.3,
        0,
        0,
        2,
        1,
        0,
        2.133,
        0,
        0,
        2.333,
        0.741,
        0,
        2.5,
        0,
        0,
        2.667,
        0.545,
        0,
        2.833,
        0,
        0,
        3.667,
        1,
        0,
        6,
        0,
        2,
        16.5,
        0
      ]
    },
    {
      "Target": "Parameter",
      "Id": "maozui",
      "Segments": [
        0,
        0,
        0,
        1.833,
        -1,
        1,
        1.989,
        -1,
        2.144,
        -0.226,
        2.3,
        0,
        1,
        2.578,
        0.404,
        2.855,
        0.442,
        3.133,
        0.442,
        0,
        4.867,
        -0.2,
        0,
        6,
        0,
        2,
        16.5,
        0
      ]
    },
    {
      "Target": "Parameter",
      "Id": "maozuishetou",
      "Segments": [
        0,
        0,
        2,
        2.1,
        0,
        0,
        2.867,
        1,
        0,
        3.133,
        0.8,
        0,
        3.433,
        0.97,
        0,
        3.7,
        0.829,
        0,
        4.133,
        0.926,
        0,
        5,
        0,
        2,
        6,
        0,
        2,
        16.5,
        0
      ]
    },
    {
      "Target": "Parameter",
      "Id": "maohongyun",
      "Segments": [
        0,
        0,
        2,
        1.467,
        0,
        0,
        2.733,
        1,
        0,
        6,
        0,
        2,
        16.5,
        0
      ]
    },
    {
      "Target": "Parameter",
      "Id": "maozishensuo",
      "Segments": [
        0,
        0,
        2,
        0.233,
        0,
        0,
        0.367,
        1,
        0,
        0.533,
        -1,
        0,
        0.7,
        1,
        0,
        0.867,
        -1,
        0,
        1.067,
        1,
        0,
        1.233,
        -1,
        0,
        1.4,
        1,
        1,
        1.444,
        1,
        1.489,
        0.03,
        1.533,
        0,
        1,
        1.966,
        -0.293,
        2.4,
        -0.4,
        2.833,
        -0.4,
        0,
        5,
        0.2,
        0,
        6,
        0,
        2,
        16.5,
        0
      ]
    },
    {
      "Target": "Parameter",
      "Id": "maoshou",
      "Segments": [
        0,
        -1,
        2,
        1.267,
        -1,
        0,
        1.8,
        1,
        2,
        4.667,
        1,
        1,
        4.811,
        1,
        4.956,
        0.386,
        5.1,
        0,
        1,
        5.4,
        -0.802,
        5.7,
        -1,
        6,
        -1,
        2,
        16.5,
        -1
      ]
    },
    {
      "Target": "Parameter",
      "Id": "maoweibajiaodu",
      "Segments": [
        0,
        0,
        0,
        1,
        -1,
        0,
        2.333,
        0.739,
        0,
        3.7,
        -0.472,
        0,
        5.167,
        0.498,
        0,
        6,
        0,
        2,
        16.5,
        0
      ]
    },
    {
      "Target": "Parameter",
      "Id": "maoweibabianxing",
      "Segments": [
        0,
        0,
        0,
        0.633,
        1,
        0,
        1.567,
        -1,
        0,
        2.867,
        1,
        0,
        4.133,
        -0.432,
        0,
        5.367,
        0.613,
        0,
        6,
        0,
        2,
        16.5,
        0
      ]
    },
    {
      "Target": "Parameter",
      "Id": "maozuojiao",
      "Segments": [
        0,
        0,
        2,
        1.033,
        0,
        0,
        1.433,
        1,
        0,
        1.833,
        -1,
        0,
        2.733,
        0.6,
        0,
        4.067,
        -0.5,
        0,
        6,
        0,
        2,
        16.5,
        0
      ]
    },
    {
      "Target": "Parameter",
      "Id": "maoyoujiao",
      "Segments": [
        0,
        0,
        2,
        1.033,
        0,
        0,
        1.433,
        1,
        0,
        1.833,
        -1,
        0,
        2.733,
        0.6,
        0,
        4.067,
        -0.6,
        0,
        6,
        0,
        2,
        16.5,
        0
      ]
    },
    {
      "Target": "Parameter",
      "Id": "ParamEyeLOpen",
      "Segments": [
        0,
        1,
        2,
        0.333,
        1,
        0,
        0.667,
        0,
        0,
        1.1,
        1,
        2,
        4.2,
        1,
        0,
        4.4,
        0,
        0,
        4.767,
        1,
        2,
        6,
        1,
        0,
        6.167,
        0,
        0,
        6.6,
        1,
        2,
        7.833,
        1,
        0,
        8.833,
        0.7,
        0,
        9.333,
        1,
        0,
        9.6,
        0,
        0,
        10.2,
        1,
        2,
        11.5,
        1,
        0,
        11.9,
        0,
        0,
        12.533,
        1,
        1,
        13.333,
        1,
        14.133,
        0.978,
        14.933,
        0.9,
        1,
        15.078,
        0.886,
        15.222,
        0,
        15.367,
        0,
        2,
        15.8,
        0,
        0,
        16.5,
        1
      ]
    },
    {
      "Target": "Parameter",
      "Id": "ParamEyeLSmile",
      "Segments": [
        0,
        0,
        0,
        1.1,
        -1,
        0,
        6,
        0,
        0,
        6.167,
        -1,
        2,
        9.333,
        -1,
        0,
        10.2,
        0,
        0,
        12.6,
        -1,
        0,
        15.367,
        1,
        0,
        16.5,
        0
      ]
    },
    {
      "Target": "Parameter",
      "Id": "ParamEyeROpen",
      "Segments": [
        0,
        1,
        2,
        0.333,
        1,
        0,
        0.667,
        0,
        0,
        1.1,
        1,
        2,
        4.2,
        1,
        0,
        4.4,
        0,
        0,
        4.767,
        1,
        2,
        6,
        1,
        0,
        6.167,
        0,
        0,
        6.6,
        1,
        2,
        7.833,
        1,
        0,
        8.833,
        0.6,
        0,
        9.333,
        1,
        0,
        9.6,
        0,
        0,
        10.2,
        1,
        2,
        11.5,
        1,
        0,
        11.9,
        0,
        0,
        12.533,
        1,
        1,
        13.333,
        1,
        14.133,
        0.978,
        14.933,
        0.9,
        1,
        15.078,
        0.886,
        15.222,
        0,
        15.367,
        0,
        2,
        15.8,
        0,
        0,
        16.5,
        1
      ]
    },
    {
      "Target": "Parameter",
      "Id": "ParamEyeRSmile",
      "Segments": [
        0,
        0,
        0,
        1.1,
        -1,
        0,
        6,
        0,
        0,
        6.167,
        -1,
        2,
        9.333,
        -1,
        0,
        10.2,
        0,
        0,
        12.6,
        -1,
        0,
        15.367,
        1,
        0,
        16.5,
        0
      ]
    },
    {
      "Target": "Parameter",
      "Id": "gaoguangdonghua",
      "Segments": [
        0,
        0,
        0,
        0.433,
        1,
        0,
        0.9,
        0,
        0,
        1.433,
        1,
        0,
        1.9,
        0,
        0,
        2.467,
        1,
        0,
        3.033,
        0,
        0,
        3.467,
        1,
        0,
        3.933,
        0,
        0,
        4.467,
        1,
        0,
        4.933,
        0,
        0,
        5.5,
        1,
        0,
        6.1,
        0,
        2,
        6.8,
        0,
        0,
        7.067,
        1,
        0,
        7.267,
        0,
        0,
        7.467,
        0.5,
        0,
        7.6,
        0,
        2,
        7.867,
        0,
        0,
        8.067,
        1,
        0,
        8.267,
        0,
        0,
        8.467,
        0.5,
        0,
        8.567,
        0,
        2,
        8.667,
        0,
        0,
        8.867,
        1,
        0,
        9.067,
        0,
        0,
        9.267,
        0.5,
        1,
        9.3,
        0.5,
        9.334,
        0.268,
        9.367,
        0.25,
        1,
        9.7,
        0.068,
        10.034,
        0,
        10.367,
        0,
        0,
        10.633,
        1,
        0,
        10.833,
        0,
        0,
        11.033,
        0.5,
        0,
        11.167,
        0,
        2,
        11.433,
        0,
        0,
        11.633,
        1,
        0,
        11.833,
        0,
        0,
        12.033,
        0.5,
        0,
        12.133,
        0,
        2,
        12.233,
        0,
        0,
        12.433,
        1,
        0,
        12.633,
        0,
        0,
        12.833,
        0.5,
        1,
        12.866,
        0.5,
        12.9,
        0.275,
        12.933,
        0.25,
        1,
        13.178,
        0.064,
        13.422,
        0,
        13.667,
        0,
        0,
        13.933,
        1,
        0,
        14.133,
        0,
        0,
        14.333,
        0.5,
        0,
        14.467,
        0,
        2,
        14.733,
        0,
        0,
        14.933,
        1,
        0,
        15.133,
        0,
        0,
        15.333,
        0.5,
        0,
        15.433,
        0,
        2,
        15.533,
        0,
        0,
        15.733,
        1,
        0,
        15.933,
        0,
        0,
        16.133,
        0.5,
        1,
        16.166,
        0.5,
        16.2,
        0.325,
        16.233,
        0.25,
        1,
        16.322,
        0.049,
        16.411,
        0,
        16.5,
        0
      ]
    },
    {
      "Target": "Parameter",
      "Id": "tongkongdaxiao",
      "Segments": [
        0,
        0,
        2,
        6,
        0,
        2,
        9.6,
        0,
        0,
        10.1,
        -0.6,
        0,
        10.767,
        0.5,
        0,
        11.233,
        0,
        0,
        11.9,
        1,
        0,
        12.533,
        -0.5,
        0,
        13.033,
        0.3,
        0,
        13.5,
        0,
        0,
        14.6,
        0.8,
        0,
        15.333,
        -0.2,
        0,
        16.5,
        0
      ]
    },
    {
      "Target": "Parameter",
      "Id": "ParamBrowLY",
      "Segments": [
        0,
        0,
        0,
        1.1,
        -0.52,
        2,
        4.333,
        -0.52,
        0,
        4.767,
        0,
        2,
        6,
        0,
        0,
        6.167,
        -0.6,
        1,
        6.356,
        -0.6,
        6.544,
        -0.565,
        6.733,
        -0.52,
        1,
        7.1,
        -0.433,
        7.466,
        -0.4,
        7.833,
        -0.4,
        0,
        8.8,
        -0.7,
        0,
        9.333,
        -0.4,
        0,
        9.667,
        -0.6,
        0,
        10.233,
        0,
        2,
        11.5,
        0,
        0,
        11.9,
        -0.5,
        0,
        12.533,
        0,
        2,
        14.067,
        0,
        0,
        14.567,
        -0.3,
        0,
        15.333,
        0,
        2,
        16.5,
        0
      ]
    },
    {
      "Target": "Parameter",
      "Id": "ParamBrowRY",
      "Segments": [
        0,
        0,
        0,
        1.1,
        -0.412,
        2,
        4.333,
        -0.412,
        0,
        4.767,
        0,
        2,
        6,
        0,
        0,
        6.167,
        -0.6,
        1,
        6.356,
        -0.6,
        6.544,
        -0.418,
        6.733,
        -0.412,
        1,
        7.1,
        -0.4,
        7.466,
        -0.4,
        7.833,
        -0.4,
        0,
        8.8,
        -0.7,
        0,
        9.333,
        -0.412,
        0,
        9.667,
        -0.6,
        0,
        10.233,
        0,
        2,
        11.5,
        0,
        0,
        11.9,
        -0.5,
        0,
        12.533,
        0,
        2,
        14.067,
        0,
        0,
        14.567,
        -0.3,
        0,
        15.333,
        0,
        2,
        16.5,
        0
      ]
    },
    {
      "Target": "Parameter",
      "Id": "ParamBrowLX",
      "Segments": [
        0,
        0,
        0,
        1.1,
        -0.91,
        2,
        4.333,
        -0.91,
        0,
        6,
        0,
        0,
        6.733,
        -0.91,
        1,
        7.6,
        -0.91,
        8.466,
        -0.835,
        9.333,
        -0.5,
        1,
        9.633,
        -0.384,
        9.933,
        0,
        10.233,
        0,
        2,
        16.5,
        0
      ]
    },
    {
      "Target": "Parameter",
      "Id": "ParamBrowRX",
      "Segments": [
        0,
        0,
        0,
        1.1,
        0.6,
        2,
        4.333,
        0.6,
        0,
        6,
        0,
        0,
        6.733,
        0.6,
        2,
        9.333,
        0.6,
        0,
        10.233,
        0,
        2,
        16.5,
        0
      ]
    },
    {
      "Target": "Parameter",
      "Id": "ParamBrowLAngle",
      "Segments": [
        0,
        0,
        0,
        1.1,
        0.282,
        2,
        4.333,
        0.282,
        0,
        6,
        0,
        0,
        6.733,
        0.282,
        1,
        7.6,
        0.282,
        8.466,
        0.272,
        9.333,
        0.21,
        1,
        9.633,
        0.189,
        9.933,
        0,
        10.233,
        0,
        2,
        16.5,
        0
      ]
    },
    {
      "Target": "Parameter",
      "Id": "ParamBrowRAngle",
      "Segments": [
        0,
        0,
        0,
        1.1,
        0.378,
        2,
        4.333,
        0.378,
        0,
        6,
        0,
        0,
        6.733,
        0.378,
        2,
        9.333,
        0.378,
        0,
        10.233,
        0,
        2,
        16.5,
        0
      ]
    },
    {
      "Target": "Parameter",
      "Id": "ParamBrowLForm",
      "Segments": [
        0,
        0,
        0,
        1.1,
        -0.3,
        2,
        4.333,
        -0.3,
        0,
        4.767,
        0,
        2,
        6,
        0,
        0,
        6.733,
        -0.3,
        2,
        9.333,
        -0.3,
        0,
        10.233,
        0,
        2,
        16.5,
        0
      ]
    },
    {
      "Target": "Parameter",
      "Id": "ParamBrowRForm",
      "Segments": [
        0,
        0,
        0,
        1.1,
        -0.3,
        2,
        4.333,
        -0.3,
        0,
        4.767,
        0,
        2,
        6,
        0,
        0,
        6.733,
        -0.3,
        2,
        9.333,
        -0.3,
        0,
        10.233,
        0,
        2,
        16.5,
        0
      ]
    },
    {
      "Target": "Parameter",
      "Id": "ParamEyeBallX",
      "Segments": [
        0,
        0,
        2,
        6,
        0,
        0,
        6.733,
        0.9,
        1,
        7.589,
        0.9,
        8.444,
        0.715,
        9.3,
        0,
        1,
        9.867,
        -0.474,
        10.433,
        -1,
        11,
        -1,
        1,
        11.333,
        -1,
        11.667,
        -0.975,
        12,
        -0.8,
        1,
        12.122,
        -0.736,
        12.245,
        0.463,
        12.367,
        0.489,
        1,
        12.922,
        0.605,
        13.478,
        0.633,
        14.033,
        0.633,
        0,
        14.633,
        0,
        2,
        16.5,
        0
      ]
    },
    {
      "Target": "Parameter",
      "Id": "ParamEyeBallY",
      "Segments": [
        0,
        0,
        2,
        6,
        0,
        0,
        6.733,
        0.5,
        0,
        9.3,
        0,
        2,
        11,
        0,
        2,
        12,
        0,
        0,
        12.367,
        -0.1,
        0,
        14.033,
        0,
        2,
        14.633,
        0,
        2,
        16.5,
        0
      ]
    },
    {
      "Target": "Parameter",
      "Id": "liuhaigaoguang",
      "Segments": [
        0,
        0,
        0,
        1.9,
        -1,
        0,
        4.4,
        0.217,
        1,
        4.933,
        0.217,
        5.467,
        0.242,
        6,
        0,
        1,
        6.822,
        -0.374,
        7.645,
        -1,
        8.467,
        -1,
        0,
        11.733,
        0.592,
        0,
        13.833,
        -1,
        0,
        15.233,
        0.986,
        0,
        16.5,
        0
      ]
    },
    {
      "Target": "Parameter",
      "Id": "ParamMouthForm",
      "Segments": [
        0,
        0,
        0,
        0.3,
        1,
        0,
        0.533,
        -1,
        2,
        4.033,
        -1,
        0,
        4.733,
        0,
        2,
        6,
        0,
        0,
        6.167,
        -1,
        2,
        9.333,
        -1,
        0,
        11.067,
        0,
        0,
        14.033,
        -0.3,
        0,
        16.5,
        0
      ]
    },
    {
      "Target": "Parameter",
      "Id": "ParamCheek",
      "Segments": [
        0,
        0,
        2,
        6,
        0,
        0,
        9.267,
        0.433,
        1,
        10,
        0.433,
        10.734,
        0.352,
        11.467,
        0.15,
        1,
        11.767,
        0.067,
        12.067,
        0,
        12.367,
        0,
        2,
        16.5,
        0
      ]
    },
    {
      "Target": "Parameter",
      "Id": "zuoxiaotuixuanzhuan",
      "Segments": [
        0,
        0,
        2,
        4.6,
        0,
        0,
        5.4,
        -0.021,
        0,
        6,
        0,
        2,
        13.9,
        0,
        0,
        15.333,
        -0.021,
        0,
        16.5,
        0
      ]
    },
    {
      "Target": "Parameter",
      "Id": "zuoxiaotuishensuo",
      "Segments": [
        0,
        0,
        0,
        0.333,
        -1,
        1,
        0.489,
        -1,
        0.644,
        -0.242,
        0.8,
        0.3,
        1,
        0.978,
        0.919,
        1.155,
        1,
        1.333,
        1,
        1,
        1.644,
        1,
        1.956,
        0.912,
        2.267,
        0.315,
        1,
        2.478,
        -0.09,
        2.689,
        -0.795,
        2.9,
        -0.795,
        1,
        3.078,
        -0.795,
        3.255,
        -0.787,
        3.433,
        -0.454,
        1,
        3.633,
        -0.079,
        3.833,
        0.5,
        4.033,
        0.5,
        1,
        4.244,
        0.5,
        4.456,
        0.473,
        4.667,
        0.3,
        1,
        4.945,
        0.073,
        5.222,
        -0.14,
        5.5,
        -0.14,
        0,
        6,
        0,
        0,
        6.633,
        -1,
        1,
        6.878,
        -1,
        7.122,
        -0.16,
        7.367,
        0.3,
        1,
        7.7,
        0.927,
        8.034,
        1,
        8.367,
        1,
        1,
        8.9,
        1,
        9.434,
        0.913,
        9.967,
        0.315,
        1,
        10.311,
        -0.071,
        10.656,
        -0.795,
        11,
        -0.795,
        1,
        11.311,
        -0.795,
        11.622,
        -0.787,
        11.933,
        -0.454,
        1,
        12.278,
        -0.085,
        12.622,
        0.5,
        12.967,
        0.5,
        1,
        13.322,
        0.5,
        13.678,
        0.472,
        14.033,
        0.3,
        1,
        14.511,
        0.069,
        14.989,
        -0.14,
        15.467,
        -0.14,
        0,
        16.5,
        0
      ]
    },
    {
      "Target": "Parameter",
      "Id": "zuobaijiao",
      "Segments": [
        0,
        -0.7,
        0,
        0.7,
        -1,
        1,
        0.833,
        -1,
        0.967,
        -1.054,
        1.1,
        -0.7,
        1,
        1.356,
        -0.022,
        1.611,
        1,
        1.867,
        1,
        1,
        2,
        1,
        2.134,
        0.275,
        2.267,
        0,
        1,
        2.656,
        -0.801,
        3.044,
        -1,
        3.433,
        -1,
        1,
        3.844,
        -1,
        4.256,
        -0.984,
        4.667,
        -0.869,
        1,
        4.911,
        -0.801,
        5.156,
        -0.65,
        5.4,
        -0.65,
        1,
        5.6,
        -0.65,
        5.8,
        -0.64,
        6,
        -0.7,
        1,
        6.4,
        -0.82,
        6.8,
        -1,
        7.2,
        -1,
        1,
        7.456,
        -1,
        7.711,
        -1.058,
        7.967,
        -0.7,
        1,
        8.4,
        -0.094,
        8.834,
        1,
        9.267,
        1,
        1,
        9.5,
        1,
        9.734,
        0.286,
        9.967,
        0,
        1,
        10.622,
        -0.802,
        11.278,
        -1,
        11.933,
        -1,
        1,
        12.633,
        -1,
        13.333,
        -0.984,
        14.033,
        -0.869,
        1,
        14.466,
        -0.798,
        14.9,
        -0.65,
        15.333,
        -0.65,
        0,
        16.5,
        -0.7
      ]
    },
    {
      "Target": "Parameter",
      "Id": "youxiaotuixuanzhuan",
      "Segments": [
        0,
        0,
        0,
        0.367,
        -0.078,
        0,
        1.967,
        0.026,
        0,
        3.3,
        -0.04,
        1,
        3.733,
        -0.04,
        4.167,
        -0.025,
        4.6,
        0,
        1,
        4.867,
        0.015,
        5.133,
        0.02,
        5.4,
        0.02,
        1,
        5.6,
        0.02,
        5.8,
        0.022,
        6,
        0,
        1,
        6.233,
        -0.025,
        6.467,
        -0.078,
        6.7,
        -0.078,
        0,
        9.467,
        0.026,
        0,
        11.7,
        -0.04,
        1,
        12.433,
        -0.04,
        13.167,
        -0.024,
        13.9,
        0,
        1,
        14.378,
        0.016,
        14.855,
        0.02,
        15.333,
        0.02,
        0,
        16.5,
        0
      ]
    },
    {
      "Target": "Parameter",
      "Id": "youxiaotuishensuo",
      "Segments": [
        0,
        0,
        0,
        0.6,
        -1,
        1,
        0.756,
        -1,
        0.911,
        -0.213,
        1.067,
        0.3,
        1,
        1.256,
        0.923,
        1.444,
        1,
        1.633,
        1,
        1,
        1.933,
        1,
        2.233,
        0.946,
        2.533,
        0.4,
        1,
        2.744,
        0.016,
        2.956,
        -0.795,
        3.167,
        -0.795,
        1,
        3.356,
        -0.795,
        3.544,
        -0.798,
        3.733,
        -0.454,
        1,
        3.944,
        -0.069,
        4.156,
        0.613,
        4.367,
        0.613,
        1,
        4.545,
        0.613,
        4.722,
        0.62,
        4.9,
        0.443,
        1,
        5.1,
        0.243,
        5.3,
        -0.165,
        5.5,
        -0.165,
        0,
        6,
        0,
        0,
        7.133,
        -1,
        1,
        7.378,
        -1,
        7.622,
        -0.175,
        7.867,
        0.3,
        1,
        8.189,
        0.926,
        8.511,
        1,
        8.833,
        1,
        1,
        9.366,
        1,
        9.9,
        0.945,
        10.433,
        0.4,
        1,
        10.789,
        0.037,
        11.144,
        -0.795,
        11.5,
        -0.795,
        1,
        11.8,
        -0.795,
        12.1,
        -0.797,
        12.4,
        -0.454,
        1,
        12.756,
        -0.047,
        13.111,
        0.613,
        13.467,
        0.613,
        1,
        13.778,
        0.613,
        14.089,
        0.62,
        14.4,
        0.443,
        1,
        14.756,
        0.239,
        15.111,
        -0.165,
        15.467,
        -0.165,
        0,
        16.5,
        0
      ]
    },
    {
      "Target": "Parameter",
      "Id": "youbaijiao",
      "Segments": [
        0,
        -0.7,
        0,
        0.967,
        -1,
        1,
        1.111,
        -1,
        1.256,
        -1.07,
        1.4,
        -0.8,
        1,
        1.633,
        -0.364,
        1.867,
        1,
        2.1,
        1,
        1,
        2.244,
        1,
        2.389,
        0.29,
        2.533,
        0,
        1,
        2.933,
        -0.802,
        3.333,
        -1,
        3.733,
        -1,
        1,
        4.044,
        -1,
        4.356,
        -0.979,
        4.667,
        -0.857,
        1,
        4.911,
        -0.761,
        5.156,
        -0.636,
        5.4,
        -0.636,
        1,
        5.6,
        -0.636,
        5.8,
        -0.64,
        6,
        -0.7,
        1,
        6.567,
        -0.871,
        7.133,
        -1,
        7.7,
        -1,
        1,
        7.933,
        -1,
        8.167,
        -1.073,
        8.4,
        -0.8,
        1,
        8.8,
        -0.332,
        9.2,
        1,
        9.6,
        1,
        1,
        9.878,
        1,
        10.155,
        0.341,
        10.433,
        0,
        1,
        11.089,
        -0.805,
        11.744,
        -1,
        12.4,
        -1,
        1,
        12.944,
        -1,
        13.489,
        -0.978,
        14.033,
        -0.857,
        1,
        14.466,
        -0.76,
        14.9,
        -0.636,
        15.333,
        -0.636,
        0,
        16.5,
        -0.7
      ]
    },
    {
      "Target": "Parameter",
      "Id": "zuobixuanzhuan",
      "Segments": [
        0,
        0,
        0,
        0.3,
        1,
        0,
        0.9,
        0.4,
        0,
        1.467,
        0.8,
        0,
        1.967,
        0,
        2,
        4.667,
        0,
        2,
        6,
        0,
        0,
        6.7,
        -0.026,
        0,
        7.933,
        0.049,
        0,
        10.233,
        0,
        2,
        16.5,
        0
      ]
    },
    {
      "Target": "Parameter",
      "Id": "zuoxiabixuanzhuan",
      "Segments": [
        0,
        0,
        0,
        0.533,
        0.6,
        1,
        0.633,
        0.6,
        0.733,
        0.024,
        0.833,
        0,
        1,
        1.166,
        -0.079,
        1.5,
        -0.092,
        1.833,
        -0.092,
        0,
        3.367,
        -0.052,
        0,
        4.667,
        -0.092,
        0,
        6,
        0,
        0,
        6.9,
        -0.036,
        0,
        8.833,
        0.106,
        0,
        9.8,
        -0.058,
        0,
        10.233,
        0,
        2,
        16.5,
        0
      ]
    },
    {
      "Target": "Parameter",
      "Id": "zuoxiabishensuo",
      "Segments": [
        0,
        0,
        2,
        0.9,
        0,
        0,
        1.833,
        -1,
        2,
        4.667,
        -1,
        0,
        6,
        0,
        2,
        16.5,
        0
      ]
    },
    {
      "Target": "Parameter",
      "Id": "zuoshouxuanzhuan",
      "Segments": [
        0,
        0,
        0,
        0.233,
        -0.2,
        0,
        0.9,
        1,
        2,
        1.467,
        1,
        0,
        1.833,
        0,
        2,
        4.667,
        0,
        2,
        6,
        0,
        2,
        6.7,
        0,
        0,
        9.3,
        0.5,
        0,
        9.767,
        -0.4,
        0,
        10.233,
        0,
        2,
        16.5,
        0
      ]
    },
    {
      "Target": "Parameter",
      "Id": "zuozishousuo",
      "Segments": [
        0,
        0,
        0,
        0.1,
        -1,
        0,
        0.433,
        1,
        0,
        1.067,
        -0.804,
        0,
        1.6,
        1,
        1,
        1.744,
        1,
        1.889,
        0.19,
        2.033,
        0,
        1,
        2.255,
        -0.293,
        2.478,
        -0.3,
        2.7,
        -0.3,
        0,
        3.833,
        0.2,
        0,
        4.967,
        -0.1,
        1,
        5.311,
        -0.1,
        5.656,
        -0.087,
        6,
        0,
        1,
        6.111,
        0.028,
        6.222,
        1,
        6.333,
        1,
        2,
        6.9,
        1,
        2,
        9.267,
        1,
        0,
        10.233,
        0,
        2,
        16.5,
        0
      ]
    },
    {
      "Target": "Parameter",
      "Id": "zuoshoufanzhuan",
      "Segments": [
        0,
        0,
        2,
        6,
        0,
        2,
        6.333,
        0,
        0,
        6.9,
        1,
        2,
        9.433,
        1,
        0,
        9.8,
        0,
        2,
        16.5,
        0
      ]
    },
    {
      "Target": "Parameter",
      "Id": "youbixuanzhuan",
      "Segments": [
        0,
        0,
        0,
        0.3,
        -1,
        0,
        0.9,
        -0.5,
        0,
        1.467,
        -0.9,
        0,
        1.967,
        0,
        2,
        4.667,
        0,
        2,
        6,
        0,
        0,
        6.9,
        -0.5,
        1,
        7.544,
        -0.5,
        8.189,
        -0.393,
        8.833,
        -0.2,
        1,
        9.3,
        -0.06,
        9.766,
        0,
        10.233,
        0,
        2,
        16.5,
        0
      ]
    },
    {
      "Target": "Parameter",
      "Id": "youbijiya",
      "Segments": [
        0,
        0,
        0,
        1.467,
        1,
        0,
        1.967,
        -1,
        2,
        4.667,
        -1,
        0,
        6,
        0,
        2,
        16.5,
        0
      ]
    },
    {
      "Target": "Parameter",
      "Id": "youxiabixuanzhuan",
      "Segments": [
        0,
        0,
        0,
        0.533,
        -1,
        1,
        0.633,
        -1,
        0.733,
        -0.038,
        0.833,
        0,
        1,
        1.166,
        0.128,
        1.5,
        0.15,
        1.833,
        0.15,
        1,
        2.344,
        0.15,
        2.856,
        0.093,
        3.367,
        0.088,
        1,
        3.8,
        0.084,
        4.234,
        0.086,
        4.667,
        0.082,
        1,
        5.111,
        0.078,
        5.556,
        0,
        6,
        0,
        1,
        6.3,
        0,
        6.6,
        0.747,
        6.9,
        0.794,
        1,
        7.544,
        0.895,
        8.189,
        0.9,
        8.833,
        0.9,
        0,
        10.233,
        0,
        2,
        16.5,
        0
      ]
    },
    {
      "Target": "Parameter",
      "Id": "youxiabishensuo",
      "Segments": [
        0,
        0,
        2,
        0.9,
        0,
        0,
        1.833,
        -1,
        2,
        4.667,
        -1,
        0,
        6,
        0,
        0,
        6.333,
        -1,
        0,
        6.9,
        -0.215,
        1,
        7.544,
        -0.215,
        8.189,
        -0.264,
        8.833,
        -0.5,
        1,
        9.033,
        -0.573,
        9.233,
        -1,
        9.433,
        -1,
        0,
        10.233,
        0,
        2,
        16.5,
        0
      ]
    },
    {
      "Target": "Parameter",
      "Id": "youshouxuanzhuan",
      "Segments": [
        0,
        0,
        0,
        0.9,
        -0.8,
        0,
        1.833,
        0,
        2,
        5.6,
        0,
        0,
        6.4,
        1,
        2,
        6.633,
        1,
        0,
        7.5,
        0.215,
        0,
        8.833,
        0.4,
        0,
        10.233,
        0,
        2,
        16.5,
        0
      ]
    },
    {
      "Target": "Parameter",
      "Id": "shangzimianx",
      "Segments": [
        0,
        0,
        2,
        1.5,
        0,
        0,
        2.833,
        2.16,
        0,
        4.667,
        -0.3,
        0,
        6,
        0,
        2,
        10.233,
        0,
        2,
        16.5,
        0
      ]
    },
    {
      "Target": "Parameter",
      "Id": "youshoufanzhuan",
      "Segments": [
        0,
        0,
        0,
        0.467,
        0.9,
        1,
        0.922,
        0.9,
        1.378,
        0.395,
        1.833,
        0,
        1,
        2.178,
        -0.299,
        2.522,
        -0.309,
        2.867,
        -0.309,
        0,
        4.667,
        0,
        2,
        6,
        0,
        1,
        6.356,
        0,
        6.711,
        0.733,
        7.067,
        1,
        1,
        7.645,
        1.434,
        8.222,
        1.475,
        8.8,
        1.475,
        0,
        10.233,
        0,
        2,
        16.5,
        0
      ]
    },
    {
      "Target": "Parameter",
      "Id": "paotaijiaodu",
      "Segments": [
        0,
        0,
        0,
        0.867,
        0.612,
        0,
        1.967,
        -0.305,
        0,
        3.533,
        0.358,
        0,
        5.233,
        -0.151,
        1,
        5.489,
        -0.151,
        5.744,
        -0.187,
        6,
        0,
        1,
        6.367,
        0.269,
        6.733,
        1,
        7.1,
        1,
        0,
        8.533,
        -0.8,
        0,
        10.567,
        0.5,
        0,
        12.767,
        -0.5,
        0,
        14.8,
        0.3,
        0,
        16.5,
        0
      ]
    },
    {
      "Target": "Parameter",
      "Id": "paoguangxuanzhuang",
      "Segments": [
        0,
        0,
        0,
        0.533,
        -0.255,
        0,
        1.4,
        0.336,
        2,
        2.3,
        0.336,
        0,
        3.833,
        -0.451,
        0,
        5.633,
        0.092,
        1,
        5.755,
        0.092,
        5.878,
        0.108,
        6,
        0,
        1,
        6.211,
        -0.187,
        6.422,
        -0.5,
        6.633,
        -0.5,
        0,
        7.8,
        1,
        2,
        8.967,
        1,
        0,
        10.967,
        -1,
        0,
        13.3,
        0.38,
        0,
        15.5,
        -0.255,
        0,
        16.5,
        0
      ]
    },
    {
      "Target": "Parameter",
      "Id": "paotaixuanzhuang",
      "Segments": [
        0,
        0,
        0,
        1.5,
        0.565,
        0,
        3.2,
        -0.563,
        0,
        4.767,
        0.2,
        0,
        6,
        0,
        0,
        8.533,
        1,
        0,
        10.133,
        -0.3,
        0,
        12.2,
        0.2,
        0,
        16.5,
        0
      ]
    },
    {
      "Target": "Parameter",
      "Id": "yuleijiaodu1",
      "Segments": [
        0,
        0,
        0,
        1,
        -0.3,
        0,
        2.867,
        0.873,
        1,
        3.911,
        0.873,
        4.956,
        0.554,
        6,
        0,
        1,
        6.422,
        -0.224,
        6.845,
        -0.3,
        7.267,
        -0.3,
        0,
        9.7,
        0.873,
        0,
        15.167,
        -0.217,
        0,
        16.5,
        0
      ]
    },
    {
      "Target": "Parameter",
      "Id": "yuleijiaodu2",
      "Segments": [
        0,
        0,
        0,
        1.133,
        -0.3,
        0,
        3,
        0.873,
        1,
        4,
        0.873,
        5,
        0.517,
        6,
        0,
        1,
        6.478,
        -0.247,
        6.955,
        -0.3,
        7.433,
        -0.3,
        0,
        9.867,
        0.873,
        0,
        15.2,
        -0.217,
        0,
        16.5,
        0
      ]
    },
    {
      "Target": "Parameter",
      "Id": "yuleijiaodu3",
      "Segments": [
        0,
        0,
        0,
        1.267,
        -0.3,
        0,
        3.133,
        0.873,
        1,
        4.089,
        0.873,
        5.044,
        0.476,
        6,
        0,
        1,
        6.533,
        -0.266,
        7.067,
        -0.3,
        7.6,
        -0.3,
        0,
        10.033,
        0.873,
        0,
        15.267,
        -0.217,
        0,
        16.5,
        0
      ]
    },
    {
      "Target": "Parameter",
      "Id": "yuleijiaodu4",
      "Segments": [
        0,
        0,
        0,
        1.4,
        -0.3,
        0,
        3.267,
        0.873,
        1,
        4.178,
        0.873,
        5.089,
        0.427,
        6,
        0,
        1,
        6.6,
        -0.281,
        7.2,
        -0.3,
        7.8,
        -0.3,
        0,
        10.2,
        0.873,
        0,
        15.367,
        -0.217,
        0,
        16.5,
        0
      ]
    },
    {
      "Target": "Parameter",
      "Id": "yuleijiaodu5",
      "Segments": [
        0,
        0,
        0,
        1.533,
        -0.3,
        0,
        3.4,
        0.873,
        1,
        4.267,
        0.873,
        5.133,
        0.384,
        6,
        0,
        1,
        6.656,
        -0.29,
        7.311,
        -0.3,
        7.967,
        -0.3,
        0,
        10.4,
        0.873,
        0,
        15.467,
        -0.217,
        0,
        16.5,
        0
      ]
    },
    {
      "Target": "Parameter",
      "Id": "jianzhuanjiaodu",
      "Segments": [
        0,
        0,
        2,
        0.767,
        0,
        0,
        1.533,
        -0.047,
        0,
        3.267,
        0.061,
        0,
        4.733,
        -0.031,
        0,
        5.967,
        0.005,
        0,
        6,
        0,
        2,
        14.4,
        0,
        0,
        15.233,
        0.053,
        0,
        16.3,
        -0.015,
        0,
        16.5,
        0
      ]
    },
    {
      "Target": "Parameter",
      "Id": "jianzhuanshangxia",
      "Segments": [
        0,
        0,
        2,
        6,
        0,
        0,
        8.233,
        0.142,
        0,
        13.067,
        -0.115,
        0,
        16.5,
        0
      ]
    },
    {
      "Target": "Parameter",
      "Id": "jianzhuangqumian",
      "Segments": [
        0,
        0,
        2,
        6,
        0,
        0,
        7.733,
        1,
        0,
        10.867,
        -0.261,
        0,
        13.667,
        0.3,
        0,
        16.5,
        0
      ]
    },
    {
      "Target": "Parameter",
      "Id": "shoudongwuli",
      "Segments": [
        0,
        0,
        0,
        0.5,
        1,
        2,
        15.8,
        1,
        0,
        16.5,
        0
      ]
    },
    {
      "Target": "Parameter",
      "Id": "mwzy",
      "Segments": [
        0,
        0,
        2,
        0.467,
        0,
        0,
        1.533,
        1,
        0,
        2.7,
        0,
        0,
        3.767,
        1,
        0,
        5.067,
        0,
        2,
        6,
        0,
        2,
        6.467,
        0,
        0,
        7.533,
        1,
        0,
        8.7,
        0,
        0,
        9.767,
        1,
        0,
        11.067,
        0,
        2,
        12,
        0,
        2,
        12.467,
        0,
        0,
        13.533,
        1,
        0,
        14.7,
        0,
        2,
        16.5,
        0
      ]
    },
    {
      "Target": "Parameter",
      "Id": "mwbx",
      "Segments": [
        0,
        0,
        0,
        0.933,
        -1,
        0,
        2,
        1,
        0,
        3.3,
        -1,
        0,
        4.233,
        1,
        0,
        5.3,
        -1,
        0,
        6,
        1,
        0,
        6.933,
        -1,
        0,
        8,
        1,
        0,
        9.3,
        -1,
        0,
        10.233,
        1,
        0,
        11.3,
        -1,
        0,
        12,
        1,
        0,
        12.933,
        -1,
        0,
        14,
        1,
        0,
        15.3,
        -1,
        0,
        16.5,
        0
      ]
    },
    {
      "Target": "Parameter",
      "Id": "youtuoxietuer",
      "Segments": [
        0,
        0,
        0,
        0.567,
        -0.628,
        0,
        1.4,
        0.472,
        0,
        1.967,
        -0.528,
        0,
        2.567,
        0.472,
        0,
        3.267,
        -0.628,
        0,
        3.867,
        0.472,
        0,
        4.633,
        -0.528,
        0,
        5.467,
        0.472,
        1,
        5.645,
        0.472,
        5.822,
        0.317,
        6,
        0,
        1,
        6.233,
        -0.416,
        6.467,
        -0.628,
        6.7,
        -0.628,
        0,
        7.8,
        0.472,
        0,
        8.533,
        -0.528,
        0,
        9.3,
        0.472,
        0,
        10.2,
        -0.628,
        0,
        11,
        0.472,
        0,
        12,
        -0.528,
        0,
        13.067,
        0.472,
        0,
        14.167,
        -0.528,
        0,
        15.367,
        0.6,
        0,
        16.5,
        0
      ]
    },
    {
      "Target": "Parameter",
      "Id": "zuotuoxietuer",
      "Segments": [
        0,
        0,
        0,
        0.567,
        -0.528,
        0,
        1.4,
        0.372,
        0,
        1.967,
        -0.428,
        0,
        2.567,
        0.472,
        0,
        3.267,
        -0.528,
        0,
        3.867,
        0.472,
        0,
        4.633,
        -0.728,
        0,
        5.467,
        0.572,
        1,
        5.645,
        0.572,
        5.822,
        0.308,
        6,
        0,
        1,
        6.233,
        -0.404,
        6.467,
        -0.528,
        6.7,
        -0.528,
        0,
        7.8,
        0.372,
        0,
        8.533,
        -0.428,
        0,
        9.3,
        0.472,
        0,
        10.2,
        -0.528,
        0,
        11,
        0.472,
        0,
        12,
        -0.728,
        0,
        13.067,
        0.572,
        0,
        14.167,
        -0.728,
        0,
        15.367,
        0.5,
        0,
        16.5,
        0
      ]
    },
    {
      "Target": "Parameter",
      "Id": "sdztryb",
      "Segments": [
        0,
        0,
        0,
        1.167,
        0.4,
        0,
        2.3,
        -1,
        0,
        3.233,
        0.198,
        0,
        3.867,
        -0.571,
        0,
        4.633,
        0.8,
        0,
        5.2,
        -0.5,
        0,
        6,
        0,
        0,
        7.8,
        -0.8,
        0,
        8.9,
        0.303,
        0,
        11,
        -0.26,
        1,
        11.289,
        -0.26,
        11.578,
        -0.194,
        11.867,
        0,
        1,
        12.622,
        0.509,
        13.378,
        0.8,
        14.133,
        0.8,
        0,
        14.933,
        -1,
        0,
        16.5,
        0
      ]
    },
    {
      "Target": "Parameter",
      "Id": "sdzebx",
      "Segments": [
        0,
        0,
        0,
        0.567,
        -0.787,
        0,
        1.433,
        0.6,
        1,
        1.622,
        0.6,
        1.811,
        0.626,
        2,
        0.4,
        1,
        2.189,
        0.174,
        2.378,
        -0.7,
        2.567,
        -0.7,
        0,
        3.5,
        -0.005,
        0,
        4.367,
        -0.766,
        0,
        5.167,
        0.632,
        0,
        5.667,
        -0.2,
        1,
        5.778,
        -0.2,
        5.889,
        -0.141,
        6,
        0,
        1,
        6.389,
        0.495,
        6.778,
        0.756,
        7.167,
        0.756,
        0,
        8.3,
        -0.787,
        0,
        9.433,
        0.23,
        0,
        10.567,
        -0.437,
        0,
        11.867,
        -0.005,
        0,
        13.8,
        -0.766,
        0,
        14.533,
        0.778,
        0,
        15.433,
        -0.766,
        0,
        15.8,
        0,
        2,
        16.5,
        0
      ]
    },
    {
      "Target": "Parameter",
      "Id": "sdyeyb",
      "Segments": [
        0,
        0,
        0,
        1.167,
        0.5,
        0,
        2.3,
        -1,
        0,
        3.167,
        0.238,
        0,
        4.033,
        -0.4,
        0,
        4.733,
        0.7,
        0,
        5.2,
        -0.5,
        0,
        6,
        0,
        0,
        7.7,
        -0.8,
        0,
        8.9,
        0.5,
        0,
        10.9,
        -0.4,
        0,
        14.267,
        0.7,
        0,
        14.933,
        -0.8,
        0,
        16.5,
        0
      ]
    },
    {
      "Target": "Parameter",
      "Id": "sdyebx",
      "Segments": [
        0,
        0,
        0,
        0.567,
        -0.5,
        0,
        1.433,
        0.5,
        1,
        1.622,
        0.5,
        1.811,
        0.525,
        2,
        0.4,
        1,
        2.2,
        0.267,
        2.4,
        -0.8,
        2.6,
        -0.8,
        0,
        3.5,
        0,
        0,
        4.3,
        -0.5,
        0,
        5.167,
        0.632,
        0,
        5.667,
        -0.1,
        1,
        5.778,
        -0.1,
        5.889,
        -0.089,
        6,
        0,
        1,
        6.378,
        0.301,
        6.755,
        0.5,
        7.133,
        0.5,
        0,
        8.3,
        -0.5,
        0,
        9.433,
        0.1,
        0,
        10.6,
        -0.4,
        0,
        11.9,
        0,
        0,
        13.7,
        -0.5,
        0,
        14.533,
        0.6,
        0,
        15.367,
        -0.5,
        0,
        15.8,
        0,
        2,
        16.5,
        0
      ]
    },
    {
      "Target": "Parameter",
      "Id": "sdjzjd",
      "Segments": [
        0,
        0,
        0,
        1.067,
        0.3,
        0,
        2.833,
        -0.3,
        0,
        4.7,
        0.2,
        0,
        6,
        0,
        0,
        7.333,
        0.3,
        0,
        9.667,
        -0.3,
        0,
        12.1,
        0.2,
        0,
        16.5,
        0
      ]
    },
    {
      "Target": "Parameter",
      "Id": "zuotueryaobai",
      "Segments": [
        0,
        0,
        2,
        0.333,
        0,
        0,
        1.533,
        0.176,
        0,
        3.267,
        -0.229,
        0,
        4.767,
        0.111,
        0,
        5.967,
        -0.009,
        0,
        6,
        0,
        2,
        7.167,
        0,
        0,
        7.833,
        -0.062,
        0,
        8,
        -0.061,
        0,
        9.467,
        -0.101,
        0,
        14.033,
        0.045,
        0,
        15,
        -0.195,
        0,
        16.067,
        0,
        2,
        16.5,
        0
      ]
    },
    {
      "Target": "Parameter",
      "Id": "ztebx",
      "Segments": [
        0,
        0,
        2,
        0.333,
        0,
        0,
        1.533,
        0.47,
        0,
        3.267,
        -0.611,
        0,
        4.767,
        0.295,
        0,
        5.967,
        -0.024,
        0,
        6,
        0,
        2,
        7.167,
        0,
        0,
        7.833,
        -0.165,
        0,
        8,
        -0.162,
        0,
        9.467,
        -0.269,
        0,
        14.033,
        0.12,
        0,
        15,
        -0.519,
        0,
        16.067,
        0,
        2,
        16.5,
        0
      ]
    },
    {
      "Target": "Parameter",
      "Id": "youtueryaobai",
      "Segments": [
        0,
        0,
        2,
        0.333,
        0,
        0,
        1.533,
        0.176,
        0,
        3.267,
        -0.229,
        0,
        4.767,
        0.111,
        0,
        5.967,
        -0.009,
        0,
        6,
        0,
        2,
        7.167,
        0,
        0,
        7.833,
        -0.062,
        0,
        8,
        -0.061,
        0,
        9.467,
        -0.101,
        0,
        14.033,
        0.045,
        0,
        15,
        -0.195,
        0,
        16.067,
        0,
        2,
        16.5,
        0
      ]
    },
    {
      "Target": "Parameter",
      "Id": "ytebx",
      "Segments": [
        0,
        0,
        2,
        0.333,
        0,
        0,
        1.533,
        0.47,
        0,
        3.267,
        -0.611,
        0,
        4.767,
        0.295,
        0,
        5.967,
        -0.024,
        0,
        6,
        0,
        2,
        7.167,
        0,
        0,
        7.833,
        -0.165,
        0,
        8,
        -0.162,
        0,
        9.467,
        -0.269,
        0,
        14.033,
        0.12,
        0,
        15,
        -0.519,
        0,
        16.067,
        0,
        2,
        16.5,
        0
      ]
    },
    {
      "Target": "Parameter",
      "Id": "ParamHairFront",
      "Segments": [
        0,
        0,
        2,
        0.333,
        0,
        0,
        1.533,
        0.294,
        0,
        3.267,
        -0.382,
        0,
        4.767,
        0.184,
        0,
        5.967,
        -0.015,
        0,
        6,
        0,
        2,
        7.167,
        0,
        0,
        7.833,
        -0.103,
        0,
        8,
        -0.101,
        0,
        9.467,
        -0.168,
        0,
        14.033,
        0.075,
        0,
        15,
        -0.325,
        0,
        16.067,
        0,
        2,
        16.5,
        0
      ]
    },
    {
      "Target": "Parameter",
      "Id": "qianfashensuo",
      "Segments": [
        0,
        0,
        2,
        0.333,
        0,
        0,
        1.533,
        0.176,
        0,
        3.267,
        -0.229,
        0,
        4.767,
        0.111,
        0,
        5.967,
        -0.009,
        0,
        6,
        0,
        2,
        7.167,
        0,
        0,
        7.833,
        -0.062,
        0,
        8,
        -0.061,
        0,
        9.467,
        -0.101,
        0,
        14.033,
        0.045,
        0,
        15,
        -0.195,
        0,
        16.067,
        0,
        2,
        16.5,
        0
      ]
    },
    {
      "Target": "Parameter",
      "Id": "ParamHairSide",
      "Segments": [
        0,
        0,
        2,
        0.233,
        0,
        0,
        1.567,
        0.564,
        0,
        3.3,
        -0.735,
        0,
        4.767,
        0.342,
        0,
        5.9,
        0,
        2,
        6,
        0,
        2,
        6.767,
        0,
        0,
        9.433,
        -0.334,
        0,
        14.033,
        0.147,
        0,
        15.133,
        -0.578,
        0,
        16.5,
        0
      ]
    },
    {
      "Target": "Parameter",
      "Id": "ParamHairBack",
      "Segments": [
        0,
        0,
        2,
        0.233,
        0,
        0,
        1.567,
        0.451,
        0,
        3.3,
        -0.588,
        0,
        4.767,
        0.274,
        0,
        5.9,
        0,
        2,
        6,
        0,
        2,
        6.767,
        0,
        0,
        9.433,
        -0.267,
        0,
        14.033,
        0.117,
        0,
        15.133,
        -0.462,
        0,
        16.5,
        0
      ]
    },
    {
      "Target": "Parameter",
      "Id": "lingdangyaobai",
      "Segments": [
        0,
        0,
        2,
        0.333,
        0,
        0,
        1.567,
        0.28,
        0,
        3.3,
        -0.364,
        0,
        4.8,
        0.167,
        0,
        5.833,
        0,
        2,
        6,
        0,
        2,
        7.1,
        0,
        0,
        7.333,
        -0.056,
        2,
        7.433,
        -0.056,
        0,
        9.467,
        -0.166,
        0,
        12.4,
        0,
        2,
        12.967,
        0,
        0,
        13.233,
        0.053,
        0,
        13.367,
        0.051,
        0,
        14.033,
        0.073,
        0,
        15.133,
        -0.281,
        0,
        16.233,
        0,
        2,
        16.5,
        0
      ]
    },
    {
      "Target": "Parameter",
      "Id": "zuoshuxiujiaodu",
      "Segments": [
        0,
        0,
        0,
        1.267,
        -0.589,
        0,
        2.6,
        0.564,
        0,
        3.9,
        -0.486,
        0,
        5.3,
        0.373,
        1,
        5.533,
        0.373,
        5.767,
        0.19,
        6,
        0,
        1,
        6.533,
        -0.433,
        7.067,
        -0.589,
        7.6,
        -0.589,
        0,
        9.333,
        0.564,
        0,
        11.067,
        -0.486,
        0,
        12.867,
        0.373,
        0,
        15.067,
        -0.369,
        0,
        16.5,
        0
      ]
    },
    {
      "Target": "Parameter",
      "Id": "zuoshuxiuyaobai",
      "Segments": [
        0,
        0,
        0,
        0.7,
        0.484,
        0,
        2,
        -0.541,
        0,
        3.467,
        0.394,
        0,
        5.067,
        -0.427,
        1,
        5.378,
        -0.427,
        5.689,
        -0.312,
        6,
        0,
        1,
        6.289,
        0.29,
        6.578,
        0.484,
        6.867,
        0.484,
        0,
        8.6,
        -0.541,
        0,
        10.467,
        0.394,
        0,
        12.6,
        -0.427,
        0,
        14.767,
        0.308,
        0,
        16.5,
        0
      ]
    },
    {
      "Target": "Parameter",
      "Id": "youshuxiujiaodu",
      "Segments": [
        0,
        0,
        0,
        1.167,
        -0.622,
        0,
        2.5,
        0.671,
        0,
        3.8,
        -0.622,
        0,
        5.167,
        0.671,
        1,
        5.445,
        0.671,
        5.722,
        0.279,
        6,
        0,
        1,
        6.5,
        -0.502,
        7,
        -0.622,
        7.5,
        -0.622,
        0,
        9.267,
        0.671,
        0,
        10.9,
        -0.622,
        0,
        12.7,
        0.671,
        0,
        14.067,
        -0.622,
        0,
        16.5,
        0
      ]
    },
    {
      "Target": "Parameter",
      "Id": "youshuxiudaiyaobai",
      "Segments": [
        0,
        0,
        0,
        0.6,
        0.698,
        0,
        1.8,
        -0.606,
        0,
        3.133,
        0.698,
        0,
        4.533,
        -0.606,
        1,
        5.022,
        -0.606,
        5.511,
        -0.498,
        6,
        0,
        1,
        6.244,
        0.249,
        6.489,
        0.698,
        6.733,
        0.698,
        0,
        8.3,
        -0.606,
        0,
        10.033,
        0.698,
        0,
        11.9,
        -0.606,
        0,
        13.733,
        0.698,
        0,
        15.067,
        -0.5,
        0,
        16.5,
        0
      ]
    },
    {
      "Target": "Parameter",
      "Id": "zldbx",
      "Segments": [
        0,
        0,
        0,
        1,
        -0.5,
        0,
        2.967,
        0.5,
        0,
        4.8,
        -0.4,
        0,
        6,
        0,
        0,
        7.267,
        -0.5,
        0,
        9.8,
        0.5,
        0,
        12.233,
        -0.4,
        0,
        14.733,
        1,
        0,
        16.5,
        0
      ]
    },
    {
      "Target": "Parameter",
      "Id": "yldbx",
      "Segments": [
        0,
        0,
        0,
        0.5,
        -0.5,
        0,
        2.467,
        0.5,
        0,
        4.333,
        -0.5,
        0,
        6,
        0,
        0,
        6.6,
        -0.5,
        0,
        9.167,
        0.5,
        0,
        11.633,
        -0.5,
        0,
        13.8,
        1,
        0,
        16.5,
        0
      ]
    },
    {
      "Target": "Parameter",
      "Id": "youopdaibianxing",
      "Segments": [
        0,
        0,
        0,
        0.967,
        1,
        0,
        2.233,
        -1,
        0,
        4.2,
        0.772,
        0,
        5.6,
        -0.6,
        1,
        5.733,
        -0.6,
        5.867,
        -0.25,
        6,
        0,
        1,
        6.4,
        0.75,
        6.8,
        1,
        7.2,
        1,
        0,
        8.9,
        -1,
        0,
        11.467,
        0.772,
        0,
        13.267,
        -0.6,
        0,
        15.167,
        0.457,
        0,
        16.5,
        0
      ]
    },
    {
      "Target": "Parameter",
      "Id": "zxdyb",
      "Segments": [
        0,
        0,
        0,
        1.233,
        -1,
        0,
        2.9,
        1,
        0,
        4.7,
        -1,
        0,
        6,
        0,
        0,
        7.567,
        -1,
        0,
        9.733,
        1,
        0,
        12.1,
        -1,
        0,
        14.8,
        1,
        0,
        16.5,
        0
      ]
    },
    {
      "Target": "Parameter",
      "Id": "youxiongdaijiaodu",
      "Segments": [
        0,
        0,
        0,
        0.933,
        -1,
        0,
        2.033,
        1,
        0,
        3.1,
        -1,
        0,
        4.267,
        0.818,
        0,
        5.633,
        -0.728,
        0,
        6,
        0,
        0,
        7.167,
        -1,
        0,
        8.633,
        1,
        0,
        10,
        -1,
        0,
        11.533,
        0.818,
        0,
        13.3,
        -0.728,
        0,
        14.933,
        0.625,
        0,
        16.5,
        0
      ]
    },
    {
      "Target": "Parameter",
      "Id": "yxdyb",
      "Segments": [
        0,
        0,
        0,
        0.467,
        0.7,
        0,
        1.467,
        -0.6,
        0,
        2.567,
        0.5,
        0,
        3.733,
        -0.5,
        0,
        4.967,
        0.404,
        0,
        6,
        0,
        0,
        6.533,
        0.7,
        0,
        7.867,
        -0.6,
        0,
        9.3,
        0.5,
        0,
        10.833,
        -0.5,
        0,
        12.433,
        0.404,
        0,
        14.167,
        -0.45,
        0,
        15.833,
        0.334,
        0,
        16.5,
        0
      ]
    },
    {
      "Target": "Parameter",
      "Id": "ParamAngleX",
      "Segments": [
        0,
        0,
        2,
        6,
        0,
        0,
        6.667,
        -2.38,
        0,
        7.633,
        0,
        2,
        12.367,
        0,
        2,
        16.5,
        0
      ]
    },
    {
      "Target": "Parameter",
      "Id": "ParamAngleY",
      "Segments": [
        0,
        0,
        0,
        0.267,
        -30,
        0,
        0.733,
        30,
        0,
        1.6,
        -30,
        0,
        3.3,
        0,
        0,
        4.8,
        -30,
        0,
        7.5,
        7.782,
        0,
        8.2,
        -30,
        2,
        9.9,
        -30,
        0,
        11,
        0,
        0,
        12.367,
        -30,
        0,
        13.433,
        0,
        2,
        15.133,
        0,
        2,
        16.5,
        0
      ]
    },
    {
      "Target": "Parameter",
      "Id": "shouZ",
      "Segments": [
        0,
        0,
        0,
        1.567,
        17,
        0,
        3.267,
        -18,
        0,
        4.733,
        11,
        0,
        6,
        0,
        2,
        6.167,
        0,
        0,
        8.3,
        8,
        0,
        10.633,
        -2.108,
        1,
        11.166,
        -2.108,
        11.7,
        2.769,
        12.233,
        4.401,
        1,
        12.789,
        6.101,
        13.344,
        6,
        13.9,
        6,
        0,
        15.067,
        -15,
        1,
        15.189,
        -15,
        15.311,
        -14.504,
        15.433,
        -12,
        1,
        15.789,
        -4.714,
        16.144,
        0,
        16.5,
        0
      ]
    },
    {
      "Target": "Parameter",
      "Id": "ParamBodyAngleY",
      "Segments": [
        0,
        0,
        0,
        0.5,
        -10,
        0,
        1.3,
        0,
        2,
        6,
        0,
        2,
        16.5,
        0
      ]
    },
    {
      "Target": "Parameter",
      "Id": "ParamBodyAngleXX",
      "Segments": [
        0,
        0,
        2,
        1.533,
        0,
        0,
        2.733,
        -0.4,
        0,
        4.333,
        0.5,
        0,
        6,
        0,
        2,
        11.533,
        0,
        0,
        12.767,
        0.5,
        0,
        14.9,
        -0.3,
        0,
        16.5,
        0
      ]
    },
    {
      "Target": "Parameter",
      "Id": "ParamBodyAngleZ",
      "Segments": [
        0,
        0,
        0,
        3.733,
        -1.394,
        0,
        6,
        0,
        0,
        12.367,
        -1.394,
        0,
        16.5,
        0
      ]
    },
    {
      "Target": "Parameter",
      "Id": "jblsbx",
      "Segments": [
        0,
        0.5,
        2,
        6,
        0.5,
        0,
        6.9,
        0,
        2,
        8.233,
        0,
        0,
        10.333,
        0.5,
        2,
        16.5,
        0.5
      ]
    },
    {
      "Target": "Parameter",
      "Id": "slszy",
      "Segments": [
        0,
        -1.24,
        2,
        6,
        -1.24,
        0,
        6.4,
        0.124,
        1,
        6.567,
        0.124,
        6.733,
        -0.041,
        6.9,
        -0.1,
        1,
        7.244,
        -0.222,
        7.589,
        -0.306,
        7.933,
        -0.383,
        1,
        8.378,
        -0.482,
        8.822,
        -0.506,
        9.267,
        -0.643,
        1,
        9.622,
        -0.753,
        9.978,
        -1.24,
        10.333,
        -1.24,
        2,
        16.5,
        -1.24
      ]
    },
    {
      "Target": "Parameter",
      "Id": "szlssx",
      "Segments": [
        0,
        0,
        2,
        6,
        0,
        1,
        6.133,
        0,
        6.267,
        0.845,
        6.4,
        0.936,
        1,
        6.567,
        1.05,
        6.733,
        1.14,
        6.9,
        1.14,
        1,
        7.244,
        1.14,
        7.589,
        1.14,
        7.933,
        1.141,
        1,
        8.378,
        1.142,
        8.822,
        1.21,
        9.267,
        1.273,
        1,
        9.467,
        1.301,
        9.667,
        2,
        9.867,
        2,
        0,
        10.333,
        0,
        2,
        16.5,
        0
      ]
    },
    {
      "Target": "Parameter",
      "Id": "slsjd",
      "Segments": [
        0,
        0,
        2,
        6,
        0,
        0,
        6.167,
        -0.225,
        0,
        6.4,
        0.321,
        0,
        6.9,
        -0.6,
        0,
        10.333,
        0,
        2,
        16.5,
        0
      ]
    },
    {
      "Target": "Parameter",
      "Id": "szlsbx",
      "Segments": [
        0,
        0,
        2,
        6,
        0,
        0,
        6.4,
        -1,
        0,
        6.6,
        0.708,
        0,
        7.1,
        -0.726,
        0,
        7.7,
        0.5,
        0,
        8.4,
        -0.8,
        0,
        9.433,
        1,
        1,
        9.733,
        1,
        10.033,
        0.703,
        10.333,
        0,
        1,
        10.6,
        -0.625,
        10.866,
        -1,
        11.133,
        -1,
        0,
        12.333,
        0.4,
        0,
        13.633,
        -0.4,
        0,
        15,
        0.2,
        0,
        16.5,
        0
      ]
    },
    {
      "Target": "Parameter",
      "Id": "szlstc",
      "Segments": [
        0,
        0,
        2,
        6,
        0,
        0,
        6.167,
        1,
        2,
        6.9,
        1,
        2,
        9.867,
        1,
        0,
        10.333,
        0,
        2,
        16.5,
        0
      ]
    },
    {
      "Target": "Parameter",
      "Id": "ParamBreath",
      "Segments": [
        0,
        0,
        0,
        1,
        1,
        0,
        3,
        0,
        0,
        4,
        1,
        0,
        6,
        0,
        0,
        7.567,
        1,
        0,
        11.133,
        0,
        0,
        12.867,
        1,
        0,
        16.5,
        0
      ]
    },
    {
      "Target": "Parameter",
      "Id": "yifuzuoyou",
      "Segments": [
        0,
        0,
        0,
        1.167,
        1,
        0,
        2.7,
        -1,
        0,
        4.3,
        1,
        0,
        5.533,
        -1,
        1,
        5.689,
        -1,
        5.844,
        -0.226,
        6,
        0,
        1,
        6.544,
        0.792,
        7.089,
        1,
        7.633,
        1,
        0,
        9.867,
        -1,
        0,
        12.433,
        1,
        0,
        14.833,
        -1,
        0,
        16.5,
        0
      ]
    },
    {
      "Target": "Parameter",
      "Id": "yifubianxing",
      "Segments": [
        0,
        0,
        0,
        0.6,
        -30,
        0,
        1.833,
        30,
        0,
        3.367,
        -30,
        0,
        5.033,
        27.761,
        1,
        5.355,
        27.761,
        5.678,
        20.379,
        6,
        0,
        1,
        6.278,
        -17.568,
        6.555,
        -30,
        6.833,
        -30,
        0,
        8.667,
        30,
        0,
        10.867,
        -30,
        0,
        13.6,
        30,
        0,
        15.867,
        -30,
        0,
        16.5,
        0
      ]
    },
    {
      "Target": "Parameter",
      "Id": "muyudaxiao",
      "Segments": [
        0,
        0,
        0,
        16.5,
        0
      ]
    },
    {
      "Target": "Parameter",
      "Id": "muyuqiehuan",
      "Segments": [
        0,
        0,
        0,
        16.5,
        0
      ]
    },
    {
      "Target": "Parameter",
      "Id": "gaoguangtoumingdu",
      "Segments": [
        0,
        0,
        0,
        16.5,
        0
      ]
    },
    {
      "Target": "Parameter",
      "Id": "heihuatmd",
      "Segments": [
        0,
        0,
        0,
        16.5,
        0
      ]
    },
    {
      "Target": "Parameter",
      "Id": "ParamMouthOpenY",
      "Segments": [
        0,
        0,
        0,
        16.5,
        0
      ]
    },
    {
      "Target": "Parameter",
      "Id": "yunbianxing",
      "Segments": [
        0,
        -1,
        0,
        16.5,
        -1
      ]
    },
    {
      "Target": "Parameter",
      "Id": "expyun1",
      "Segments": [
        0,
        0,
        0,
        16.5,
        0
      ]
    },
    {
      "Target": "Parameter",
      "Id": "yunjiaodu",
      "Segments": [
        0,
        0,
        0,
        16.5,
        0
      ]
    },
    {
      "Target": "Parameter",
      "Id": "shuijiaozzz",
      "Segments": [
        0,
        0,
        0,
        16.5,
        0
      ]
    },
    {
      "Target": "Parameter",
      "Id": "shuijiaozzztmd",
      "Segments": [
        0,
        0,
        0,
        16.5,
        0
      ]
    },
    {
      "Target": "Parameter",
      "Id": "shuijiaoyidong",
      "Segments": [
        0,
        0,
        0,
        16.5,
        0
      ]
    },
    {
      "Target": "Parameter",
      "Id": "dingjjj",
      "Segments": [
        0,
        0,
        0,
        16.5,
        0
      ]
    },
    {
      "Target": "Parameter",
      "Id": "youshoutui",
      "Segments": [
        0,
        0,
        0,
        16.5,
        0
      ]
    },
    {
      "Target": "Parameter",
      "Id": "youtuiqiehuan",
      "Segments": [
        0,
        1,
        0,
        16.5,
        1
      ]
    },
    {
      "Target": "Parameter",
      "Id": "zuoshoutui",
      "Segments": [
        0,
        0,
        0,
        16.5,
        0
      ]
    },
    {
      "Target": "Parameter",
      "Id": "zuotuiqiehuan",
      "Segments": [
        0,
        1,
        0,
        16.5,
        1
      ]
    },
    {
      "Target": "Parameter",
      "Id": "zuotuixuanzhuan",
      "Segments": [
        0,
        0,
        0,
        16.5,
        0
      ]
    },
    {
      "Target": "Parameter",
      "Id": "zuotuizuoyou",
      "Segments": [
        0,
        0,
        0,
        16.5,
        0
      ]
    },
    {
      "Target": "Parameter",
      "Id": "zuotuishangxia",
      "Segments": [
        0,
        0,
        0,
        16.5,
        0
      ]
    },
    {
      "Target": "Parameter",
      "Id": "zuotuidaxiao",
      "Segments": [
        0,
        0,
        0,
        16.5,
        0
      ]
    },
    {
      "Target": "Parameter",
      "Id": "youtuixuanzhuan",
      "Segments": [
        0,
        0,
        0,
        16.5,
        0
      ]
    },
    {
      "Target": "Parameter",
      "Id": "youtuizuoyou",
      "Segments": [
        0,
        0,
        0,
        16.5,
        0
      ]
    },
    {
      "Target": "Parameter",
      "Id": "youtuishangxia",
      "Segments": [
        0,
        0,
        0,
        16.5,
        0
      ]
    },
    {
      "Target": "Parameter",
      "Id": "youtuidaxiao",
      "Segments": [
        0,
        0,
        0,
        16.5,
        0
      ]
    },
    {
      "Target": "Parameter",
      "Id": "zuojiaoxuanzhuan",
      "Segments": [
        0,
        0,
        0,
        16.5,
        0
      ]
    },
    {
      "Target": "Parameter",
      "Id": "youjiaoxuanzhuan",
      "Segments": [
        0,
        0,
        0,
        16.5,
        0
      ]
    },
    {
      "Target": "Parameter",
      "Id": "zuobishensuo",
      "Segments": [
        0,
        0,
        0,
        16.5,
        0
      ]
    },
    {
      "Target": "Parameter",
      "Id": "xingfengtmd",
      "Segments": [
        0,
        0,
        0,
        16.5,
        0
      ]
    },
    {
      "Target": "Parameter",
      "Id": "xingfengjiaodu",
      "Segments": [
        0,
        0,
        0,
        16.5,
        0
      ]
    },
    {
      "Target": "Parameter",
      "Id": "youbishensuo",
      "Segments": [
        0,
        0,
        0,
        16.5,
        0
      ]
    },
    {
      "Target": "Parameter",
      "Id": "yssztmd",
      "Segments": [
        0,
        0,
        0,
        16.5,
        0
      ]
    },
    {
      "Target": "Parameter",
      "Id": "yousizi",
      "Segments": [
        0,
        -1,
        0,
        16.5,
        -1
      ]
    },
    {
      "Target": "Parameter",
      "Id": "paotaichanrao",
      "Segments": [
        0,
        4,
        0,
        16.5,
        4
      ]
    },
    {
      "Target": "Parameter",
      "Id": "paodishenchu",
      "Segments": [
        0,
        1,
        0,
        16.5,
        1
      ]
    },
    {
      "Target": "Parameter",
      "Id": "yuleichangrao",
      "Segments": [
        0,
        6,
        0,
        16.5,
        6
      ]
    },
    {
      "Target": "Parameter",
      "Id": "paotaishensuo",
      "Segments": [
        0,
        0,
        0,
        16.5,
        0
      ]
    },
    {
      "Target": "Parameter",
      "Id": "yuleiweiyi1",
      "Segments": [
        0,
        0,
        0,
        16.5,
        0
      ]
    },
    {
      "Target": "Parameter",
      "Id": "yuleiweiyi2",
      "Segments": [
        0,
        0,
        0,
        16.5,
        0
      ]
    },
    {
      "Target": "Parameter",
      "Id": "yuleiweiyi3",
      "Segments": [
        0,
        0,
        0,
        16.5,
        0
      ]
    },
    {
      "Target": "Parameter",
      "Id": "yuleiweiyi5",
      "Segments": [
        0,
        0,
        0,
        16.5,
        0
      ]
    },
    {
      "Target": "Parameter",
      "Id": "yuleiweiyi4",
      "Segments": [
        0,
        0,
        0,
        16.5,
        0
      ]
    },
    {
      "Target": "Parameter",
      "Id": "liuhaiyaobai",
      "Segments": [
        0,
        0,
        0,
        16.5,
        0
      ]
    },
    {
      "Target": "Parameter",
      "Id": "zuocefatuceng",
      "Segments": [
        0,
        0,
        0,
        16.5,
        0
      ]
    },
    {
      "Target": "Parameter",
      "Id": "yifuxingtai",
      "Segments": [
        0,
        0,
        0,
        16.5,
        0
      ]
    },
    {
      "Target": "Parameter",
      "Id": "yifuyaobai",
      "Segments": [
        0,
        0,
        0,
        16.5,
        0
      ]
    },
    {
      "Target": "Parameter",
      "Id": "xiashujiaodu",
      "Segments": [
        0,
        0,
        0,
        16.5,
        0
      ]
    },
    {
      "Target": "Parameter",
      "Id": "shentishangxia",
      "Segments": [
        0,
        0,
        0,
        16.5,
        0
      ]
    },
    {
      "Target": "Parameter",
      "Id": "shentidaxiao",
      "Segments": [
        0,
        0,
        0,
        16.5,
        0
      ]
    },
    {
      "Target": "Parameter",
      "Id": "shangshenshangxia",
      "Segments": [
        0,
        0,
        0,
        16.5,
        0
      ]
    },
    {
      "Target": "Parameter",
      "Id": "shangshenjiaodu",
      "Segments": [
        0,
        0,
        0,
        16.5,
        0
      ]
    }
  ],
  "UserData": [
    {
      "Time": 16.0,
      "Value": ""
    }
  ]
}